timestamp,run_id,epoch,episode,total_episode_count,state_encoder_version,voxel_channels,has_global_vector,global_feature_count,total_actions,invalid_actions,invalid_pct,blocks_placed,acc_step_reward,final_eval_reward,total_reward,epsilon,stop_reason,max_floor,placed_floor_distribution,rejected_total,rejected_no_support,rejected_collision,rejected_bad_socket,rejected_out_of_bounds,pruned_types,dead_tiles,dead_rotations,rejected_rot_aim,rejected_proximity,encoder_time_ms,global_encoder_time_ms,global_has_nan,global_has_infinity,global_feat_cnt,global_feat_mean,global_feat_max,global_feat_nonzero
2026-05-05 23:14:00,run_1778011901552,1,1,52,v3,16,true,32,14,0,0.0,13,7.0700,-11.4361,-4.3661,0.98108,AGENT_STOP,0,F0:13,672,0,0,0,0,0,0,0,0,672,20,0,false,false,32,0.2714,1.0000,16
2026-05-05 23:14:01,run_1778011901552,1,2,53,v3,16,true,32,14,0,0.0,13,7.3700,-10.2868,-2.9168,0.98096,AGENT_STOP,0,F0:13,595,0,0,0,0,0,0,0,0,595,20,0,false,false,32,0.2842,1.0000,16
2026-05-05 23:14:01,run_1778011901552,1,3,54,v3,16,true,32,12,0,0.0,11,5.2800,-7.4994,-2.2194,0.98084,MASK_EMPTY,0,F0:11,300,0,0,0,0,0,1,0,0,299,12,0,false,false,32,0.2739,1.0000,16
2026-05-05 23:14:01,run_1778011901552,1,4,55,v3,16,true,32,9,0,0.0,8,3.7720,-8.9146,-5.1426,0.98072,MASK_EMPTY,1,F0:7|F1:1,487,0,0,0,0,0,1,0,0,486,7,0,false,false,32,0.2966,1.0000,19
2026-05-05 23:14:02,run_1778011901552,1,5,56,v3,16,true,32,12,0,0.0,11,4.9700,-14.9745,-10.0045,0.98060,AGENT_STOP,0,F0:11,5896,0,0,0,0,0,1,0,0,5895,7,0,false,false,32,0.2109,1.0000,14
2026-05-05 23:14:02,run_1778011901552,1,6,57,v3,16,true,32,8,0,0.0,7,3.5600,-7.4163,-3.8563,0.98048,AGENT_STOP,0,F0:7,3266,0,0,0,0,0,6,0,0,3260,5,0,false,false,32,0.2654,1.0000,15
2026-05-05 23:14:03,run_1778011901552,1,7,58,v3,16,true,32,23,0,0.0,22,16.4140,-10.5279,5.8861,0.98035,AGENT_STOP,1,F0:20|F1:2,10609,0,0,0,0,0,17,0,0,10592,18,0,false,false,32,0.3130,1.0000,18
2026-05-05 23:14:05,run_1778011901552,1,8,59,v3,16,true,32,22,0,0.0,22,14.1468,-13.9384,0.2084,0.98023,MASK_EMPTY,1,F0:16|F1:6,10708,0,0,0,0,0,7,0,0,10701,12,0,false,false,32,0.3051,1.0000,19
2026-05-05 23:14:07,run_1778011901552,1,9,60,v3,16,true,32,31,0,0.0,30,27.5176,-11.7164,15.8012,0.98011,AGENT_STOP,2,F0:16|F1:11|F2:3,13757,0,0,0,0,0,13,0,0,13744,41,0,false,false,32,0.3048,1.0000,18
2026-05-05 23:14:07,run_1778011901552,1,10,61,v3,16,true,32,7,0,0.0,6,2.9640,-6.3370,-3.3730,0.97999,AGENT_STOP,1,F0:4|F1:2,2995,0,0,0,0,0,2,0,0,2993,6,0,false,false,32,0.2434,1.0000,16
2026-05-05 23:14:08,run_1778011901552,1,11,62,v3,16,true,32,19,0,0.0,18,11.6420,-12.5361,-0.8941,0.97987,AGENT_STOP,1,F0:17|F1:1,8279,0,0,0,0,0,8,0,0,8271,17,0,false,false,32,0.2978,1.0000,18
2026-05-05 23:14:09,run_1778011901552,1,12,63,v3,16,true,32,19,0,0.0,19,12.1028,-11.7640,0.3388,0.97975,AGENT_STOP,1,F0:16|F1:3,8675,0,0,0,0,0,3,0,0,8672,18,0,false,false,32,0.3080,1.0000,19
2026-05-05 23:14:10,run_1778011901552,1,13,64,v3,16,true,32,8,0,0.0,7,2.5900,-16.3458,-13.7558,0.97962,AGENT_STOP,0,F0:7,3447,0,0,0,0,0,1,0,0,3446,5,0,false,false,32,0.2093,1.0000,14
2026-05-05 23:14:10,run_1778011901552,1,14,65,v3,16,true,32,11,0,0.0,10,5.6000,-9.3114,-3.7114,0.97950,AGENT_STOP,0,F0:10,5127,0,0,0,0,0,1,0,0,5126,7,0,false,false,32,0.2908,1.0000,16
2026-05-05 23:14:12,run_1778011901552,1,15,66,v3,16,true,32,21,0,0.0,20,12.2020,-17.5054,-5.3034,0.97938,AGENT_STOP,1,F0:19|F1:1,9787,0,0,0,0,0,5,0,0,9782,13,0,false,false,32,0.3113,1.0000,19
2026-05-05 23:14:14,run_1778011901552,1,16,67,v3,16,true,32,34,0,0.0,35,29.4492,-16.8162,12.6330,0.97926,AGENT_STOP,1,F0:26|F1:9,17442,0,0,0,0,0,7,0,0,17435,35,0,false,false,32,0.3193,1.0000,19
2026-05-05 23:14:14,run_1778011901552,1,17,68,v3,16,true,32,6,0,0.0,5,2.0400,-10.1516,-8.1116,0.97914,AGENT_STOP,0,F0:5,3748,0,0,0,0,0,1,0,0,3747,2,0,false,false,32,0.1992,1.0000,13
2026-05-05 23:14:15,run_1778011901552,1,18,69,v3,16,true,32,17,0,0.0,16,10.1388,-11.1133,-0.9745,0.97902,AGENT_STOP,1,F0:12|F1:4,9695,0,0,0,0,0,0,0,0,9695,14,0,false,false,32,0.3017,1.0000,19
2026-05-05 23:14:16,run_1778011901552,1,19,70,v3,16,true,32,12,0,0.0,11,6.0440,-10.0399,-3.9959,0.97890,AGENT_STOP,1,F0:9|F1:2,5238,0,0,0,0,0,3,0,0,5235,10,0,false,false,32,0.3089,1.0000,18
2026-05-05 23:14:16,run_1778011901552,1,20,71,v3,16,true,32,11,0,0.0,10,5.1100,-10.3194,-5.2094,0.97877,AGENT_STOP,0,F0:10,5735,0,0,0,0,0,1,0,0,5734,5,0,false,false,32,0.2283,1.0000,13
2026-05-05 23:14:17,run_1778011901552,1,21,72,v3,16,true,32,9,0,0.0,8,3.8400,-9.7398,-5.8998,0.97865,AGENT_STOP,0,F0:8,5169,0,0,0,0,0,2,0,0,5167,6,0,false,false,32,0.2695,1.0000,16
2026-05-05 23:14:17,run_1778011901552,1,22,73,v3,16,true,32,6,0,0.0,5,2.1820,-10.1516,-7.9696,0.97853,AGENT_STOP,1,F0:4|F1:1,3668,0,0,0,0,0,0,0,0,3668,3,0,false,false,32,0.2365,1.0000,17
2026-05-05 23:14:18,run_1778011901552,1,23,74,v3,16,true,32,14,0,0.0,13,6.4540,-20.7590,-14.3050,0.97841,AGENT_STOP,1,F0:11|F1:2,6753,0,0,0,0,0,4,0,0,6749,9,0,false,false,32,0.3050,1.0000,19
2026-05-05 23:14:19,run_1778011901552,1,24,75,v3,16,true,32,6,0,0.0,5,1.9300,-10.1516,-8.2216,0.97829,AGENT_STOP,0,F0:5,3554,0,0,0,0,0,1,0,0,3553,5,0,false,false,32,0.2803,1.0000,16
2026-05-05 23:14:20,run_1778011901552,1,25,76,v3,16,true,32,19,0,0.0,18,10.8020,-19.0293,-8.2273,0.97817,AGENT_STOP,1,F0:17|F1:1,8760,0,0,0,0,0,2,0,0,8758,19,0,false,false,32,0.3097,1.0000,19
2026-05-05 23:14:21,run_1778011901552,1,26,77,v3,16,true,32,22,0,0.0,21,13.6220,-18.2332,-4.6112,0.97805,AGENT_STOP,1,F0:20|F1:1,10389,0,0,0,0,0,1,0,0,10388,13,0,false,false,32,0.3089,1.0000,19
2026-05-05 23:14:21,run_1778011901552,1,27,78,v3,16,true,32,6,0,0.0,5,2.4400,-10.1516,-7.7116,0.97792,AGENT_STOP,0,F0:5,3602,0,0,0,0,0,0,0,0,3602,4,0,false,false,32,0.2989,1.0000,16
2026-05-05 23:14:22,run_1778011901552,1,28,79,v3,16,true,32,15,0,0.0,16,8.1640,-20.3176,-12.1536,0.97780,AGENT_STOP,1,F0:14|F1:2,7496,0,0,0,0,0,2,0,0,7494,7,0,false,false,32,0.2550,1.0000,16
2026-05-05 23:14:23,run_1778011901552,1,29,80,v3,16,true,32,14,0,0.0,13,7.3060,-9.2175,-1.9115,0.97768,AGENT_STOP,1,F0:10|F1:3,6864,0,0,0,0,0,1,0,0,6863,10,0,false,false,32,0.2308,1.0000,16
2026-05-05 23:14:23,run_1778011901552,1,30,81,v3,16,true,32,8,0,0.0,7,1.9000,-15.3843,-13.4843,0.97756,AGENT_STOP,0,F0:7,3102,0,0,0,0,0,0,0,0,3102,4,0,false,false,32,0.1869,1.0000,13
2026-05-05 23:14:24,run_1778011901552,1,31,82,v3,16,true,32,7,0,0.0,6,3.0200,-7.3609,-4.3409,0.97744,AGENT_STOP,0,F0:6,3372,0,0,0,0,0,1,0,0,3371,2,0,false,false,32,0.2836,1.0000,15
2026-05-05 23:14:24,run_1778011901552,1,32,83,v3,16,true,32,8,0,0.0,7,3.0700,-8.1273,-5.0573,0.97732,AGENT_STOP,0,F0:7,3418,0,0,0,0,0,1,0,0,3417,5,0,false,false,32,0.2029,1.0000,13
2026-05-05 23:14:25,run_1778011901552,1,33,84,v3,16,true,32,8,0,0.0,7,3.1400,-10.3141,-7.1741,0.97720,AGENT_STOP,0,F0:7,3501,0,0,0,0,0,1,0,0,3500,7,0,false,false,32,0.2607,1.0000,15
2026-05-05 23:14:25,run_1778011901552,1,34,85,v3,16,true,32,13,0,0.0,12,7.1260,-12.1506,-5.0246,0.97708,AGENT_STOP,1,F0:9|F1:3,6978,0,0,0,0,0,1,0,0,6977,7,0,false,false,32,0.3052,1.0000,19
2026-05-05 23:14:26,run_1778011901552,1,35,86,v3,16,true,32,14,0,0.0,13,7.8640,-11.4233,-3.5593,0.97695,AGENT_STOP,1,F0:11|F1:2,7266,0,0,0,0,0,0,0,0,7266,9,0,false,false,32,0.3162,1.0000,19
2026-05-05 23:14:27,run_1778011901552,1,36,87,v3,16,true,32,11,0,0.0,10,5.6440,-7.1634,-1.5194,0.97683,AGENT_STOP,1,F0:8|F1:2,5525,0,0,0,0,0,1,0,0,5524,9,0,false,false,32,0.2605,1.0000,17
2026-05-05 23:14:28,run_1778011901552,1,37,88,v3,16,true,32,22,0,0.0,21,15.5516,-20.5292,-4.9776,0.97671,AGENT_STOP,1,F0:16|F1:5,10932,0,0,0,0,0,2,0,0,10930,17,0,false,false,32,0.2973,1.0000,18
2026-05-05 23:14:29,run_1778011901552,1,38,89,v3,16,true,32,7,0,0.0,6,2.3800,-13.9064,-11.5264,0.97659,AGENT_STOP,0,F0:6,3393,0,0,0,0,0,1,0,0,3392,4,0,false,false,32,0.2846,1.0000,15
2026-05-05 23:14:29,run_1778011901552,1,39,90,v3,16,true,32,8,0,0.0,7,2.9500,-9.5223,-6.5723,0.97647,AGENT_STOP,0,F0:7,3578,0,0,0,0,0,1,0,0,3577,4,0,false,false,32,0.2029,1.0000,13
2026-05-05 23:14:30,run_1778011901552,1,40,91,v3,16,true,32,11,0,0.0,10,5.4740,-12.4568,-6.9828,0.97635,AGENT_STOP,1,F0:8|F1:2,5679,0,0,0,0,0,0,0,0,5679,8,0,false,false,32,0.3135,1.0000,18
2026-05-05 23:14:30,run_1778011901552,1,41,92,v3,16,true,32,6,0,0.0,5,1.8600,-10.1516,-8.2916,0.97623,AGENT_STOP,0,F0:5,3421,0,0,0,0,0,0,0,0,3421,3,0,false,false,32,0.1919,1.0000,13
2026-05-05 23:14:31,run_1778011901552,1,42,93,v3,16,true,32,11,0,0.0,10,5.7188,-9.1977,-3.4789,0.97611,AGENT_STOP,2,F0:6|F1:3|F2:1,6073,0,0,0,0,0,0,0,0,6073,8,0,false,false,32,0.2398,1.0000,16
2026-05-05 23:14:31,run_1778011901552,1,43,94,v3,16,true,32,11,0,0.0,11,4.9600,-12.7424,-7.7824,0.97599,AGENT_STOP,0,F0:11,5794,0,0,0,0,0,1,0,0,5793,6,0,false,false,32,0.2067,1.0000,14
2026-05-05 23:14:32,run_1778011901552,1,44,95,v3,16,true,32,8,0,0.0,7,3.1100,-8.2343,-5.1243,0.97587,AGENT_STOP,0,F0:7,4070,0,0,0,0,0,0,0,0,4070,3,0,false,false,32,0.2289,1.0000,14
2026-05-05 23:14:32,run_1778011901552,1,45,96,v3,16,true,32,9,0,0.0,8,3.6680,-10.4285,-6.7605,0.97574,AGENT_STOP,1,F0:6|F1:2,5449,0,0,0,0,0,0,0,0,5449,6,0,false,false,32,0.2261,1.0000,15
2026-05-05 23:14:33,run_1778011901552,1,46,97,v3,16,true,32,8,0,0.0,7,3.3600,-8.2153,-4.8553,0.97562,AGENT_STOP,0,F0:7,3638,0,0,0,0,0,0,0,0,3638,7,0,false,false,32,0.2798,1.0000,15
2026-05-05 23:14:34,run_1778011901552,1,47,98,v3,16,true,32,13,0,0.0,12,7.4800,-7.1616,0.3184,0.97550,AGENT_STOP,1,F0:9|F1:3,7590,0,0,0,0,0,0,0,0,7590,12,0,false,false,32,0.2808,1.0000,18
2026-05-05 23:14:34,run_1778011901552,1,48,99,v3,16,true,32,9,0,0.0,8,3.6900,-12.5472,-8.8572,0.97538,AGENT_STOP,0,F0:8,5505,0,0,0,0,0,0,0,0,5505,6,0,false,false,32,0.2703,1.0000,15
2026-05-05 23:14:34,run_1778011901552,1,49,100,v3,16,true,32,6,0,0.0,5,1.6800,-10.1516,-8.4716,0.97526,AGENT_STOP,0,F0:5,3717,0,0,0,0,0,0,0,0,3717,2,0,false,false,32,0.1992,1.0000,13
2026-05-05 23:14:43,run_1778011901552,1,59,110,v3,16,true,32,11,0,0.0,10,4.8400,-10.8000,-5.9600,0.97405,AGENT_STOP,0,F0:10,5385,0,0,0,0,0,3,0,0,5382,5,0,false,false,32,0.2129,1.0000,14
2026-05-05 23:14:51,run_1778011901552,1,69,120,v3,16,true,32,21,0,0.0,20,13.7900,-9.9197,3.8703,0.97284,AGENT_STOP,1,F0:17|F1:3,9902,0,0,0,0,0,0,0,0,9902,13,0,false,false,32,0.2912,1.0000,19
2026-05-05 23:14:59,run_1778011901552,1,79,130,v3,16,true,32,10,0,0.0,9,4.4800,-10.3299,-5.8499,0.97164,AGENT_STOP,0,F0:9,5128,0,0,0,0,0,0,0,0,5128,6,0,false,false,32,0.2858,1.0000,16
2026-05-05 23:15:08,run_1778011901552,1,89,140,v3,16,true,32,14,0,0.0,13,7.9600,-5.9816,1.9784,0.97043,AGENT_STOP,0,F0:13,7397,0,0,0,0,0,0,0,0,7397,5,0,false,false,32,0.2174,1.0000,13
2026-05-05 23:15:15,run_1778011901552,1,99,150,v3,16,true,32,10,0,0.0,9,3.8200,-11.7408,-7.9208,0.96923,AGENT_STOP,0,F0:9,5061,0,0,0,0,0,0,0,0,5061,7,0,false,false,32,0.2567,1.0000,15
2026-05-05 23:15:23,run_1778011901552,1,109,160,v3,16,true,32,28,0,0.0,27,22.2324,-16.1915,6.0409,0.96803,AGENT_STOP,1,F0:19|F1:8,13334,0,0,0,0,0,0,0,0,13334,18,0,false,false,32,0.2905,1.0000,18
2026-05-05 23:15:30,run_1778011901552,1,119,170,v3,16,true,32,13,0,0.0,12,6.9900,-10.0988,-3.1088,0.96683,AGENT_STOP,1,F0:9|F1:3,7995,0,0,0,0,0,0,0,0,7995,8,0,false,false,32,0.2823,1.0000,19
2026-05-05 23:15:38,run_1778011901552,1,129,180,v3,16,true,32,6,0,0.0,5,2.1820,-10.1516,-7.9696,0.96563,AGENT_STOP,1,F0:4|F1:1,3605,0,0,0,0,0,0,0,0,3605,4,0,false,false,32,0.2304,1.0000,16
2026-05-05 23:15:45,run_1778011901552,1,139,190,v3,16,true,32,16,0,0.0,15,8.5140,-18.8204,-10.3064,0.96443,AGENT_STOP,1,F0:13|F1:2,7439,0,0,0,0,0,0,0,0,7439,9,0,false,false,32,0.3038,1.0000,18
2026-05-05 23:15:51,run_1778011901552,1,149,200,v3,16,true,32,8,0,0.0,7,2.5000,-8.4753,-5.9753,0.96324,AGENT_STOP,0,F0:7,3008,0,0,0,0,0,0,0,0,3008,4,0,false,false,32,0.1899,1.0000,13
2026-05-05 23:16:02,run_1778011901552,2,9,210,v3,16,true,32,21,0,0.0,21,13.2060,-32.5213,-19.3153,0.96205,AGENT_STOP,1,F0:17|F1:4,11317,0,0,0,0,0,1,0,0,11316,13,0,false,false,32,0.3137,1.0000,19
2026-05-05 23:16:09,run_1778011901552,2,19,220,v3,16,true,32,8,0,0.0,7,3.3800,-6.1743,-2.7943,0.96085,AGENT_STOP,0,F0:7,3717,0,0,0,0,0,0,0,0,3717,5,0,false,false,32,0.2069,1.0000,13
2026-05-05 23:16:17,run_1778011901552,2,29,230,v3,16,true,32,24,0,0.0,23,16.0120,-14.9707,1.0413,0.95966,AGENT_STOP,1,F0:22|F1:1,11184,0,0,0,0,0,0,0,0,11184,12,0,false,false,32,0.3027,1.0000,19
2026-05-05 23:16:24,run_1778011901552,2,39,240,v3,16,true,32,19,0,0.0,18,10.9300,-22.3718,-11.4418,0.95847,AGENT_STOP,0,F0:18,7936,0,0,0,0,0,0,0,0,7936,12,0,false,false,32,0.2778,1.0000,16
2026-05-05 23:16:31,run_1778011901552,2,49,250,v3,16,true,32,8,0,0.0,7,2.7100,-12.7653,-10.0553,0.95728,AGENT_STOP,0,F0:7,3509,0,0,0,0,0,0,0,0,3509,2,0,false,false,32,0.2093,1.0000,14
2026-05-05 23:16:37,run_1778011901552,2,59,260,v3,16,true,32,14,0,0.0,13,7.7060,-6.6895,1.0165,0.95610,AGENT_STOP,1,F0:10|F1:3,7134,0,0,0,0,0,0,0,0,7134,7,0,false,false,32,0.2488,1.0000,16
2026-05-05 23:16:47,run_1778011901552,2,69,270,v3,16,true,32,24,0,0.0,23,16.4109,-10.6685,5.7423,0.95491,AGENT_STOP,2,F0:16|F1:5|F2:2,11205,0,0,0,0,0,0,0,0,11205,16,0,false,false,32,0.2383,1.0000,17
2026-05-05 23:16:56,run_1778011901552,2,79,280,v3,16,true,32,6,0,0.0,5,2.1700,-10.1516,-7.9816,0.95373,AGENT_STOP,0,F0:5,3525,0,0,0,0,0,0,0,0,3525,5,0,false,false,32,0.2617,1.0000,14
2026-05-05 23:17:05,run_1778011901552,2,89,290,v3,16,true,32,7,0,0.0,6,2.7200,-7.3792,-4.6592,0.95255,AGENT_STOP,0,F0:6,3519,0,0,0,0,0,0,0,0,3519,5,0,false,false,32,0.2721,1.0000,16
2026-05-05 23:17:12,run_1778011901552,2,99,300,v3,16,true,32,23,0,0.0,22,14.8600,-15.1112,-0.2512,0.95137,AGENT_STOP,1,F0:19|F1:3,10792,0,0,0,0,0,0,0,0,10792,20,0,false,false,32,0.2872,1.0000,19
2026-05-05 23:17:19,run_1778011901552,2,109,310,v3,16,true,32,14,0,0.0,13,6.8900,-9.4880,-2.5980,0.95019,AGENT_STOP,0,F0:13,6630,0,0,0,0,0,0,0,0,6630,7,0,false,false,32,0.2805,1.0000,15
2026-05-05 23:17:28,run_1778011901552,2,119,320,v3,16,true,32,6,0,0.0,5,2.6200,-10.1516,-7.5316,0.94901,AGENT_STOP,0,F0:5,3432,0,0,0,0,0,0,0,0,3432,3,0,false,false,32,0.2678,1.0000,15
2026-05-05 23:17:35,run_1778011901552,2,129,330,v3,16,true,32,8,0,0.0,7,2.9300,-8.5032,-5.5732,0.94783,AGENT_STOP,0,F0:7,3069,0,0,0,0,0,0,0,0,3069,6,0,false,false,32,0.2605,1.0000,16
2026-05-05 23:17:43,run_1778011901552,2,139,340,v3,16,true,32,8,0,0.0,7,2.6500,-8.8033,-6.1533,0.94666,AGENT_STOP,0,F0:7,3837,0,0,0,0,0,0,0,0,3837,5,0,false,false,32,0.2029,1.0000,12
2026-05-05 23:17:53,run_1778011901552,2,149,350,v3,16,true,32,23,0,0.0,22,15.2440,-12.2786,2.9654,0.94548,AGENT_STOP,1,F0:20|F1:2,10751,0,0,0,0,0,0,0,0,10751,17,0,false,false,32,0.3064,1.0000,18
2026-05-05 23:18:04,run_1778011901552,3,9,360,v3,16,true,32,22,0,0.0,21,15.3420,-15.7046,-0.3626,0.94431,AGENT_STOP,1,F0:15|F1:6,10748,0,0,0,0,0,0,0,0,10748,15,0,false,false,32,0.2889,1.0000,19
2026-05-05 23:18:13,run_1778011901552,3,19,370,v3,16,true,32,15,0,0.0,14,8.6200,-9.9706,-1.3506,0.94314,AGENT_STOP,1,F0:11|F1:3,7804,0,0,0,0,0,0,0,0,7804,16,0,false,false,32,0.3027,1.0000,18
2026-05-05 23:18:23,run_1778011901552,3,29,380,v3,16,true,32,28,0,0.0,28,20.1200,-17.2828,2.8372,0.94197,AGENT_STOP,1,F0:25|F1:3,12492,0,0,0,0,0,0,0,0,12492,25,0,false,false,32,0.3105,1.0000,19
2026-05-05 23:18:32,run_1778011901552,3,39,390,v3,16,true,32,14,0,0.0,13,8.2716,-7.9982,0.2734,0.94081,AGENT_STOP,1,F0:9|F1:4,7485,0,0,0,0,0,0,0,0,7485,10,0,false,false,32,0.3209,1.0000,18
2026-05-05 23:18:41,run_1778011901552,3,49,400,v3,16,true,32,8,0,0.0,8,3.6600,-8.7595,-5.0995,0.93964,AGENT_STOP,0,F0:8,3683,0,0,0,0,0,0,0,0,3683,4,0,false,false,32,0.2973,1.0000,16
2026-05-05 23:18:53,run_1778011901552,3,59,410,v3,16,true,32,22,0,0.0,21,14.6740,-26.0423,-11.3683,0.93847,AGENT_STOP,1,F0:16|F1:5,11300,0,0,0,0,0,0,0,0,11300,17,0,false,false,32,0.2990,1.0000,18
2026-05-05 23:19:02,run_1778011901552,3,69,420,v3,16,true,32,11,0,0.0,10,5.6300,-7.1476,-1.5176,0.93731,AGENT_STOP,0,F0:10,5264,0,0,0,0,0,0,0,0,5264,7,0,false,false,32,0.2632,1.0000,15
2026-05-05 23:19:10,run_1778011901552,3,79,430,v3,16,true,32,20,0,0.0,20,12.4260,-13.9769,-1.5509,0.93615,AGENT_STOP,1,F0:16|F1:4,9342,0,0,0,0,0,0,0,0,9342,15,0,false,false,32,0.2893,1.0000,19
2026-05-05 23:19:18,run_1778011901552,3,89,440,v3,16,true,32,24,0,0.0,23,17.2802,-11.4820,5.7982,0.93499,AGENT_STOP,2,F0:15|F1:6|F2:2,11870,0,0,0,0,0,1,0,0,11869,25,0,false,false,32,0.3095,1.0000,18
2026-05-05 23:19:25,run_1778011901552,3,99,450,v3,16,true,32,15,0,0.0,14,8.4238,-25.5816,-17.1577,0.93383,AGENT_STOP,2,F0:11|F1:2|F2:1,7544,0,0,0,0,0,0,0,0,7544,9,0,false,false,32,0.3067,1.0000,19
2026-05-05 23:19:34,run_1778011901552,3,109,460,v3,16,true,32,6,0,0.0,5,1.9300,-10.1516,-8.2216,0.93267,AGENT_STOP,0,F0:5,3140,0,0,0,0,0,0,0,0,3140,5,0,false,false,32,0.2957,1.0000,16
2026-05-05 23:19:43,run_1778011901552,3,119,470,v3,16,true,32,12,0,0.0,11,6.1680,-11.0658,-4.8978,0.93152,AGENT_STOP,1,F0:9|F1:2,5357,0,0,0,0,0,1,0,0,5356,8,0,false,false,32,0.3071,1.0000,19
2026-05-05 23:19:52,run_1778011901552,3,129,480,v3,16,true,32,14,0,0.0,14,7.9499,-14.7424,-6.7924,0.93036,AGENT_STOP,2,F0:9|F1:4|F2:1,7938,0,0,0,0,0,0,0,0,7938,10,0,false,false,32,0.2381,1.0000,18
2026-05-05 23:20:01,run_1778011901552,3,139,490,v3,16,true,32,14,0,0.0,13,7.3480,-7.6659,-0.3179,0.92921,AGENT_STOP,1,F0:9|F1:4,7401,0,0,0,0,0,0,0,0,7401,8,0,false,false,32,0.2150,1.0000,17
2026-05-05 23:20:09,run_1778011901552,3,149,500,v3,16,true,32,7,0,0.0,6,2.9680,-3.0620,-0.0940,0.92806,MASK_EMPTY,1,F0:4|F1:2,3517,0,0,0,0,0,1,0,0,3516,3,0,false,false,32,0.2531,1.0000,17
2026-05-05 23:20:16,run_1778011901552,4,9,510,v3,16,true,32,32,0,0.0,31,26.8014,-16.8739,9.9276,0.92691,AGENT_STOP,2,F0:19|F1:11|F2:1,13757,0,0,0,0,0,1,0,0,13756,31,0,false,false,32,0.3110,1.0000,19
2026-05-05 23:20:25,run_1778011901552,4,19,520,v3,16,true,32,6,0,0.0,5,2.3500,-10.1516,-7.8016,0.92576,AGENT_STOP,0,F0:5,3254,0,0,0,0,0,0,0,0,3254,5,0,false,false,32,0.2617,1.0000,14
2026-05-05 23:20:35,run_1778011901552,4,29,530,v3,16,true,32,22,0,0.0,21,15.6288,-15.0273,0.6015,0.92461,AGENT_STOP,2,F0:14|F1:6|F2:1,11561,0,0,0,0,0,0,0,0,11561,17,0,false,false,32,0.3002,1.0000,19
2026-05-05 23:20:41,run_1778011901552,4,39,540,v3,16,true,32,20,0,0.0,19,13.7896,-12.4362,1.3534,0.92346,AGENT_STOP,2,F0:10|F1:7|F2:2,9839,0,0,0,0,0,0,0,0,9839,18,0,false,false,32,0.2884,1.0000,18
2026-05-05 23:20:48,run_1778011901552,4,49,550,v3,16,true,32,11,0,0.0,11,5.8240,-7.9524,-2.1284,0.92232,AGENT_STOP,1,F0:9|F1:2,5273,0,0,0,0,0,0,0,0,5273,6,0,false,false,32,0.2398,1.0000,16
2026-05-05 23:20:58,run_1778011901552,4,59,560,v3,16,true,32,9,0,0.0,8,3.6900,-10.1603,-6.4703,0.92118,AGENT_STOP,0,F0:8,5322,0,0,0,0,0,1,0,0,5321,9,0,false,false,32,0.2735,1.0000,16
2026-05-05 23:21:05,run_1778011901552,4,69,570,v3,16,true,32,13,0,0.0,13,6.8640,-12.4330,-5.5690,0.92004,AGENT_STOP,1,F0:11|F1:2,7581,0,0,0,0,0,0,0,0,7581,6,0,false,false,32,0.3084,1.0000,18
2026-05-05 23:21:17,run_1778011901552,4,79,580,v3,16,true,32,24,0,0.0,23,16.0540,-9.7511,6.3029,0.91889,AGENT_STOP,1,F0:21|F1:2,11219,0,0,0,0,0,0,0,0,11219,11,0,false,false,32,0.2457,1.0000,17
2026-05-05 23:21:25,run_1778011901552,4,89,590,v3,16,true,32,9,0,0.0,8,4.1640,-7.2136,-3.0496,0.91776,AGENT_STOP,1,F0:6|F1:2,5618,0,0,0,0,0,0,0,0,5618,9,0,false,false,32,0.3020,1.0000,18
2026-05-05 23:21:33,run_1778011901552,4,99,600,v3,16,true,32,12,0,0.0,11,5.4000,-20.5045,-15.1045,0.91662,AGENT_STOP,0,F0:11,4675,0,0,0,0,0,0,0,0,4675,11,0,false,false,32,0.2661,1.0000,16
2026-05-05 23:21:43,run_1778011901552,4,109,610,v3,16,true,32,18,0,0.0,17,12.8444,-5.2608,7.5836,0.91548,AGENT_STOP,2,F0:8|F1:8|F2:1,9137,0,0,0,0,0,0,0,0,9137,14,0,false,false,32,0.3021,1.0000,18
2026-05-05 23:21:53,run_1778011901552,4,119,620,v3,16,true,32,12,0,0.0,11,6.2080,-12.4228,-6.2148,0.91435,AGENT_STOP,1,F0:9|F1:2,5042,0,0,0,0,0,0,0,0,5042,13,0,false,false,32,0.2778,1.0000,18
2026-05-05 23:22:02,run_1778011901552,4,129,630,v3,16,true,32,8,0,0.0,7,3.0800,-9.3591,-6.2791,0.91321,AGENT_STOP,0,F0:7,3467,0,0,0,0,0,0,0,0,3467,7,0,false,false,32,0.2654,1.0000,14
2026-05-05 23:22:13,run_1778011901552,4,139,640,v3,16,true,32,17,0,0.0,16,11.0820,-8.1397,2.9423,0.91208,AGENT_STOP,1,F0:15|F1:1,9078,0,0,0,0,0,0,0,0,9078,16,0,false,false,32,0.3229,1.0000,18
2026-05-05 23:22:22,run_1778011901552,4,149,650,v3,16,true,32,14,0,0.0,13,8.6068,-7.6523,0.9545,0.91095,AGENT_STOP,1,F0:10|F1:3,6924,0,0,0,0,0,0,0,0,6924,10,0,false,false,32,0.3115,1.0000,18
2026-05-05 23:22:28,run_1778011901552,5,9,660,v3,16,true,32,7,0,0.0,6,2.8440,-7.0829,-4.2389,0.90982,AGENT_STOP,1,F0:4|F1:2,3767,0,0,0,0,0,0,0,0,3767,5,0,false,false,32,0.2544,1.0000,17
2026-05-05 23:22:37,run_1778011901552,5,19,670,v3,16,true,32,11,0,0.0,10,4.9000,-11.6824,-6.7824,0.90869,AGENT_STOP,0,F0:10,5247,0,0,0,0,0,0,0,0,5247,5,0,false,false,32,0.2179,1.0000,14
2026-05-05 23:22:45,run_1778011901552,5,29,680,v3,16,true,32,8,0,0.0,7,2.9500,-8.6343,-5.6843,0.90757,AGENT_STOP,0,F0:7,3369,0,0,0,0,0,0,0,0,3369,3,0,false,false,32,0.2029,1.0000,13
2026-05-05 23:22:53,run_1778011901552,5,39,690,v3,16,true,32,27,0,0.0,26,20.8766,-17.1658,3.7108,0.90644,AGENT_STOP,2,F0:16|F1:9|F2:1,13380,0,0,0,0,0,0,0,0,13380,26,0,false,false,32,0.3052,1.0000,19
2026-05-05 23:23:00,run_1778011901552,5,49,700,v3,16,true,32,11,0,0.0,10,4.4600,-11.5843,-7.1243,0.90532,AGENT_STOP,0,F0:10,5189,0,0,0,0,0,0,0,0,5189,9,0,false,false,32,0.2711,1.0000,16
2026-05-05 23:23:12,run_1778011901552,5,59,710,v3,16,true,32,9,0,0.0,8,3.6000,-10.2404,-6.6404,0.90420,AGENT_STOP,0,F0:8,5378,0,0,0,0,0,0,0,0,5378,7,0,false,false,32,0.2648,1.0000,16
2026-05-05 23:23:20,run_1778011901552,5,69,720,v3,16,true,32,15,0,0.0,14,8.5269,-14.7120,-6.1851,0.90308,AGENT_STOP,2,F0:10|F1:2|F2:2,6291,0,0,0,0,0,1,0,0,6290,16,0,false,false,32,0.3134,1.0000,19
2026-05-05 23:23:27,run_1778011901552,5,79,730,v3,16,true,32,7,0,0.0,6,2.5000,-7.9775,-5.4775,0.90196,AGENT_STOP,0,F0:6,3356,0,0,0,0,0,0,0,0,3356,6,0,false,false,32,0.2558,1.0000,15
2026-05-05 23:23:33,run_1778011901552,5,89,740,v3,16,true,32,17,0,0.0,16,9.1800,-24.5493,-15.3693,0.90084,AGENT_STOP,1,F0:13|F1:3,7728,0,0,0,0,0,0,0,0,7728,12,0,false,false,32,0.3012,1.0000,19
2026-05-05 23:23:42,run_1778011901552,5,99,750,v3,16,true,32,11,0,0.0,10,4.1500,-11.7314,-7.5814,0.89972,AGENT_STOP,0,F0:10,4945,0,0,0,0,0,0,0,0,4945,8,0,false,false,32,0.2055,1.0000,14
2026-05-05 23:23:51,run_1778011901552,5,109,760,v3,16,true,32,23,0,0.0,22,14.9997,-28.2706,-13.2709,0.89861,AGENT_STOP,2,F0:15|F1:5|F2:2,10043,0,0,0,0,0,0,0,0,10043,18,0,false,false,32,0.3058,1.0000,19
2026-05-05 23:24:00,run_1778011901552,5,119,770,v3,16,true,32,9,0,0.0,8,3.4700,-8.9767,-5.5067,0.89749,AGENT_STOP,0,F0:8,4886,0,0,0,0,0,0,0,0,4886,5,0,false,false,32,0.2110,1.0000,14
2026-05-05 23:24:10,run_1778011901552,5,129,780,v3,16,true,32,21,0,0.0,20,10.7920,-24.1446,-13.3526,0.89638,AGENT_STOP,1,F0:19|F1:1,10433,0,0,0,0,0,0,0,0,10433,15,0,false,false,32,0.2961,1.0000,19
2026-05-05 23:24:16,run_1778011901552,5,139,790,v3,16,true,32,15,0,0.0,14,8.5100,-12.1007,-3.5907,0.89527,AGENT_STOP,1,F0:11|F1:3,7290,0,0,0,0,0,0,0,0,7290,8,0,false,false,32,0.2807,1.0000,19
2026-05-05 23:24:24,run_1778011901552,5,149,800,v3,16,true,32,16,0,0.0,15,10.1915,-8.3589,1.8326,0.89416,AGENT_STOP,3,F0:7|F1:4|F2:3|F3:1,7538,0,0,0,0,0,0,0,0,7538,15,0,false,false,32,0.2910,1.0000,19
2026-05-05 23:24:32,run_1778011901552,6,9,810,v3,16,true,32,24,0,0.0,23,17.2297,-14.6212,2.6085,0.89305,AGENT_STOP,2,F0:16|F1:5|F2:2,11531,0,0,0,0,0,0,0,0,11531,23,0,false,false,32,0.3092,1.0000,19
2026-05-05 23:24:38,run_1778011901552,6,19,820,v3,16,true,32,15,0,0.0,14,7.6400,-10.7910,-3.1510,0.89195,AGENT_STOP,0,F0:14,7114,0,0,0,0,0,0,0,0,7114,6,0,false,false,32,0.2131,1.0000,14
2026-05-05 23:24:48,run_1778011901552,6,29,830,v3,16,true,32,11,0,0.0,10,5.7420,-8.8861,-3.1441,0.89084,AGENT_STOP,1,F0:9|F1:1,5418,0,0,0,0,0,0,0,0,5418,8,0,false,false,32,0.3044,1.0000,18
2026-05-05 23:24:58,run_1778011901552,6,39,840,v3,16,true,32,34,0,0.0,33,31.2687,-21.1333,10.1353,0.88974,AGENT_STOP,3,F0:20|F1:8|F2:3|F3:2,17038,0,0,0,0,0,1,0,0,17037,29,0,false,false,32,0.3251,1.0000,19
2026-05-05 23:25:06,run_1778011901552,6,49,850,v3,16,true,32,8,0,0.0,7,3.6900,-6.1807,-2.4907,0.88863,AGENT_STOP,0,F0:7,3200,0,0,0,0,0,0,0,0,3200,4,0,false,false,32,0.2725,1.0000,15
2026-05-05 23:25:12,run_1778011901552,6,59,860,v3,16,true,32,16,0,0.0,16,9.8480,-7.7068,2.1412,0.88753,AGENT_STOP,1,F0:14|F1:2,7233,0,0,0,0,0,1,0,0,7232,6,0,false,false,32,0.2855,1.0000,18
2026-05-05 23:25:22,run_1778011901552,6,69,870,v3,16,true,32,10,0,0.0,10,5.3700,-5.7272,-0.3572,0.88643,AGENT_STOP,1,F0:7|F1:3,5928,0,0,0,0,0,0,0,0,5928,4,0,false,false,32,0.2347,1.0000,16
2026-05-05 23:25:32,run_1778011901552,6,79,880,v3,16,true,32,19,0,0.0,19,11.6000,-18.9904,-7.3904,0.88533,AGENT_STOP,1,F0:16|F1:3,8909,0,0,0,0,0,0,0,0,8909,18,0,false,false,32,0.3269,1.0000,19
2026-05-05 23:25:43,run_1778011901552,6,89,890,v3,16,true,32,8,0,0.0,7,3.5020,-8.1318,-4.6298,0.88424,AGENT_STOP,1,F0:6|F1:1,3902,0,0,0,0,0,0,0,0,3902,6,0,false,false,32,0.3033,1.0000,19
2026-05-05 23:25:55,run_1778011901552,6,99,900,v3,16,true,32,38,0,0.0,38,38.4278,-9.0713,29.3565,0.88314,AGENT_STOP,2,F0:23|F1:8|F2:7,18834,0,0,0,0,0,0,0,0,18834,39,0,false,false,32,0.3308,1.0000,19
2026-05-05 23:26:05,run_1778011901552,6,109,910,v3,16,true,32,21,0,0.0,20,14.6778,-12.9377,1.7402,0.88204,AGENT_STOP,2,F0:15|F1:4|F2:1,11353,0,0,0,0,0,1,0,0,11352,15,0,false,false,32,0.3190,1.0000,19
2026-05-05 23:26:15,run_1778011901552,6,119,920,v3,16,true,32,6,0,0.0,5,2.4100,-10.1516,-7.7416,0.88095,AGENT_STOP,0,F0:5,3627,0,0,0,0,0,0,0,0,3627,4,0,false,false,32,0.2803,1.0000,15
2026-05-05 23:26:25,run_1778011901552,6,129,930,v3,16,true,32,6,0,0.0,5,2.1900,-10.1516,-7.9616,0.87986,AGENT_STOP,0,F0:5,3268,0,0,0,0,0,0,0,0,3268,4,0,false,false,32,0.2178,1.0000,13
2026-05-05 23:26:32,run_1778011901552,6,139,940,v3,16,true,32,6,0,0.0,5,1.9900,-10.1516,-8.1616,0.87877,AGENT_STOP,0,F0:5,3299,0,0,0,0,0,0,0,0,3299,5,0,false,false,32,0.2803,1.0000,15
2026-05-05 23:26:40,run_1778011901552,6,149,950,v3,16,true,32,16,0,0.0,15,9.4108,-9.0420,0.3688,0.87768,AGENT_STOP,1,F0:13|F1:2,7404,0,0,0,0,0,0,0,0,7404,10,0,false,false,32,0.3188,1.0000,19
2026-05-05 23:26:48,run_1778011901552,7,9,960,v3,16,true,32,7,0,0.0,6,2.9600,-6.6761,-3.7161,0.87659,AGENT_STOP,0,F0:6,3193,0,0,0,0,0,0,0,0,3193,6,0,false,false,32,0.2671,1.0000,15
2026-05-05 23:26:55,run_1778011901552,7,19,970,v3,16,true,32,8,0,0.0,7,3.4320,-3.9814,-0.5494,0.87551,MASK_EMPTY,1,F0:6|F1:1,3274,0,0,0,0,0,1,0,0,3273,7,0,false,false,32,0.2408,1.0000,17
2026-05-05 23:27:05,run_1778011901552,7,29,980,v3,16,true,32,9,0,0.0,9,4.0500,-10.6203,-6.5703,0.87442,AGENT_STOP,0,F0:9,4585,0,0,0,0,0,0,0,0,4585,5,0,false,false,32,0.2816,1.0000,16
2026-05-05 23:27:12,run_1778011901552,7,39,990,v3,16,true,32,6,0,0.0,5,2.2900,-10.1516,-7.8616,0.87334,AGENT_STOP,0,F0:5,3157,0,0,0,0,0,0,0,0,3157,4,0,false,false,32,0.2617,1.0000,15
2026-05-05 23:27:21,run_1778011901552,7,49,1000,v3,16,true,32,8,0,0.0,7,3.5020,-9.1578,-5.6558,0.87225,AGENT_STOP,1,F0:6|F1:1,3353,0,0,0,0,0,0,0,0,3353,2,0,false,false,32,0.2969,1.0000,18
2026-05-05 23:27:29,run_1778011901552,7,59,1010,v3,16,true,32,8,0,0.0,7,3.2400,-10.6494,-7.4094,0.87117,AGENT_STOP,0,F0:7,3255,0,0,0,0,0,0,0,0,3255,5,0,false,false,32,0.2883,1.0000,16
2026-05-05 23:27:37,run_1778011901552,7,69,1020,v3,16,true,32,14,0,0.0,14,7.6696,-14.4024,-6.7328,0.87009,AGENT_STOP,1,F0:10|F1:4,6545,0,0,0,0,0,0,0,0,6545,10,0,false,false,32,0.3167,1.0000,19
2026-05-05 23:27:44,run_1778011901552,7,79,1030,v3,16,true,32,6,0,0.0,5,2.5900,-10.1516,-7.5616,0.86901,AGENT_STOP,0,F0:5,3358,0,0,0,0,0,0,0,0,3358,6,0,false,false,32,0.2803,1.0000,15
2026-05-05 23:27:53,run_1778011901552,7,89,1040,v3,16,true,32,37,0,0.0,36,33.6520,-20.4167,13.2353,0.86794,AGENT_STOP,2,F0:23|F1:10|F2:3,17643,0,0,0,0,0,0,0,0,17643,25,0,false,false,32,0.2911,1.0000,20
2026-05-05 23:28:01,run_1778011901552,7,99,1050,v3,16,true,32,16,0,0.0,15,8.6200,-13.0267,-4.4067,0.86686,AGENT_STOP,0,F0:15,7500,0,0,0,0,0,0,0,0,7500,11,0,false,false,32,0.2751,1.0000,15
2026-05-05 23:28:09,run_1778011901552,7,109,1060,v3,16,true,32,15,0,0.0,14,9.0740,-7.2462,1.8278,0.86579,AGENT_STOP,1,F0:12|F1:2,6753,0,0,0,0,0,0,0,0,6753,11,0,false,false,32,0.2950,1.0000,18
2026-05-05 23:28:17,run_1778011901552,7,119,1070,v3,16,true,32,26,0,0.0,25,19.9780,-13.5025,6.4755,0.86471,AGENT_STOP,2,F0:17|F1:6|F2:2,12377,0,0,0,0,0,0,0,0,12377,26,0,false,false,32,0.3060,1.0000,19
2026-05-05 23:28:23,run_1778011901552,7,129,1080,v3,16,true,32,8,0,0.0,7,2.8900,-8.0403,-5.1503,0.86364,AGENT_STOP,0,F0:7,3425,0,0,0,0,0,0,0,0,3425,4,0,false,false,32,0.2029,1.0000,13
2026-05-05 23:28:35,run_1778011901552,7,139,1090,v3,16,true,32,15,0,0.0,14,8.4528,-8.1741,0.2787,0.86257,AGENT_STOP,1,F0:11|F1:3,6739,0,0,0,0,0,0,0,0,6739,9,0,false,false,32,0.2485,1.0000,17
2026-05-05 23:28:43,run_1778011901552,7,149,1100,v3,16,true,32,16,0,0.0,15,9.8200,-9.1458,0.6742,0.86150,AGENT_STOP,0,F0:15,6723,0,0,0,0,0,0,0,0,6723,12,0,false,false,32,0.2905,1.0000,16
2026-05-05 23:28:52,run_1778011901552,8,9,1110,v3,16,true,32,16,0,0.0,16,9.9980,-13.8783,-3.8803,0.86043,AGENT_STOP,1,F0:12|F1:4,6281,0,0,0,0,0,0,0,0,6281,16,0,false,false,32,0.3209,1.0000,19
2026-05-05 23:29:01,run_1778011901552,8,19,1120,v3,16,true,32,16,0,0.0,15,9.2240,-8.3769,0.8471,0.85937,AGENT_STOP,1,F0:10|F1:5,7019,0,0,0,0,0,0,0,0,7019,11,0,false,false,32,0.2936,1.0000,18
2026-05-05 23:29:11,run_1778011901552,8,29,1130,v3,16,true,32,13,0,0.0,12,6.1600,-10.6961,-4.5361,0.85830,AGENT_STOP,0,F0:12,6504,0,0,0,0,0,0,0,0,6504,11,0,false,false,32,0.2688,1.0000,15
2026-05-05 23:29:18,run_1778011901552,8,39,1140,v3,16,true,32,8,0,0.0,7,3.6308,-6.6243,-2.9935,0.85724,AGENT_STOP,1,F0:5|F1:2,3273,0,0,0,0,0,0,0,0,3273,6,0,false,false,32,0.2455,1.0000,15
2026-05-05 23:29:29,run_1778011901552,8,49,1150,v3,16,true,32,25,2,8.0,22,11.0140,-11.3701,-0.3561,0.85618,AGENT_STOP,1,F0:14|F1:8,12437,2,0,0,0,0,0,0,0,12435,19,0,false,false,32,0.2967,1.0000,19
2026-05-05 23:29:38,run_1778011901552,8,59,1160,v3,16,true,32,25,0,0.0,24,16.9700,-17.4492,-0.4792,0.85512,AGENT_STOP,1,F0:21|F1:3,12416,0,0,0,0,0,0,0,0,12416,15,0,false,false,32,0.3098,1.0000,19
2026-05-05 23:29:45,run_1778011901552,8,69,1170,v3,16,true,32,13,0,0.0,13,7.4116,-10.5067,-3.0951,0.85406,AGENT_STOP,1,F0:9|F1:4,7204,0,0,0,0,0,0,0,0,7204,13,0,false,false,32,0.3141,1.0000,19
2026-05-05 23:29:53,run_1778011901552,8,79,1180,v3,16,true,32,21,0,0.0,20,14.0004,-11.5733,2.4271,0.85300,AGENT_STOP,2,F0:12|F1:5|F2:3,10258,0,0,0,0,0,0,0,0,10258,19,0,false,false,32,0.3010,1.0000,19
2026-05-05 23:30:02,run_1778011901552,8,89,1190,v3,16,true,32,10,0,0.0,9,4.4100,-11.7055,-7.2955,0.85194,AGENT_STOP,0,F0:9,5123,0,0,0,0,0,0,0,0,5123,6,0,false,false,32,0.2264,1.0000,14
2026-05-05 23:30:12,run_1778011901552,8,99,1200,v3,16,true,32,12,0,0.0,11,5.1300,-25.1428,-20.0128,0.85088,AGENT_STOP,0,F0:11,4928,0,0,0,0,0,0,0,0,4928,7,0,false,false,32,0.2754,1.0000,16
2026-05-05 23:30:22,run_1778011901552,8,109,1210,v3,16,true,32,32,1,3.1,31,25.1611,-13.3596,11.8015,0.84983,AGENT_STOP,2,F0:21|F1:8|F2:2,13831,1,0,0,0,0,2,0,0,13828,27,0,false,false,32,0.2960,1.0000,20
2026-05-05 23:30:37,run_1778011901552,8,119,1220,v3,16,true,32,55,0,0.0,56,68.2616,-13.5442,54.7174,0.84878,MAX_STEPS,1,F0:35|F1:21,24614,0,0,0,0,0,0,0,0,24614,53,0,false,false,32,0.3144,1.0000,19
2026-05-05 23:30:43,run_1778011901552,8,129,1230,v3,16,true,32,16,0,0.0,15,10.2080,-13.3227,-3.1147,0.84772,AGENT_STOP,1,F0:13|F1:2,7132,0,0,0,0,0,0,0,0,7132,16,0,false,false,32,0.3150,1.0000,19
2026-05-05 23:30:50,run_1778011901552,8,139,1240,v3,16,true,32,14,0,0.0,14,8.5600,-9.2658,-0.7058,0.84667,AGENT_STOP,1,F0:11|F1:3,6787,0,0,0,0,0,0,0,0,6787,8,0,false,false,32,0.2342,1.0000,17
2026-05-05 23:31:00,run_1778011901552,8,149,1250,v3,16,true,32,15,0,0.0,14,9.2258,-8.7022,0.5236,0.84562,AGENT_STOP,2,F0:10|F1:3|F2:1,7094,0,0,0,0,0,0,0,0,7094,15,0,false,false,32,0.2961,1.0000,18
2026-05-05 23:31:07,run_1778011901552,9,9,1260,v3,16,true,32,10,0,0.0,9,4.2300,-7.8879,-3.6579,0.84458,AGENT_STOP,0,F0:9,4884,0,0,0,0,0,0,0,0,4884,6,0,false,false,32,0.2095,1.0000,13
2026-05-05 23:31:15,run_1778011901552,9,19,1270,v3,16,true,32,10,0,0.0,9,5.3640,-6.5957,-1.2317,0.84353,AGENT_STOP,1,F0:7|F1:2,5034,0,0,0,0,0,0,0,0,5034,7,0,false,false,32,0.2966,1.0000,18
2026-05-05 23:31:22,run_1778011901552,9,29,1280,v3,16,true,32,14,0,0.0,14,7.5940,-14.5418,-6.9478,0.84248,AGENT_STOP,1,F0:12|F1:2,7161,0,0,0,0,0,0,0,0,7161,8,0,false,false,32,0.3000,1.0000,19
2026-05-05 23:31:29,run_1778011901552,9,39,1290,v3,16,true,32,9,0,0.0,8,3.4700,-10.8099,-7.3399,0.84144,AGENT_STOP,0,F0:8,5202,0,0,0,0,0,2,0,0,5200,7,0,false,false,32,0.2110,1.0000,14
2026-05-05 23:31:37,run_1778011901552,9,49,1300,v3,16,true,32,6,0,0.0,5,1.4600,-10.1516,-8.6916,0.84040,AGENT_STOP,0,F0:5,3341,0,0,0,0,0,0,0,0,3341,5,0,false,false,32,0.1837,1.0000,12
2026-05-05 23:31:45,run_1778011901552,9,59,1310,v3,16,true,32,7,0,0.0,6,3.1700,-7.4464,-4.2764,0.83935,AGENT_STOP,0,F0:6,3486,0,0,0,0,0,0,0,0,3486,7,0,false,false,32,0.2671,1.0000,15
2026-05-05 23:31:51,run_1778011901552,9,69,1320,v3,16,true,32,8,0,0.0,7,3.0720,-8.5138,-5.4418,0.83831,AGENT_STOP,1,F0:6|F1:1,3389,0,0,0,0,0,0,0,0,3389,6,0,false,false,32,0.2408,1.0000,17
2026-05-05 23:31:58,run_1778011901552,9,79,1330,v3,16,true,32,6,0,0.0,5,1.9300,-10.1516,-8.2216,0.83727,AGENT_STOP,0,F0:5,3338,0,0,0,0,0,0,0,0,3338,5,0,false,false,32,0.2678,1.0000,16
2026-05-05 23:32:07,run_1778011901552,9,89,1340,v3,16,true,32,6,0,0.0,5,2.4100,-10.1516,-7.7416,0.83624,AGENT_STOP,0,F0:5,3346,0,0,0,0,0,0,0,0,3346,3,0,false,false,32,0.2803,1.0000,15
2026-05-05 23:32:15,run_1778011901552,9,99,1350,v3,16,true,32,18,0,0.0,17,10.8528,-12.7968,-1.9440,0.83520,AGENT_STOP,1,F0:13|F1:4,8931,0,0,0,0,0,2,0,0,8929,19,0,false,false,32,0.3015,1.0000,19
2026-05-05 23:32:24,run_1778011901552,9,109,1360,v3,16,true,32,15,0,0.0,15,7.9800,-10.7619,-2.7819,0.83416,AGENT_STOP,0,F0:15,7295,0,0,0,0,0,0,0,0,7295,15,0,false,false,32,0.2978,1.0000,16
2026-05-05 23:32:34,run_1778011901552,9,119,1370,v3,16,true,32,8,0,0.0,7,3.7500,-6.2860,-2.5360,0.83313,AGENT_STOP,0,F0:7,3649,0,0,0,0,0,0,0,0,3649,3,0,false,false,32,0.2901,1.0000,15
2026-05-05 23:32:43,run_1778011901552,9,129,1380,v3,16,true,32,12,0,0.0,11,6.0580,-9.9789,-3.9209,0.83210,AGENT_STOP,1,F0:9|F1:2,5260,0,0,0,0,0,0,0,0,5260,8,0,false,false,32,0.2758,1.0000,18
2026-05-05 23:32:51,run_1778011901552,9,139,1390,v3,16,true,32,11,0,0.0,10,5.0820,-8.6875,-3.6055,0.83107,AGENT_STOP,1,F0:9|F1:1,4688,0,0,0,0,0,0,0,0,4688,5,0,false,false,32,0.2931,1.0000,18
2026-05-05 23:33:00,run_1778011901552,9,149,1400,v3,16,true,32,20,0,0.0,19,13.2228,-12.0291,1.1937,0.83004,AGENT_STOP,1,F0:16|F1:3,8926,0,0,0,0,0,0,0,0,8926,18,0,false,false,32,0.3336,1.0000,19
2026-05-05 23:33:08,run_1778011901552,10,9,1410,v3,16,true,32,6,0,0.0,5,2.1100,-10.1516,-8.0416,0.82901,AGENT_STOP,0,F0:5,3260,0,0,0,0,0,0,0,0,3260,6,0,false,false,32,0.2544,1.0000,15
2026-05-05 23:33:19,run_1778011901552,10,19,1420,v3,16,true,32,41,0,0.0,42,39.6776,-20.8950,18.7826,0.82798,AGENT_STOP,3,F0:29|F1:7|F2:2|F3:4,21023,0,0,0,0,0,0,0,0,21023,34,0,false,false,32,0.3213,1.0000,20
2026-05-05 23:33:27,run_1778011901552,10,29,1430,v3,16,true,32,9,0,0.0,8,4.3400,-7.0349,-2.6949,0.82695,AGENT_STOP,1,F0:5|F1:3,4934,0,0,0,0,0,0,0,0,4934,3,0,false,false,32,0.2937,1.0000,18
2026-05-05 23:33:35,run_1778011901552,10,39,1440,v3,16,true,32,16,0,0.0,16,10.3500,-11.4365,-1.0865,0.82593,AGENT_STOP,1,F0:13|F1:3,6694,0,0,0,0,0,0,0,0,6694,9,0,false,false,32,0.3336,1.0000,18
2026-05-05 23:33:43,run_1778011901552,10,49,1450,v3,16,true,32,34,0,0.0,34,31.1707,-17.9948,13.1759,0.82491,AGENT_STOP,3,F0:25|F1:5|F2:3|F3:1,16164,0,0,0,0,0,0,0,0,16164,28,0,false,false,32,0.3318,1.0000,19
2026-05-05 23:33:51,run_1778011901552,10,59,1460,v3,16,true,32,18,0,0.0,17,10.6058,-12.0605,-1.4547,0.82388,AGENT_STOP,2,F0:13|F1:3|F2:1,8791,0,0,0,0,0,0,0,0,8791,16,0,false,false,32,0.3048,1.0000,18
2026-05-05 23:34:00,run_1778011901552,10,69,1470,v3,16,true,32,14,0,0.0,13,8.0260,-8.0305,-0.0045,0.82286,AGENT_STOP,1,F0:9|F1:4,6788,0,0,0,0,0,0,0,0,6788,13,0,false,false,32,0.2931,1.0000,18
2026-05-05 23:34:08,run_1778011901552,10,79,1480,v3,16,true,32,7,0,0.0,6,3.2820,-6.2497,-2.9677,0.82184,AGENT_STOP,1,F0:5|F1:1,3595,0,0,0,0,0,0,0,0,3595,8,0,false,false,32,0.2983,1.0000,18
2026-05-05 23:34:17,run_1778011901552,10,89,1490,v3,16,true,32,11,0,0.0,10,5.2620,-13.6235,-8.3615,0.82082,AGENT_STOP,1,F0:9|F1:1,5220,0,0,0,0,0,0,0,0,5220,5,0,false,false,32,0.3073,1.0000,19
2026-05-05 23:34:25,run_1778011901552,10,99,1500,v3,16,true,32,9,0,0.0,8,4.2300,-6.6403,-2.4103,0.81981,AGENT_STOP,0,F0:8,4637,0,0,0,0,0,0,0,0,4637,6,0,false,false,32,0.2624,1.0000,15
2026-05-05 23:34:33,run_1778011901552,10,109,1510,v3,16,true,32,13,0,0.0,13,7.3480,-8.2772,-0.9292,0.81879,AGENT_STOP,1,F0:11|F1:2,7289,0,0,0,0,0,0,0,0,7289,9,0,false,false,32,0.3211,1.0000,18
2026-05-05 23:34:44,run_1778011901552,10,119,1520,v3,16,true,32,17,0,0.0,16,9.6008,-12.1121,-2.5113,0.81777,AGENT_STOP,1,F0:14|F1:2,9856,0,0,0,0,0,0,0,0,9856,16,0,false,false,32,0.3064,1.0000,19
2026-05-05 23:34:51,run_1778011901552,10,129,1530,v3,16,true,32,9,0,0.0,8,3.7800,-13.7907,-10.0107,0.81676,AGENT_STOP,0,F0:8,5436,0,0,0,0,0,0,0,0,5436,5,0,false,false,32,0.2766,1.0000,16
2026-05-05 23:34:58,run_1778011901552,10,139,1540,v3,16,true,32,18,0,0.0,17,11.5180,-9.2649,2.2531,0.81575,AGENT_STOP,1,F0:13|F1:4,9535,0,0,0,0,0,0,0,0,9535,10,0,false,false,32,0.3058,1.0000,19
2026-05-05 23:35:06,run_1778011901552,10,149,1550,v3,16,true,32,20,0,0.0,19,11.4480,-13.8712,-2.4232,0.81474,AGENT_STOP,1,F0:17|F1:2,9630,0,0,0,0,0,0,0,0,9630,18,0,false,false,32,0.2827,1.0000,19
2026-05-05 23:35:12,run_1778011901552,11,9,1560,v3,16,true,32,7,0,0.0,6,2.5000,-11.0297,-8.5297,0.81373,AGENT_STOP,0,F0:6,3123,0,0,0,0,0,0,0,0,3123,5,0,false,false,32,0.2558,1.0000,15
2026-05-05 23:35:17,run_1778011901552,11,19,1570,v3,16,true,32,6,0,0.0,5,2.4100,-10.1516,-7.7416,0.81272,AGENT_STOP,0,F0:5,3244,0,0,0,0,0,0,0,0,3244,4,0,false,false,32,0.2803,1.0000,15
2026-05-05 23:35:26,run_1778011901552,11,29,1580,v3,16,true,32,16,0,0.0,16,9.3100,-11.2378,-1.9278,0.81171,AGENT_STOP,0,F0:16,7732,0,0,0,0,0,0,0,0,7732,11,0,false,false,32,0.2936,1.0000,15
2026-05-05 23:35:33,run_1778011901552,11,39,1590,v3,16,true,32,15,0,0.0,14,8.5800,-4.9158,3.6642,0.81071,AGENT_STOP,0,F0:14,7742,0,0,0,0,0,0,0,0,7742,9,0,false,false,32,0.2709,1.0000,15
2026-05-05 23:35:43,run_1778011901552,11,49,1600,v3,16,true,32,7,0,0.0,6,2.6000,-13.2233,-10.6233,0.80970,AGENT_STOP,0,F0:6,3666,0,0,0,0,0,0,0,0,3666,5,0,false,false,32,0.2671,1.0000,15
2026-05-05 23:35:53,run_1778011901552,11,59,1610,v3,16,true,32,17,0,0.0,16,10.2260,-14.9412,-4.7152,0.80870,AGENT_STOP,1,F0:13|F1:3,9223,0,0,0,0,0,1,0,0,9222,10,0,false,false,32,0.3214,1.0000,19
2026-05-05 23:36:01,run_1778011901552,11,69,1620,v3,16,true,32,10,0,0.0,9,5.1040,-8.2533,-3.1493,0.80769,AGENT_STOP,1,F0:7|F1:2,4446,0,0,0,0,0,0,0,0,4446,6,0,false,false,32,0.3116,1.0000,18
2026-05-05 23:36:08,run_1778011901552,11,79,1630,v3,16,true,32,15,0,0.0,15,9.1880,-7.3957,1.7923,0.80669,AGENT_STOP,1,F0:11|F1:4,6971,0,0,0,0,0,0,0,0,6971,13,0,false,false,32,0.3237,1.0000,18
2026-05-05 23:36:19,run_1778011901552,11,89,1640,v3,16,true,32,21,0,0.0,21,14.0576,-10.7183,3.3393,0.80569,AGENT_STOP,1,F0:15|F1:6,11041,0,0,0,0,0,0,0,0,11041,19,0,false,false,32,0.2992,1.0000,19
2026-05-05 23:36:30,run_1778011901552,11,99,1650,v3,16,true,32,21,0,0.0,20,12.4820,-19.8934,-7.4114,0.80469,AGENT_STOP,1,F0:16|F1:4,10384,0,0,0,0,0,0,0,0,10384,14,0,false,false,32,0.2213,1.0000,17
2026-05-05 23:36:40,run_1778011901552,11,109,1660,v3,16,true,32,11,0,0.0,10,5.4720,-10.1425,-4.6705,0.80370,AGENT_STOP,1,F0:9|F1:1,5820,0,0,0,0,0,0,0,0,5820,10,0,false,false,32,0.3135,1.0000,19
2026-05-05 23:36:50,run_1778011901552,11,119,1670,v3,16,true,32,9,0,0.0,8,3.9300,-9.0063,-5.0763,0.80270,AGENT_STOP,0,F0:8,5525,0,0,0,0,0,0,0,0,5525,7,0,false,false,32,0.2703,1.0000,15
2026-05-05 23:36:58,run_1778011901552,11,129,1680,v3,16,true,32,9,0,0.0,8,4.5880,-10.6220,-6.0340,0.80171,AGENT_STOP,1,F0:6|F1:2,5238,0,0,0,0,0,0,0,0,5238,7,0,false,false,32,0.3231,1.0000,19
2026-05-05 23:37:06,run_1778011901552,11,139,1690,v3,16,true,32,21,0,0.0,20,13.8068,-8.1664,5.6404,0.80071,MASK_EMPTY,1,F0:17|F1:3,8958,0,0,0,0,0,1,0,0,8957,16,0,false,false,32,0.3112,1.0000,19
2026-05-05 23:37:13,run_1778011901552,11,149,1700,v3,16,true,32,8,0,0.0,7,2.7400,-11.6053,-8.8653,0.79972,AGENT_STOP,0,F0:7,3032,0,0,0,0,0,0,0,0,3032,4,0,false,false,32,0.1980,1.0000,13
2026-05-05 23:37:21,run_1778011901552,12,9,1710,v3,16,true,32,6,0,0.0,5,2.4320,-10.1516,-7.7196,0.79873,AGENT_STOP,1,F0:4|F1:1,3417,0,0,0,0,0,0,0,0,3417,3,0,false,false,32,0.2990,1.0000,19
2026-05-05 23:37:31,run_1778011901552,12,19,1720,v3,16,true,32,9,0,0.0,8,3.6200,-8.6027,-4.9827,0.79774,AGENT_STOP,0,F0:8,5534,0,0,0,0,0,0,0,0,5534,3,0,false,false,32,0.2214,1.0000,14
2026-05-05 23:37:40,run_1778011901552,12,29,1730,v3,16,true,32,36,0,0.0,35,32.2572,-15.0658,17.1914,0.79675,AGENT_STOP,1,F0:24|F1:11,16846,0,0,0,0,0,0,0,0,16846,32,0,false,false,32,0.3039,1.0000,19
2026-05-05 23:37:48,run_1778011901552,12,39,1740,v3,16,true,32,16,0,0.0,15,9.2544,-8.5349,0.7195,0.79576,AGENT_STOP,1,F0:10|F1:5,6919,0,0,0,0,0,0,0,0,6919,11,0,false,false,32,0.2870,1.0000,18
2026-05-05 23:37:57,run_1778011901552,12,49,1750,v3,16,true,32,27,0,0.0,26,21.6060,-13.8880,7.7180,0.79478,AGENT_STOP,1,F0:23|F1:3,12871,0,0,0,0,0,0,0,0,12871,16,0,false,false,32,0.3120,1.0000,18
2026-05-05 23:38:08,run_1778011901552,12,59,1760,v3,16,true,32,37,0,0.0,38,33.5396,-10.4962,23.0434,0.79379,AGENT_STOP,1,F0:27|F1:11,18117,0,0,0,0,0,1,0,0,18116,30,0,false,false,32,0.3099,1.0000,20
2026-05-05 23:38:18,run_1778011901552,12,69,1770,v3,16,true,32,10,0,0.0,9,4.5700,-9.2693,-4.6993,0.79281,AGENT_STOP,0,F0:9,5438,0,0,0,0,0,0,0,0,5438,7,0,false,false,32,0.2647,1.0000,15
2026-05-05 23:38:27,run_1778011901552,12,79,1780,v3,16,true,32,14,0,0.0,13,8.2500,-8.2370,0.0130,0.79182,AGENT_STOP,1,F0:10|F1:3,7122,0,0,0,0,0,0,0,0,7122,10,0,false,false,32,0.3181,1.0000,19
2026-05-05 23:38:37,run_1778011901552,12,89,1790,v3,16,true,32,19,0,0.0,19,11.5220,-15.1002,-3.5782,0.79084,AGENT_STOP,1,F0:18|F1:1,9385,0,0,0,0,0,0,0,0,9385,14,0,false,false,32,0.3103,1.0000,18
2026-05-05 23:38:48,run_1778011901552,12,99,1800,v3,16,true,32,6,0,0.0,5,2.4400,-10.1516,-7.7116,0.78986,AGENT_STOP,0,F0:5,2586,0,0,0,0,0,0,0,0,2586,3,0,false,false,32,0.2989,1.0000,16
2026-05-05 23:38:55,run_1778011901552,12,109,1810,v3,16,true,32,9,0,0.0,8,4.3200,-7.6893,-3.3693,0.78888,AGENT_STOP,0,F0:8,4879,0,0,0,0,0,0,0,0,4879,7,0,false,false,32,0.2735,1.0000,16
2026-05-05 23:39:03,run_1778011901552,12,119,1820,v3,16,true,32,8,0,0.0,7,3.3000,-8.1777,-4.8777,0.78791,AGENT_STOP,0,F0:7,3768,0,0,0,0,0,0,0,0,3768,7,0,false,false,32,0.2798,1.0000,15
2026-05-05 23:39:10,run_1778011901552,12,129,1830,v3,16,true,32,27,0,0.0,26,22.3536,-7.2157,15.1379,0.78693,AGENT_STOP,2,F0:17|F1:8|F2:1,12755,0,0,0,0,0,0,0,0,12755,20,0,false,false,32,0.2997,1.0000,18
2026-05-05 23:39:19,run_1778011901552,12,139,1840,v3,16,true,32,10,1,10.0,9,4.1200,-5.5456,-1.4256,0.78595,AGENT_STOP,0,F0:9,5569,1,0,0,0,0,0,0,0,5568,8,0,false,false,32,0.2875,1.0000,15
2026-05-05 23:39:27,run_1778011901552,12,149,1850,v3,16,true,32,17,0,0.0,16,10.4908,-9.5960,0.8948,0.78498,AGENT_STOP,1,F0:14|F1:2,9681,0,0,0,0,0,0,0,0,9681,4,0,false,false,32,0.2618,1.0000,17
2026-05-05 23:39:37,run_1778011901552,13,9,1860,v3,16,true,32,22,0,0.0,21,15.7908,-8.0586,7.7322,0.78401,AGENT_STOP,1,F0:15|F1:6,10960,0,0,0,0,0,0,0,0,10960,19,0,false,false,32,0.2845,1.0000,20
2026-05-05 23:39:48,run_1778011901552,13,19,1870,v3,16,true,32,19,0,0.0,18,11.1700,-12.2472,-1.0772,0.78304,AGENT_STOP,0,F0:18,9700,0,0,0,0,0,0,0,0,9700,12,0,false,false,32,0.2786,1.0000,16
2026-05-05 23:39:55,run_1778011901552,13,29,1880,v3,16,true,32,12,0,0.0,11,5.8040,-10.9562,-5.1522,0.78206,AGENT_STOP,1,F0:9|F1:2,5399,0,0,0,0,0,0,0,0,5399,8,0,false,false,32,0.3028,1.0000,19
2026-05-05 23:40:05,run_1778011901552,13,39,1890,v3,16,true,32,8,0,0.0,7,3.1400,-8.8195,-5.6795,0.78110,AGENT_STOP,0,F0:7,3450,0,0,0,0,0,0,0,0,3450,5,0,false,false,32,0.2718,1.0000,16
2026-05-05 23:40:18,run_1778011901552,13,49,1900,v3,16,true,32,13,0,0.0,12,7.9422,-6.1090,1.8332,0.78013,AGENT_STOP,2,F0:5|F1:5|F2:2,7135,0,0,0,0,0,0,0,0,7135,12,0,false,false,32,0.2965,1.0000,19
2026-05-05 23:40:31,run_1778011901552,13,59,1910,v3,16,true,32,23,0,0.0,23,17.2886,-9.0474,8.2412,0.77916,AGENT_STOP,2,F0:13|F1:9|F2:1,11804,0,0,0,0,0,1,0,0,11803,19,0,false,false,32,0.3118,1.0000,19
2026-05-05 23:40:39,run_1778011901552,13,69,1920,v3,16,true,32,12,0,0.0,11,5.1720,-15.3912,-10.2192,0.77819,AGENT_STOP,1,F0:10|F1:1,5462,0,0,0,0,0,0,0,0,5462,7,0,false,false,32,0.2317,1.0000,17
2026-05-05 23:40:49,run_1778011901552,13,79,1930,v3,16,true,32,16,0,0.0,15,8.6700,-21.3006,-12.6306,0.77723,AGENT_STOP,1,F0:12|F1:3,7764,0,0,0,0,0,0,0,0,7764,14,0,false,false,32,0.2818,1.0000,18
2026-05-05 23:41:02,run_1778011901552,13,89,1940,v3,16,true,32,15,0,0.0,14,8.4908,-11.5963,-3.1055,0.77627,AGENT_STOP,1,F0:9|F1:5,7655,0,0,0,0,0,1,0,0,7654,14,0,false,false,32,0.2794,1.0000,18
2026-05-05 23:41:13,run_1778011901552,13,99,1950,v3,16,true,32,12,0,0.0,11,6.1480,-7.9910,-1.8430,0.77530,AGENT_STOP,1,F0:6|F1:5,6081,0,0,0,0,0,0,0,0,6081,8,0,false,false,32,0.2731,1.0000,20
2026-05-05 23:41:24,run_1778011901552,13,109,1960,v3,16,true,32,15,0,0.0,14,8.6048,-20.3835,-11.7787,0.77434,AGENT_STOP,1,F0:10|F1:4,7814,0,0,0,0,0,1,0,0,7813,9,0,false,false,32,0.2992,1.0000,18
2026-05-05 23:41:33,run_1778011901552,13,119,1970,v3,16,true,32,19,0,0.0,18,12.3836,-14.8793,-2.4957,0.77338,AGENT_STOP,1,F0:13|F1:5,9874,0,0,0,0,0,2,0,0,9872,10,0,false,false,32,0.2987,1.0000,18
2026-05-05 23:41:46,run_1778011901552,13,129,1980,v3,16,true,32,29,0,0.0,28,23.3748,-10.1903,13.1845,0.77242,AGENT_STOP,1,F0:21|F1:7,15406,0,0,0,0,0,1,0,0,15405,18,0,false,false,32,0.3114,1.0000,19
2026-05-05 23:41:57,run_1778011901552,13,139,1990,v3,16,true,32,13,0,0.0,12,7.5320,-7.5694,-0.0374,0.77147,AGENT_STOP,1,F0:11|F1:1,7340,0,0,0,0,0,2,0,0,7338,9,0,false,false,32,0.3136,1.0000,18
2026-05-05 23:42:05,run_1778011901552,13,149,2000,v3,16,true,32,21,0,0.0,20,13.4500,-14.0955,-0.6455,0.77051,AGENT_STOP,1,F0:17|F1:3,11723,0,0,0,0,0,3,0,0,11720,17,0,false,false,32,0.3053,1.0000,19
2026-05-05 23:42:14,run_1778011901552,14,9,2010,v3,16,true,32,39,1,2.6,38,33.9836,-15.3963,18.5873,0.76956,AGENT_STOP,1,F0:30|F1:8,19625,1,0,0,0,0,0,0,0,19624,36,0,false,false,32,0.3070,1.0000,19
2026-05-05 23:42:21,run_1778011901552,14,19,2020,v3,16,true,32,6,0,0.0,5,1.6800,-10.1516,-8.4716,0.76860,AGENT_STOP,0,F0:5,3349,0,0,0,0,0,0,0,0,3349,5,0,false,false,32,0.1919,1.0000,13
2026-05-05 23:42:31,run_1778011901552,14,29,2030,v3,16,true,32,7,0,0.0,6,2.5000,-8.8810,-6.3810,0.76765,AGENT_STOP,0,F0:6,2728,0,0,0,0,0,0,0,0,2728,6,0,false,false,32,0.2671,1.0000,16
2026-05-05 23:42:39,run_1778011901552,14,39,2040,v3,16,true,32,13,0,0.0,12,6.0480,-12.8043,-6.7563,0.76670,AGENT_STOP,1,F0:10|F1:2,7790,0,0,0,0,0,0,0,0,7790,10,0,false,false,32,0.2748,1.0000,19
2026-05-05 23:42:50,run_1778011901552,14,49,2050,v3,16,true,32,9,0,0.0,8,4.1720,-6.9850,-2.8130,0.76575,AGENT_STOP,1,F0:7|F1:1,5352,0,0,0,0,0,0,0,0,5352,6,0,false,false,32,0.3053,1.0000,19
2026-05-05 23:43:00,run_1778011901552,14,59,2060,v3,16,true,32,11,0,0.0,10,4.8120,-13.3316,-8.5196,0.76480,AGENT_STOP,1,F0:9|F1:1,5110,0,0,0,0,0,0,0,0,5110,18,0,false,false,32,0.3027,1.0000,19
2026-05-05 23:43:11,run_1778011901552,14,69,2070,v3,16,true,32,7,0,0.0,6,3.2000,-5.5695,-2.3695,0.76385,AGENT_STOP,0,F0:6,3632,0,0,0,0,0,1,0,0,3631,8,0,false,false,32,0.2836,1.0000,15
2026-05-05 23:43:24,run_1778011901552,14,79,2080,v3,16,true,32,13,0,0.0,13,8.1480,-8.7204,-0.5724,0.76290,AGENT_STOP,1,F0:11|F1:2,7652,0,0,0,0,0,1,0,0,7651,10,0,false,false,32,0.3016,1.0000,18
2026-05-05 23:43:33,run_1778011901552,14,89,2090,v3,16,true,32,27,0,0.0,26,20.9656,-7.7754,13.1902,0.76196,AGENT_STOP,1,F0:15|F1:11,12873,0,0,0,0,0,3,0,0,12870,22,0,false,false,32,0.2883,1.0000,20
2026-05-05 23:43:44,run_1778011901552,14,99,2100,v3,16,true,32,6,0,0.0,5,2.1700,-10.1516,-7.9816,0.76101,AGENT_STOP,0,F0:5,3442,0,0,0,0,0,0,0,0,3442,3,0,false,false,32,0.2617,1.0000,14
2026-05-05 23:43:52,run_1778011901552,14,109,2110,v3,16,true,32,8,0,0.0,7,3.6000,-6.5967,-2.9967,0.76007,AGENT_STOP,0,F0:7,3342,0,0,0,0,0,1,0,0,3341,5,0,false,false,32,0.2694,1.0000,15
2026-05-05 23:44:01,run_1778011901552,14,119,2120,v3,16,true,32,13,0,0.0,12,5.8800,-11.4790,-5.5990,0.75913,AGENT_STOP,0,F0:12,7543,0,0,0,0,0,0,0,0,7543,7,0,false,false,32,0.2173,1.0000,14
2026-05-05 23:44:10,run_1778011901552,14,129,2130,v3,16,true,32,9,0,0.0,8,4.4800,-6.6945,-2.2145,0.75819,AGENT_STOP,0,F0:8,5609,0,0,0,0,0,1,0,0,5608,7,0,false,false,32,0.2748,1.0000,15
2026-05-05 23:44:21,run_1778011901552,14,139,2140,v3,16,true,32,14,0,0.0,14,7.7708,-9.1207,-1.3499,0.75725,AGENT_STOP,1,F0:12|F1:2,6648,0,0,0,0,0,1,0,0,6647,13,0,false,false,32,0.3037,1.0000,19
2026-05-05 23:44:32,run_1778011901552,14,149,2150,v3,16,true,32,7,0,0.0,6,3.0308,-7.3227,-4.2919,0.75631,AGENT_STOP,1,F0:4|F1:2,3700,0,0,0,0,0,0,0,0,3700,3,0,false,false,32,0.3017,1.0000,18
2026-05-05 23:44:41,run_1778011901552,15,9,2160,v3,16,true,32,15,0,0.0,14,8.7100,-7.9422,0.7678,0.75537,AGENT_STOP,1,F0:11|F1:3,7630,0,0,0,0,0,0,0,0,7630,10,0,false,false,32,0.3027,1.0000,18
2026-05-05 23:44:51,run_1778011901552,15,19,2170,v3,16,true,32,22,0,0.0,21,13.3520,-13.7874,-0.4354,0.75444,AGENT_STOP,1,F0:20|F1:1,10461,0,0,0,0,0,2,0,0,10459,15,0,false,false,32,0.3008,1.0000,19
2026-05-05 23:45:00,run_1778011901552,15,29,2180,v3,16,true,32,9,0,0.0,8,4.2520,-7.0185,-2.7665,0.75350,AGENT_STOP,1,F0:7|F1:1,5312,0,0,0,0,0,1,0,0,5311,6,0,false,false,32,0.2351,1.0000,15
2026-05-05 23:45:10,run_1778011901552,15,39,2190,v3,16,true,32,35,0,0.0,34,30.5744,-22.4784,8.0960,0.75257,AGENT_STOP,1,F0:24|F1:10,17290,0,0,0,0,0,2,0,0,17288,32,0,false,false,32,0.3026,1.0000,19
2026-05-05 23:45:22,run_1778011901552,15,49,2200,v3,16,true,32,26,0,0.0,25,18.5140,-16.5412,1.9728,0.75163,AGENT_STOP,1,F0:23|F1:2,12740,0,0,0,0,0,2,0,0,12738,19,0,false,false,32,0.3027,1.0000,18
2026-05-05 23:45:31,run_1778011901552,15,59,2210,v3,16,true,32,29,0,0.0,29,25.6594,-8.0611,17.5982,0.75070,AGENT_STOP,3,F0:18|F1:4|F2:4|F3:3,15215,0,0,0,0,0,4,0,0,15211,22,0,false,false,32,0.3184,1.0000,18
2026-05-05 23:45:38,run_1778011901552,15,69,2220,v3,16,true,32,8,0,0.0,7,4.4020,-5.2433,-0.8413,0.74977,AGENT_STOP,1,F0:6|F1:1,3394,0,0,0,0,0,0,0,0,3394,7,0,false,false,32,0.2922,1.0000,18
2026-05-05 23:45:46,run_1778011901552,15,79,2230,v3,16,true,32,13,0,0.0,12,7.3948,-8.5808,-1.1860,0.74884,AGENT_STOP,1,F0:8|F1:4,7045,0,0,0,0,0,1,0,0,7044,12,0,false,false,32,0.3004,1.0000,18
2026-05-05 23:45:56,run_1778011901552,15,89,2240,v3,16,true,32,14,0,0.0,13,6.9640,-10.8085,-3.8445,0.74791,AGENT_STOP,1,F0:11|F1:2,7193,0,0,0,0,0,2,0,0,7191,10,0,false,false,32,0.2974,1.0000,18
2026-05-05 23:46:07,run_1778011901552,15,99,2250,v3,16,true,32,33,0,0.0,32,27.1740,-31.6977,-4.5237,0.74699,AGENT_STOP,1,F0:23|F1:9,17411,0,0,0,0,0,1,0,0,17410,30,0,false,false,32,0.2928,1.0000,19
2026-05-05 23:46:15,run_1778011901552,15,109,2260,v3,16,true,32,12,0,0.0,11,5.6220,-10.5647,-4.9427,0.74606,AGENT_STOP,1,F0:10|F1:1,5359,0,0,0,0,0,0,0,0,5359,7,0,false,false,32,0.2372,1.0000,16
2026-05-05 23:46:23,run_1778011901552,15,119,2270,v3,16,true,32,15,0,0.0,14,8.6400,-6.7225,1.9175,0.74514,AGENT_STOP,0,F0:14,7497,0,0,0,0,0,0,0,0,7497,15,0,false,false,32,0.2664,1.0000,15
2026-05-05 23:46:31,run_1778011901552,15,129,2280,v3,16,true,32,11,0,0.0,10,5.7420,-10.7749,-5.0329,0.74421,AGENT_STOP,1,F0:9|F1:1,5613,0,0,0,0,0,0,0,0,5613,9,0,false,false,32,0.2970,1.0000,19
2026-05-05 23:46:37,run_1778011901552,15,139,2290,v3,16,true,32,8,0,0.0,7,3.5600,-7.5375,-3.9775,0.74329,AGENT_STOP,0,F0:7,3328,0,0,0,0,0,0,0,0,3328,4,0,false,false,32,0.2790,1.0000,16
2026-05-05 23:46:47,run_1778011901552,15,149,2300,v3,16,true,32,8,0,0.0,7,4.0500,-5.8629,-1.8129,0.74237,AGENT_STOP,0,F0:7,3603,0,0,0,0,0,0,0,0,3603,7,0,false,false,32,0.2694,1.0000,15
2026-05-05 23:46:55,run_1778011901552,16,9,2310,v3,16,true,32,10,0,0.0,9,5.4868,-6.8030,-1.3162,0.74145,AGENT_STOP,2,F0:6|F1:2|F2:1,5359,0,0,0,0,0,0,0,0,5359,7,0,false,false,32,0.3002,1.0000,18
2026-05-05 23:47:05,run_1778011901552,16,19,2320,v3,16,true,32,19,0,0.0,18,13.1510,-8.3110,4.8400,0.74053,AGENT_STOP,2,F0:10|F1:6|F2:2,10257,0,0,0,0,0,0,0,0,10257,18,0,false,false,32,0.3148,1.0000,19
2026-05-05 23:47:18,run_1778011901552,16,29,2330,v3,16,true,32,9,0,0.0,8,4.2620,-8.7420,-4.4800,0.73961,AGENT_STOP,1,F0:7|F1:1,5341,0,0,0,0,0,0,0,0,5341,10,0,false,false,32,0.3084,1.0000,19
2026-05-05 23:47:29,run_1778011901552,16,39,2340,v3,16,true,32,11,0,0.0,10,5.2520,-7.6464,-2.3944,0.73869,AGENT_STOP,1,F0:9|F1:1,5439,0,0,0,0,0,0,0,0,5439,10,0,false,false,32,0.2450,1.0000,17
2026-05-05 23:47:38,run_1778011901552,16,49,2350,v3,16,true,32,32,0,0.0,32,27.7148,-12.0461,15.6687,0.73778,AGENT_STOP,1,F0:23|F1:9,15515,0,0,0,0,0,1,0,0,15514,31,0,false,false,32,0.3047,1.0000,19
2026-05-05 23:47:45,run_1778011901552,16,59,2360,v3,16,true,32,6,0,0.0,5,2.5900,-10.1516,-7.5616,0.73686,AGENT_STOP,0,F0:5,3640,0,0,0,0,0,0,0,0,3640,6,0,false,false,32,0.2803,1.0000,15
2026-05-05 23:47:58,run_1778011901552,16,69,2370,v3,16,true,32,10,0,0.0,9,4.4200,-11.5606,-7.1406,0.73595,AGENT_STOP,0,F0:9,5013,0,0,0,0,0,0,0,0,5013,6,0,false,false,32,0.2739,1.0000,16
2026-05-05 23:48:05,run_1778011901552,16,79,2380,v3,16,true,32,8,0,0.0,7,2.9900,-10.1947,-7.2047,0.73504,AGENT_STOP,0,F0:7,3131,0,0,0,0,0,0,0,0,3131,7,0,false,false,32,0.2524,1.0000,14
2026-05-05 23:48:11,run_1778011901552,16,89,2390,v3,16,true,32,10,0,0.0,9,4.8100,-7.6698,-2.8598,0.73413,AGENT_STOP,0,F0:9,5156,0,0,0,0,0,0,0,0,5156,10,0,false,false,32,0.2647,1.0000,15
2026-05-05 23:48:18,run_1778011901552,16,99,2400,v3,16,true,32,12,0,0.0,11,5.9100,-8.6647,-2.7547,0.73322,AGENT_STOP,0,F0:11,5502,0,0,0,0,0,0,0,0,5502,9,0,false,false,32,0.2600,1.0000,15
2026-05-05 23:48:26,run_1778011901552,16,109,2410,v3,16,true,32,12,0,0.0,11,6.7560,-7.0679,-0.3119,0.73231,AGENT_STOP,1,F0:8|F1:3,5811,0,0,0,0,0,0,0,0,5811,6,0,false,false,32,0.3125,1.0000,19
2026-05-05 23:48:36,run_1778011901552,16,119,2420,v3,16,true,32,9,0,0.0,8,3.2600,-9.9265,-6.6665,0.73140,AGENT_STOP,0,F0:8,5096,0,0,0,0,0,0,0,0,5096,6,0,false,false,32,0.1940,1.0000,14
2026-05-05 23:48:45,run_1778011901552,16,129,2430,v3,16,true,32,10,0,0.0,9,4.6280,-6.9452,-2.3172,0.73050,AGENT_STOP,1,F0:7|F1:2,5593,0,0,0,0,0,0,0,0,5593,5,0,false,false,32,0.2208,1.0000,17
2026-05-05 23:48:54,run_1778011901552,16,139,2440,v3,16,true,32,6,0,0.0,5,2.5900,-10.1516,-7.5616,0.72959,AGENT_STOP,0,F0:5,3365,0,0,0,0,0,0,0,0,3365,5,0,false,false,32,0.2803,1.0000,15
2026-05-05 23:49:05,run_1778011901552,16,149,2450,v3,16,true,32,34,0,0.0,36,30.5480,-12.4553,18.0927,0.72869,AGENT_STOP,2,F0:20|F1:9|F2:7,16437,0,0,0,0,0,0,0,0,16437,33,0,false,false,32,0.3125,1.0000,19
2026-05-05 23:49:14,run_1778011901552,17,9,2460,v3,16,true,32,9,0,0.0,8,4.3200,-8.0221,-3.7021,0.72778,AGENT_STOP,0,F0:8,5165,0,0,0,0,0,0,0,0,5165,8,0,false,false,32,0.2749,1.0000,15
2026-05-05 23:49:23,run_1778011901552,17,19,2470,v3,16,true,32,12,0,0.0,11,5.6620,-20.1126,-14.4506,0.72688,AGENT_STOP,1,F0:10|F1:1,5573,0,0,0,0,0,0,0,0,5573,12,0,false,false,32,0.3056,1.0000,19
2026-05-05 23:49:35,run_1778011901552,17,29,2480,v3,16,true,32,27,0,0.0,27,20.8796,-31.4098,-10.5302,0.72598,AGENT_STOP,2,F0:19|F1:5|F2:3,12817,0,0,0,0,0,0,0,0,12817,24,0,false,false,32,0.3146,1.0000,19
2026-05-05 23:49:48,run_1778011901552,17,39,2490,v3,16,true,32,20,0,0.0,19,12.9858,-13.5623,-0.5764,0.72508,AGENT_STOP,2,F0:12|F1:6|F2:1,9407,0,0,0,0,0,0,0,0,9407,18,0,false,false,32,0.2963,1.0000,19
2026-05-05 23:49:54,run_1778011901552,17,49,2500,v3,16,true,32,8,0,0.0,7,3.7100,-7.7588,-4.0488,0.72418,AGENT_STOP,1,F0:4|F1:3,3613,0,0,0,0,0,0,0,0,3613,6,0,false,false,32,0.2871,1.0000,19
2026-05-05 23:50:07,run_1778011901552,17,59,2510,v3,16,true,32,46,2,4.3,44,23.4112,-21.1622,2.2490,0.72328,AGENT_STOP,2,F0:35|F1:6|F2:3,21943,2,0,0,0,0,0,0,0,21941,42,0,false,false,32,0.3073,1.0000,20
2026-05-05 23:50:16,run_1778011901552,17,69,2520,v3,16,true,32,9,0,0.0,8,3.3500,-10.3137,-6.9637,0.72239,AGENT_STOP,0,F0:8,5197,0,0,0,0,0,0,0,0,5197,7,0,false,false,32,0.1976,1.0000,13
2026-05-05 23:50:26,run_1778011901552,17,79,2530,v3,16,true,32,17,0,0.0,16,11.2524,-4.8722,6.3802,0.72149,AGENT_STOP,1,F0:8|F1:8,9200,0,0,0,0,0,1,0,0,9199,12,0,false,false,32,0.2805,1.0000,19
2026-05-05 23:50:37,run_1778011901552,17,89,2540,v3,16,true,32,21,0,0.0,20,15.2518,-8.2960,6.9557,0.72060,AGENT_STOP,2,F0:11|F1:7|F2:2,11115,0,0,0,0,0,0,0,0,11115,18,0,false,false,32,0.2996,1.0000,20
2026-05-05 23:50:44,run_1778011901552,17,99,2550,v3,16,true,32,40,0,0.0,40,38.8397,-9.4072,29.4324,0.71970,AGENT_STOP,2,F0:21|F1:17|F2:2,18189,0,0,0,0,0,0,0,0,18189,31,0,false,false,32,0.3034,1.0000,20
2026-05-05 23:50:54,run_1778011901552,17,109,2560,v3,16,true,32,15,0,0.0,14,8.6160,-16.2956,-7.6796,0.71881,AGENT_STOP,1,F0:11|F1:3,7198,0,0,0,0,0,0,0,0,7198,14,0,false,false,32,0.3057,1.0000,18
2026-05-05 23:51:07,run_1778011901552,17,119,2570,v3,16,true,32,45,0,0.0,45,47.7620,-9.0741,38.6879,0.71792,AGENT_STOP,1,F0:34|F1:11,21246,0,0,0,0,0,1,0,0,21245,36,0,false,false,32,0.2947,1.0000,20
2026-05-05 23:51:15,run_1778011901552,17,129,2580,v3,16,true,32,13,0,0.0,12,7.1908,-8.4375,-1.2467,0.71703,AGENT_STOP,1,F0:10|F1:2,6945,0,0,0,0,0,2,0,0,6943,10,0,false,false,32,0.3072,1.0000,18
2026-05-05 23:51:22,run_1778011901552,17,139,2590,v3,16,true,32,10,0,0.0,9,4.5400,-8.7621,-4.2221,0.71614,AGENT_STOP,0,F0:9,5240,0,0,0,0,0,0,0,0,5240,8,0,false,false,32,0.2739,1.0000,16
2026-05-05 23:51:32,run_1778011901552,17,149,2600,v3,16,true,32,15,0,0.0,14,8.7100,-12.9337,-4.2237,0.71525,AGENT_STOP,1,F0:11|F1:3,7367,0,0,0,0,0,0,0,0,7367,10,0,false,false,32,0.3116,1.0000,18
2026-05-05 23:51:39,run_1778011901552,18,9,2610,v3,16,true,32,6,0,0.0,5,2.5900,-10.1516,-7.5616,0.71437,AGENT_STOP,0,F0:5,3463,0,0,0,0,0,0,0,0,3463,3,0,false,false,32,0.2803,1.0000,15
2026-05-05 23:51:50,run_1778011901552,18,19,2620,v3,16,true,32,13,0,0.0,12,7.2584,-6.8662,0.3922,0.71348,AGENT_STOP,1,F0:8|F1:4,7195,0,0,0,0,0,0,0,0,7195,12,0,false,false,32,0.2845,1.0000,19
2026-05-05 23:52:00,run_1778011901552,18,29,2630,v3,16,true,32,10,0,0.0,9,5.1100,-7.1540,-2.0440,0.71260,AGENT_STOP,0,F0:9,5369,0,0,0,0,0,0,0,0,5369,10,0,false,false,32,0.2720,1.0000,15
2026-05-05 23:52:10,run_1778011901552,18,39,2640,v3,16,true,32,8,0,0.0,7,3.5740,-5.6566,-2.0826,0.71171,AGENT_STOP,1,F0:5|F1:2,3398,0,0,0,0,0,0,0,0,3398,4,0,false,false,32,0.2485,1.0000,16
2026-05-05 23:52:19,run_1778011901552,18,49,2650,v3,16,true,32,13,0,0.0,12,7.2300,-8.4599,-1.2299,0.71083,AGENT_STOP,1,F0:9|F1:3,7222,0,0,0,0,0,0,0,0,7222,10,0,false,false,32,0.2843,1.0000,18
2026-05-05 23:52:28,run_1778011901552,18,59,2660,v3,16,true,32,12,0,0.0,11,6.7768,-6.7163,0.0605,0.70995,AGENT_STOP,1,F0:8|F1:3,5356,0,0,0,0,0,0,0,0,5356,9,0,false,false,32,0.2904,1.0000,18
2026-05-05 23:52:37,run_1778011901552,18,69,2670,v3,16,true,32,11,0,0.0,10,5.2696,-9.2766,-4.0070,0.70907,AGENT_STOP,1,F0:7|F1:3,5425,0,0,0,0,0,0,0,0,5425,7,0,false,false,32,0.2935,1.0000,18
2026-05-05 23:52:45,run_1778011901552,18,79,2680,v3,16,true,32,16,0,0.0,15,9.3156,-12.5375,-3.2219,0.70819,AGENT_STOP,1,F0:11|F1:4,6779,0,0,0,0,0,0,0,0,6779,15,0,false,false,32,0.2921,1.0000,18
2026-05-05 23:52:55,run_1778011901552,18,89,2690,v3,16,true,32,12,0,0.0,11,6.5500,-7.2955,-0.7455,0.70731,AGENT_STOP,1,F0:8|F1:3,5418,0,0,0,0,0,0,0,0,5418,22,0,false,false,32,0.3055,1.0000,18
2026-05-05 23:53:04,run_1778011901552,18,99,2700,v3,16,true,32,7,0,0.0,6,3.2900,-5.9399,-2.6499,0.70644,AGENT_STOP,0,F0:6,3643,0,0,0,0,0,0,0,0,3643,4,0,false,false,32,0.2867,1.0000,15
2026-05-05 23:53:15,run_1778011901552,18,109,2710,v3,16,true,32,37,2,5.4,35,23.5468,-12.7547,10.7921,0.70556,AGENT_STOP,2,F0:27|F1:4|F2:4,18925,2,0,0,0,0,0,0,0,18923,39,0,false,false,32,0.3016,1.0000,20
2026-05-05 23:53:25,run_1778011901552,18,119,2720,v3,16,true,32,6,0,0.0,5,2.2800,-10.1516,-7.8716,0.70469,AGENT_STOP,0,F0:5,3679,0,0,0,0,0,0,0,0,3679,4,0,false,false,32,0.2178,1.0000,13
2026-05-05 23:53:31,run_1778011901552,18,129,2730,v3,16,true,32,11,0,0.0,10,5.2540,-9.5891,-4.3351,0.70381,AGENT_STOP,1,F0:8|F1:2,5249,0,0,0,0,0,0,0,0,5249,7,0,false,false,32,0.3073,1.0000,19
2026-05-05 23:53:41,run_1778011901552,18,139,2740,v3,16,true,32,36,0,0.0,36,33.2010,-14.4162,18.7848,0.70294,AGENT_STOP,2,F0:20|F1:10|F2:6,16049,0,0,0,0,0,0,0,0,16049,29,0,false,false,32,0.3054,1.0000,20
2026-05-05 23:53:52,run_1778011901552,18,149,2750,v3,16,true,32,39,0,0.0,40,39.6763,-14.8800,24.7964,0.70207,AGENT_STOP,3,F0:24|F1:10|F2:4|F3:2,19297,0,0,0,0,0,0,0,0,19297,31,0,false,false,32,0.3305,1.0000,19
2026-05-05 23:53:59,run_1778011901552,19,9,2760,v3,16,true,32,6,0,0.0,5,2.7400,-10.1516,-7.4116,0.70120,AGENT_STOP,0,F0:5,3307,0,0,0,0,0,0,0,0,3307,3,0,false,false,32,0.2617,1.0000,15
2026-05-05 23:54:07,run_1778011901552,19,19,2770,v3,16,true,32,8,0,0.0,7,3.4200,-7.3791,-3.9591,0.70033,AGENT_STOP,0,F0:7,3274,0,0,0,0,0,0,0,0,3274,5,0,false,false,32,0.2694,1.0000,15
2026-05-05 23:54:17,run_1778011901552,19,29,2780,v3,16,true,32,14,0,0.0,13,7.6100,-6.9751,0.6349,0.69946,AGENT_STOP,0,F0:13,6560,0,0,0,0,0,0,0,0,6560,12,0,false,false,32,0.2698,1.0000,15
2026-05-05 23:54:28,run_1778011901552,19,39,2790,v3,16,true,32,10,0,0.0,9,5.3218,-5.6763,-0.3545,0.69860,AGENT_STOP,2,F0:4|F1:4|F2:1,5069,0,0,0,0,0,0,0,0,5069,8,0,false,false,32,0.2798,1.0000,18
2026-05-05 23:54:37,run_1778011901552,19,49,2800,v3,16,true,32,15,0,0.0,15,7.8788,-10.1831,-2.3043,0.69773,AGENT_STOP,1,F0:8|F1:7,8199,0,0,0,0,0,0,0,0,8199,10,0,false,false,32,0.2389,1.0000,17
2026-05-05 23:54:46,run_1778011901552,19,59,2810,v3,16,true,32,16,0,0.0,15,10.4000,-8.0247,2.3753,0.69687,AGENT_STOP,1,F0:12|F1:3,7458,0,0,0,0,0,0,0,0,7458,10,0,false,false,32,0.3065,1.0000,19
2026-05-05 23:54:55,run_1778011901552,19,69,2820,v3,16,true,32,7,0,0.0,7,2.9600,-9.5893,-6.6293,0.69600,AGENT_STOP,0,F0:7,3433,0,0,0,0,0,0,0,0,3433,6,0,false,false,32,0.2725,1.0000,15
2026-05-05 23:55:04,run_1778011901552,19,79,2830,v3,16,true,32,12,0,0.0,11,6.4280,-9.8484,-3.4204,0.69514,AGENT_STOP,1,F0:9|F1:2,5250,0,0,0,0,0,0,0,0,5250,10,0,false,false,32,0.2883,1.0000,18
2026-05-05 23:55:13,run_1778011901552,19,89,2840,v3,16,true,32,24,0,0.0,23,16.9700,-14.9074,2.0626,0.69428,AGENT_STOP,2,F0:17|F1:4|F2:2,10689,0,0,0,0,0,0,0,0,10689,17,0,false,false,32,0.3113,1.0000,19
2026-05-05 23:55:23,run_1778011901552,19,99,2850,v3,16,true,32,37,0,0.0,37,32.7708,-42.4314,-9.6606,0.69342,AGENT_STOP,2,F0:29|F1:7|F2:1,17085,0,0,0,0,0,0,0,0,17085,36,0,false,false,32,0.3222,1.0000,19
2026-05-05 23:55:38,run_1778011901552,19,109,2860,v3,16,true,32,38,0,0.0,38,36.7122,-8.9471,27.7651,0.69256,AGENT_STOP,2,F0:25|F1:11|F2:2,17013,0,0,0,0,0,0,0,0,17013,34,0,false,false,32,0.3100,1.0000,19
2026-05-05 23:55:50,run_1778011901552,19,119,2870,v3,16,true,32,26,0,0.0,26,21.1688,-6.8669,14.3019,0.69170,AGENT_STOP,2,F0:22|F1:3|F2:1,11581,0,0,0,0,0,0,0,0,11581,26,0,false,false,32,0.3176,1.0000,18
2026-05-05 23:56:00,run_1778011901552,19,129,2880,v3,16,true,32,7,0,0.0,6,3.2900,-5.5273,-2.2373,0.69084,AGENT_STOP,0,F0:6,3345,0,0,0,0,0,0,0,0,3345,3,0,false,false,32,0.2867,1.0000,15
2026-05-05 23:56:13,run_1778011901552,19,139,2890,v3,16,true,32,10,0,0.0,9,4.9900,-6.9244,-1.9344,0.68999,AGENT_STOP,0,F0:9,5035,0,0,0,0,0,0,0,0,5035,8,0,false,false,32,0.2720,1.0000,15
2026-05-05 23:56:25,run_1778011901552,19,149,2900,v3,16,true,32,12,0,0.0,12,6.5620,-7.9638,-1.4018,0.68913,AGENT_STOP,1,F0:11|F1:1,4579,0,0,0,0,0,0,0,0,4579,8,0,false,false,32,0.3105,1.0000,18
2026-05-05 23:56:33,run_1778011901552,20,9,2910,v3,16,true,32,18,0,0.0,17,10.0620,-22.2217,-12.1597,0.68828,AGENT_STOP,1,F0:13|F1:4,7831,0,0,0,0,0,0,0,0,7831,14,0,false,false,32,0.2844,1.0000,18
2026-05-05 23:56:42,run_1778011901552,20,19,2920,v3,16,true,32,10,0,0.0,9,5.3400,-7.1871,-1.8471,0.68742,AGENT_STOP,1,F0:6|F1:3,5659,0,0,0,0,0,0,0,0,5659,9,0,false,false,32,0.3156,1.0000,18
2026-05-05 23:56:53,run_1778011901552,20,29,2930,v3,16,true,32,20,0,0.0,19,12.5220,-12.0445,0.4775,0.68657,AGENT_STOP,1,F0:18|F1:1,8912,0,0,0,0,0,0,0,0,8912,15,0,false,false,32,0.3136,1.0000,19
2026-05-05 23:57:00,run_1778011901552,20,39,2940,v3,16,true,32,6,0,0.0,5,1.8600,-10.1516,-8.2916,0.68572,AGENT_STOP,0,F0:5,3609,0,0,0,0,0,0,0,0,3609,2,0,false,false,32,0.2053,1.0000,14
2026-05-05 23:57:12,run_1778011901552,20,49,2950,v3,16,true,32,22,0,0.0,22,16.1820,-13.2525,2.9295,0.68487,AGENT_STOP,1,F0:18|F1:4,11832,0,0,0,0,0,0,0,0,11832,21,0,false,false,32,0.3193,1.0000,19
2026-05-05 23:57:26,run_1778011901552,20,59,2960,v3,16,true,32,26,0,0.0,25,19.5480,-8.0367,11.5113,0.68402,AGENT_STOP,1,F0:17|F1:8,12428,0,0,0,0,0,0,0,0,12428,24,0,false,false,32,0.2869,1.0000,19
2026-05-05 23:57:32,run_1778011901552,20,69,2970,v3,16,true,32,11,0,0.0,10,5.8700,-7.6352,-1.7652,0.68317,AGENT_STOP,0,F0:10,5317,0,0,0,0,0,0,0,0,5317,9,0,false,false,32,0.2611,1.0000,15
2026-05-05 23:57:43,run_1778011901552,20,79,2980,v3,16,true,32,6,0,0.0,5,2.4320,-10.1516,-7.7196,0.68233,AGENT_STOP,1,F0:4|F1:1,3565,0,0,0,0,0,0,0,0,3565,5,0,false,false,32,0.2856,1.0000,18
2026-05-05 23:57:52,run_1778011901552,20,89,2990,v3,16,true,32,8,0,0.0,8,4.1020,-6.7168,-2.6148,0.68148,AGENT_STOP,1,F0:7|F1:1,3593,0,0,0,0,0,0,0,0,3593,4,0,false,false,32,0.3166,1.0000,19
2026-05-05 23:58:00,run_1778011901552,20,99,3000,v3,16,true,32,13,0,0.0,12,6.9780,-11.1786,-4.2006,0.68064,AGENT_STOP,1,F0:7|F1:5,6642,0,0,0,0,0,0,0,0,6642,9,0,false,false,32,0.2659,1.0000,20
2026-05-05 23:58:12,run_1778011901552,20,109,3010,v3,16,true,32,6,0,0.0,5,3.0400,-10.1516,-7.1116,0.67979,AGENT_STOP,0,F0:5,3206,0,0,0,0,0,0,0,0,3206,4,0,false,false,32,0.2803,1.0000,15
2026-05-05 23:58:20,run_1778011901552,20,119,3020,v3,16,true,32,8,0,0.0,7,2.9900,-9.1685,-6.1785,0.67895,AGENT_STOP,0,F0:7,3155,0,0,0,0,0,0,0,0,3155,7,0,false,false,32,0.2524,1.0000,14
2026-05-05 23:58:34,run_1778011901552,20,129,3030,v3,16,true,32,44,2,4.5,42,30.7381,-8.4714,22.2667,0.67811,AGENT_STOP,2,F0:22|F1:9|F2:11,19408,2,0,0,0,0,1,0,0,19405,41,0,false,false,32,0.3095,1.0000,19
2026-05-05 23:58:46,run_1778011901552,20,139,3040,v3,16,true,32,21,0,0.0,20,13.3128,-10.6973,2.6155,0.67727,AGENT_STOP,1,F0:16|F1:4,9854,0,0,0,0,0,0,0,0,9854,15,0,false,false,32,0.2877,1.0000,19
2026-05-05 23:58:56,run_1778011901552,20,149,3050,v3,16,true,32,15,0,0.0,14,10.6360,-4.4407,6.1953,0.67643,AGENT_STOP,1,F0:11|F1:3,7903,0,0,0,0,0,0,0,0,7903,9,0,false,false,32,0.3219,1.0000,18
2026-05-05 23:59:04,run_1778011901552,21,9,3060,v3,16,true,32,13,0,0.0,12,5.6200,-14.9194,-9.2994,0.67559,AGENT_STOP,0,F0:12,7302,0,0,0,0,0,0,0,0,7302,10,0,false,false,32,0.2667,1.0000,16
2026-05-05 23:59:14,run_1778011901552,21,19,3070,v3,16,true,32,33,0,0.0,32,29.5028,-10.4541,19.0487,0.67475,AGENT_STOP,2,F0:22|F1:9|F2:1,16879,0,0,0,0,0,0,0,0,16879,32,0,false,false,32,0.3028,1.0000,19
2026-05-05 23:59:28,run_1778011901552,21,29,3080,v3,16,true,32,55,2,3.6,53,52.2530,-14.5873,37.6656,0.67392,MAX_STEPS,2,F0:31|F1:15|F2:7,24497,2,0,0,0,0,0,0,0,24495,48,0,false,false,32,0.2966,1.0000,20
2026-05-05 23:59:38,run_1778011901552,21,39,3090,v3,16,true,32,40,0,0.0,39,40.7944,-12.8352,27.9592,0.67308,AGENT_STOP,1,F0:26|F1:13,18021,0,0,0,0,0,0,0,0,18021,36,0,false,false,32,0.3263,1.0000,19
2026-05-05 23:59:49,run_1778011901552,21,49,3100,v3,16,true,32,23,0,0.0,22,15.2604,-15.9079,-0.6475,0.67225,AGENT_STOP,2,F0:16|F1:3|F2:3,10365,0,0,0,0,0,0,0,0,10365,17,0,false,false,32,0.2954,1.0000,20
2026-05-06 00:00:02,run_1778011901552,21,59,3110,v3,16,true,32,14,0,0.0,13,7.9826,-8.5998,-0.6172,0.67141,AGENT_STOP,2,F0:9|F1:3|F2:1,7017,0,0,0,0,0,0,0,0,7017,7,0,false,false,32,0.3051,1.0000,19
2026-05-06 00:00:14,run_1778011901552,21,69,3120,v3,16,true,32,47,0,0.0,47,50.3105,-15.7760,34.5345,0.67058,AGENT_STOP,2,F0:29|F1:8|F2:10,19614,0,0,0,0,0,2,0,0,19612,43,0,false,false,32,0.3109,1.0000,20
2026-05-06 00:00:24,run_1778011901552,21,79,3130,v3,16,true,32,15,0,0.0,14,8.4328,-9.0376,-0.6048,0.66975,AGENT_STOP,1,F0:11|F1:3,6425,0,0,0,0,0,0,0,0,6425,16,0,false,false,32,0.3144,1.0000,19
2026-05-06 00:00:36,run_1778011901552,21,89,3140,v3,16,true,32,47,0,0.0,47,51.4942,-19.7508,31.7433,0.66892,AGENT_STOP,2,F0:27|F1:13|F2:7,21460,0,0,0,0,0,0,0,0,21460,46,0,false,false,32,0.3088,1.0000,20
2026-05-06 00:00:47,run_1778011901552,21,99,3150,v3,16,true,32,24,0,0.0,23,16.7119,-24.6055,-7.8936,0.66809,AGENT_STOP,2,F0:18|F1:4|F2:1,9217,0,0,0,0,0,0,0,0,9217,17,0,false,false,32,0.3036,1.0000,20
2026-05-06 00:00:57,run_1778011901552,21,109,3160,v3,16,true,32,7,0,0.0,6,2.9000,-6.5227,-3.6227,0.66726,AGENT_STOP,0,F0:6,3076,0,0,0,0,0,0,0,0,3076,8,0,false,false,32,0.2671,1.0000,15
2026-05-06 00:01:06,run_1778011901552,21,119,3170,v3,16,true,32,17,0,0.0,16,8.4420,-16.9404,-8.4984,0.66644,AGENT_STOP,1,F0:15|F1:1,7511,0,0,0,0,0,0,0,0,7511,13,0,false,false,32,0.2966,1.0000,19
2026-05-06 00:01:15,run_1778011901552,21,129,3180,v3,16,true,32,27,0,0.0,27,19.9661,-11.0084,8.9577,0.66561,AGENT_STOP,2,F0:15|F1:10|F2:2,11819,0,0,0,0,0,0,0,0,11819,32,0,false,false,32,0.2977,1.0000,20
2026-05-06 00:01:24,run_1778011901552,21,139,3190,v3,16,true,32,13,0,0.0,14,7.6820,-6.9988,0.6832,0.66478,AGENT_STOP,1,F0:13|F1:1,6739,0,0,0,0,0,0,0,0,6739,10,0,false,false,32,0.3006,1.0000,19
2026-05-06 00:01:32,run_1778011901552,21,149,3200,v3,16,true,32,10,0,0.0,9,5.1420,-8.5801,-3.4381,0.66396,AGENT_STOP,1,F0:8|F1:1,5454,0,0,0,0,0,1,0,0,5453,3,0,false,false,32,0.3135,1.0000,19
2026-05-06 00:01:42,run_1778011901552,22,9,3210,v3,16,true,32,12,0,0.0,11,5.6800,-14.9012,-9.2212,0.66314,AGENT_STOP,1,F0:8|F1:3,5051,0,0,0,0,0,0,0,0,5051,11,0,false,false,32,0.2074,1.0000,16
2026-05-06 00:01:50,run_1778011901552,22,19,3220,v3,16,true,32,17,0,0.0,16,10.3580,-13.7454,-3.3874,0.66232,AGENT_STOP,1,F0:12|F1:4,7957,0,0,0,0,0,0,0,0,7957,11,0,false,false,32,0.2854,1.0000,20
2026-05-06 00:02:01,run_1778011901552,22,29,3230,v3,16,true,32,13,0,0.0,12,6.2340,-11.2498,-5.0158,0.66149,AGENT_STOP,1,F0:10|F1:2,6351,0,0,0,0,0,3,0,0,6348,8,0,false,false,32,0.3052,1.0000,19
2026-05-06 00:02:14,run_1778011901552,22,39,3240,v3,16,true,32,55,0,0.0,56,70.4667,-9.7742,60.6926,0.66067,MAX_STEPS,2,F0:32|F1:17|F2:7,26094,0,0,0,0,0,0,0,0,26094,38,0,false,false,32,0.3063,1.0000,20
2026-05-06 00:02:22,run_1778011901552,22,49,3250,v3,16,true,32,7,0,0.0,6,3.6800,-4.9457,-1.2657,0.65986,AGENT_STOP,0,F0:6,3072,0,0,0,0,0,0,0,0,3072,5,0,false,false,32,0.2867,1.0000,15
2026-05-06 00:02:31,run_1778011901552,22,59,3260,v3,16,true,32,6,0,0.0,5,2.1700,-10.1516,-7.9816,0.65904,AGENT_STOP,0,F0:5,3049,0,0,0,0,0,0,0,0,3049,4,0,false,false,32,0.2617,1.0000,14
2026-05-06 00:02:42,run_1778011901552,22,69,3270,v3,16,true,32,17,0,0.0,16,10.1600,-7.0376,3.1224,0.65822,AGENT_STOP,0,F0:16,9054,0,0,0,0,0,0,0,0,9054,16,0,false,false,32,0.2686,1.0000,15
2026-05-06 00:02:51,run_1778011901552,22,79,3280,v3,16,true,32,7,0,0.0,6,2.9820,-7.0033,-4.0213,0.65740,AGENT_STOP,1,F0:5|F1:1,3301,0,0,0,0,0,0,0,0,3301,5,0,false,false,32,0.2827,1.0000,18
2026-05-06 00:03:00,run_1778011901552,22,89,3290,v3,16,true,32,28,0,0.0,28,23.0416,-11.4028,11.6388,0.65659,AGENT_STOP,2,F0:12|F1:9|F2:7,13064,0,0,0,0,0,0,0,0,13064,23,0,false,false,32,0.3109,1.0000,20
2026-05-06 00:03:08,run_1778011901552,22,99,3300,v3,16,true,32,8,0,0.0,7,4.0720,-5.8203,-1.7483,0.65578,AGENT_STOP,1,F0:6|F1:1,3569,0,0,0,0,0,0,0,0,3569,9,0,false,false,32,0.2878,1.0000,18
2026-05-06 00:03:17,run_1778011901552,22,109,3310,v3,16,true,32,10,0,0.0,9,4.4800,-9.7846,-5.3046,0.65496,AGENT_STOP,0,F0:9,5051,0,0,0,0,0,0,0,0,5051,6,0,false,false,32,0.2720,1.0000,15
2026-05-06 00:03:26,run_1778011901552,22,119,3320,v3,16,true,32,26,0,0.0,25,18.6244,-11.5262,7.0982,0.65415,AGENT_STOP,1,F0:18|F1:7,12477,0,0,0,0,0,1,0,0,12476,22,0,false,false,32,0.2799,1.0000,20
2026-05-06 00:03:36,run_1778011901552,22,129,3330,v3,16,true,32,9,0,0.0,8,4.3480,-7.2578,-2.9098,0.65334,AGENT_STOP,1,F0:6|F1:2,5172,0,0,0,0,0,0,0,0,5172,6,0,false,false,32,0.3015,1.0000,18
2026-05-06 00:03:50,run_1778011901552,22,139,3340,v3,16,true,32,18,0,0.0,17,12.7960,-6.6381,6.1579,0.65253,AGENT_STOP,1,F0:13|F1:4,9443,0,0,0,0,0,0,0,0,9443,17,0,false,false,32,0.3031,1.0000,19
2026-05-06 00:03:57,run_1778011901552,22,149,3350,v3,16,true,32,11,0,0.0,10,5.4200,-8.3603,-2.9403,0.65172,AGENT_STOP,0,F0:10,5459,0,0,0,0,0,0,0,0,5459,9,0,false,false,32,0.2680,1.0000,16
2026-05-06 00:04:08,run_1778011901552,23,9,3360,v3,16,true,32,32,2,6.3,29,18.4885,-8.2403,10.2482,0.65091,AGENT_STOP,2,F0:20|F1:7|F2:2,15146,2,0,0,0,0,0,0,0,15144,22,0,false,false,32,0.3086,1.0000,19
2026-05-06 00:04:16,run_1778011901552,23,19,3370,v3,16,true,32,8,0,0.0,7,2.9720,-8.6173,-5.6453,0.65011,AGENT_STOP,1,F0:6|F1:1,3592,0,0,0,0,0,0,0,0,3592,6,0,false,false,32,0.2217,1.0000,16
2026-05-06 00:04:26,run_1778011901552,23,29,3380,v3,16,true,32,13,0,0.0,12,5.6500,-12.8483,-7.1983,0.64930,AGENT_STOP,0,F0:12,7055,0,0,0,0,0,0,0,0,7055,12,0,false,false,32,0.2780,1.0000,16
2026-05-06 00:04:37,run_1778011901552,23,39,3390,v3,16,true,32,16,0,0.0,16,8.5688,-17.8434,-9.2746,0.64850,AGENT_STOP,1,F0:12|F1:4,6840,0,0,0,0,0,0,0,0,6840,12,0,false,false,32,0.2840,1.0000,19
2026-05-06 00:04:47,run_1778011901552,23,49,3400,v3,16,true,32,34,0,0.0,33,31.4118,-9.2847,22.1270,0.64769,AGENT_STOP,2,F0:21|F1:3|F2:9,17273,0,0,0,0,0,0,0,0,17273,37,0,false,false,32,0.3035,1.0000,20
2026-05-06 00:04:56,run_1778011901552,23,59,3410,v3,16,true,32,19,0,0.0,18,11.1260,-12.7430,-1.6170,0.64689,AGENT_STOP,1,F0:14|F1:4,8765,0,0,0,0,0,0,0,0,8765,15,0,false,false,32,0.2949,1.0000,19
2026-05-06 00:05:04,run_1778011901552,23,69,3420,v3,16,true,32,33,1,3.0,31,18.3732,-15.4844,2.8888,0.64609,AGENT_STOP,1,F0:19|F1:12,16638,1,0,0,0,0,0,0,0,16637,29,0,false,false,32,0.2891,1.0000,20
2026-05-06 00:05:15,run_1778011901552,23,79,3430,v3,16,true,32,6,0,0.0,5,2.5900,-10.1516,-7.5616,0.64529,AGENT_STOP,0,F0:5,3571,0,0,0,0,0,0,0,0,3571,7,0,false,false,32,0.2803,1.0000,15
2026-05-06 00:05:27,run_1778011901552,23,89,3440,v3,16,true,32,16,0,0.0,15,9.4606,-13.5198,-4.0592,0.64449,AGENT_STOP,2,F0:10|F1:3|F2:2,7531,0,0,0,0,0,0,0,0,7531,15,0,false,false,32,0.3044,1.0000,18
2026-05-06 00:05:39,run_1778011901552,23,99,3450,v3,16,true,32,22,0,0.0,23,16.5280,-10.0001,6.5279,0.64369,AGENT_STOP,1,F0:21|F1:2,11780,0,0,0,0,0,0,0,0,11780,14,0,false,false,32,0.3325,1.0000,18
2026-05-06 00:05:49,run_1778011901552,23,109,3460,v3,16,true,32,15,0,0.0,14,7.3940,-13.9409,-6.5469,0.64289,AGENT_STOP,1,F0:12|F1:2,7229,0,0,0,0,0,0,0,0,7229,11,0,false,false,32,0.2965,1.0000,19
2026-05-06 00:06:00,run_1778011901552,23,119,3470,v3,16,true,32,15,0,0.0,14,8.7920,-17.0044,-8.2124,0.64209,AGENT_STOP,1,F0:10|F1:4,7326,0,0,0,0,0,0,0,0,7326,8,0,false,false,32,0.2978,1.0000,18
2026-05-06 00:06:12,run_1778011901552,23,129,3480,v3,16,true,32,21,0,0.0,20,15.0620,-10.1662,4.8958,0.64130,AGENT_STOP,1,F0:16|F1:4,10672,0,0,0,0,0,0,0,0,10672,16,0,false,false,32,0.3075,1.0000,19
2026-05-06 00:06:24,run_1778011901552,23,139,3490,v3,16,true,32,24,0,0.0,23,16.9758,-10.7813,6.1944,0.64050,AGENT_STOP,2,F0:14|F1:8|F2:1,10909,0,0,0,0,0,1,0,0,10908,21,0,false,false,32,0.2869,1.0000,20
2026-05-06 00:06:36,run_1778011901552,23,149,3500,v3,16,true,32,30,0,0.0,29,24.7540,-7.8794,16.8746,0.63971,AGENT_STOP,1,F0:21|F1:8,14360,0,0,0,0,0,1,0,0,14359,24,0,false,false,32,0.3108,1.0000,19
2026-05-06 00:06:46,run_1778011901552,24,9,3510,v3,16,true,32,17,0,0.0,17,11.2320,-11.6637,-0.4317,0.63892,AGENT_STOP,1,F0:16|F1:1,9222,0,0,0,0,0,0,0,0,9222,13,0,false,false,32,0.3243,1.0000,18
2026-05-06 00:06:57,run_1778011901552,24,19,3520,v3,16,true,32,43,0,0.0,42,43.7701,-14.4166,29.3534,0.63812,AGENT_STOP,2,F0:26|F1:14|F2:2,19393,0,0,0,0,0,0,0,0,19393,43,0,false,false,32,0.2921,1.0000,19
2026-05-06 00:07:03,run_1778011901552,24,29,3530,v3,16,true,32,6,0,0.0,5,2.2900,-10.1516,-7.8616,0.63733,AGENT_STOP,0,F0:5,3320,0,0,0,0,0,0,0,0,3320,3,0,false,false,32,0.2544,1.0000,15
2026-05-06 00:07:12,run_1778011901552,24,39,3540,v3,16,true,32,13,0,0.0,12,6.9520,-11.5341,-4.5821,0.63654,AGENT_STOP,1,F0:11|F1:1,7224,0,0,0,0,0,0,0,0,7224,8,0,false,false,32,0.2512,1.0000,17
2026-05-06 00:07:24,run_1778011901552,24,49,3550,v3,16,true,32,14,0,0.0,13,8.5540,-6.8866,1.6674,0.63575,AGENT_STOP,1,F0:11|F1:2,7703,0,0,0,0,0,0,0,0,7703,13,0,false,false,32,0.2995,1.0000,18
2026-05-06 00:07:35,run_1778011901552,24,59,3560,v3,16,true,32,13,0,0.0,13,8.4568,-7.7793,0.6775,0.63497,AGENT_STOP,2,F0:10|F1:2|F2:1,7828,0,0,0,0,0,0,0,0,7828,10,0,false,false,32,0.3193,1.0000,18
2026-05-06 00:07:48,run_1778011901552,24,69,3570,v3,16,true,32,55,0,0.0,56,70.0505,-36.1874,33.8631,0.63418,MAX_STEPS,4,F0:31|F1:9|F2:6|F3:8|F4:2,26169,0,0,0,0,0,0,0,0,26169,49,0,false,false,32,0.3266,1.0000,20
2026-05-06 00:07:56,run_1778011901552,24,79,3580,v3,16,true,32,12,0,0.0,11,6.4680,-8.3255,-1.8575,0.63339,AGENT_STOP,1,F0:9|F1:2,5126,0,0,0,0,0,0,0,0,5126,16,0,false,false,32,0.3103,1.0000,19
2026-05-06 00:08:04,run_1778011901552,24,89,3590,v3,16,true,32,8,0,0.0,7,2.7700,-12.6606,-9.8906,0.63261,AGENT_STOP,0,F0:7,3674,0,0,0,0,0,0,0,0,3674,4,0,false,false,32,0.1982,1.0000,13
2026-05-06 00:08:13,run_1778011901552,24,99,3600,v3,16,true,32,7,0,0.0,6,2.9000,-6.6370,-3.7370,0.63182,AGENT_STOP,0,F0:6,3480,0,0,0,0,0,1,0,0,3479,5,0,false,false,32,0.2671,1.0000,15
2026-05-06 00:08:23,run_1778011901552,24,109,3610,v3,16,true,32,6,0,0.0,5,2.0400,-10.1516,-8.1116,0.63104,AGENT_STOP,0,F0:5,3068,0,0,0,0,0,0,0,0,3068,3,0,false,false,32,0.1919,1.0000,13
2026-05-06 00:08:32,run_1778011901552,24,119,3620,v3,16,true,32,21,0,0.0,20,14.9018,-9.9172,4.9845,0.63026,AGENT_STOP,2,F0:13|F1:3|F2:4,10335,0,0,0,0,0,0,0,0,10335,16,0,false,false,32,0.3225,1.0000,19
2026-05-06 00:08:42,run_1778011901552,24,129,3630,v3,16,true,32,11,0,0.0,10,5.7216,-9.2699,-3.5483,0.62948,AGENT_STOP,1,F0:6|F1:4,5113,0,0,0,0,0,0,0,0,5113,9,0,false,false,32,0.3038,1.0000,18
2026-05-06 00:08:51,run_1778011901552,24,139,3640,v3,16,true,32,21,0,0.0,20,14.5708,-6.7581,7.8127,0.62870,AGENT_STOP,1,F0:11|F1:9,11413,0,0,0,0,0,1,0,0,11412,17,0,false,false,32,0.3099,1.0000,19
2026-05-06 00:09:04,run_1778011901552,24,149,3650,v3,16,true,32,45,0,0.0,45,47.4198,-25.9827,21.4372,0.62792,AGENT_STOP,2,F0:36|F1:8|F2:1,22438,0,0,0,0,0,1,0,0,22437,40,0,false,false,32,0.3206,1.0000,19
2026-05-06 00:09:15,run_1778011901552,25,9,3660,v3,16,true,32,28,1,3.6,27,18.6388,-5.7300,12.9088,0.62714,AGENT_STOP,2,F0:13|F1:10|F2:4,12225,1,0,0,0,0,0,0,0,12224,29,0,false,false,32,0.3049,1.0000,19
2026-05-06 00:09:28,run_1778011901552,25,19,3670,v3,16,true,32,12,0,0.0,11,5.6208,-17.1331,-11.5123,0.62636,AGENT_STOP,1,F0:9|F1:2,5123,0,0,0,0,0,0,0,0,5123,7,0,false,false,32,0.3144,1.0000,19
2026-05-06 00:09:38,run_1778011901552,25,29,3680,v3,16,true,32,44,0,0.0,44,45.8946,-26.1475,19.7471,0.62559,MASK_EMPTY,2,F0:29|F1:11|F2:4,20134,0,0,0,0,0,1,0,0,20133,29,0,false,false,32,0.3146,1.0000,20
2026-05-06 00:09:48,run_1778011901552,25,39,3690,v3,16,true,32,19,0,0.0,18,11.8900,-16.4519,-4.5619,0.62481,AGENT_STOP,0,F0:18,8759,0,0,0,0,0,0,0,0,8759,15,0,false,false,32,0.2829,1.0000,16
2026-05-06 00:09:58,run_1778011901552,25,49,3700,v3,16,true,32,7,0,0.0,6,2.7400,-7.0771,-4.3371,0.62404,AGENT_STOP,0,F0:6,3088,0,0,0,0,0,0,0,0,3088,4,0,false,false,32,0.2558,1.0000,14
2026-05-06 00:10:10,run_1778011901552,25,59,3710,v3,16,true,32,23,0,0.0,23,16.4260,-17.2035,-0.7775,0.62326,AGENT_STOP,1,F0:17|F1:6,10929,0,0,0,0,0,0,0,0,10929,16,0,false,false,32,0.2964,1.0000,18
2026-05-06 00:10:19,run_1778011901552,25,69,3720,v3,16,true,32,6,0,0.0,6,2.5900,-8.7201,-6.1301,0.62249,AGENT_STOP,0,F0:6,3067,0,0,0,0,0,0,0,0,3067,5,0,false,false,32,0.3074,1.0000,16
2026-05-06 00:10:28,run_1778011901552,25,79,3730,v3,16,true,32,22,0,0.0,21,15.4688,-12.0279,3.4409,0.62172,AGENT_STOP,2,F0:14|F1:6|F2:1,10815,0,0,0,0,0,0,0,0,10815,11,0,false,false,32,0.3177,1.0000,19
2026-05-06 00:10:41,run_1778011901552,25,89,3740,v3,16,true,32,20,0,0.0,19,11.7200,-12.0549,-0.3349,0.62095,AGENT_STOP,0,F0:19,9102,0,0,0,0,0,0,0,0,9102,8,0,false,false,32,0.2758,1.0000,16
2026-05-06 00:10:54,run_1778011901552,25,99,3750,v3,16,true,32,11,0,0.0,10,4.7300,-18.1678,-13.4378,0.62018,AGENT_STOP,0,F0:10,5194,0,0,0,0,0,0,0,0,5194,4,0,false,false,32,0.2724,1.0000,15
2026-05-06 00:11:03,run_1778011901552,25,109,3760,v3,16,true,32,12,0,0.0,11,6.6820,-9.8236,-3.1416,0.61941,AGENT_STOP,1,F0:10|F1:1,5016,0,0,0,0,0,1,0,0,5015,10,0,false,false,32,0.3028,1.0000,18
2026-05-06 00:11:15,run_1778011901552,25,119,3770,v3,16,true,32,53,0,0.0,55,65.0807,-10.7497,54.3310,0.61864,AGENT_STOP,3,F0:32|F1:10|F2:11|F3:2,23932,0,0,0,0,0,1,0,0,23931,49,0,false,false,32,0.3242,1.0000,20
2026-05-06 00:11:25,run_1778011901552,25,129,3780,v3,16,true,32,26,0,0.0,26,18.8996,-34.6293,-15.7297,0.61788,AGENT_STOP,2,F0:20|F1:4|F2:2,12681,0,0,0,0,0,0,0,0,12681,20,0,false,false,32,0.3195,1.0000,19
2026-05-06 00:11:33,run_1778011901552,25,139,3790,v3,16,true,32,17,0,0.0,17,10.8336,-18.0657,-7.2321,0.61711,AGENT_STOP,1,F0:12|F1:5,9016,0,0,0,0,0,0,0,0,9016,17,0,false,false,32,0.3237,1.0000,19
2026-05-06 00:11:45,run_1778011901552,25,149,3800,v3,16,true,32,34,0,0.0,33,29.9017,-13.3238,16.5778,0.61634,AGENT_STOP,2,F0:24|F1:6|F2:3,15085,0,0,0,0,0,0,0,0,15085,48,0,false,false,32,0.3149,1.0000,20
2026-05-06 00:11:55,run_1778011901552,26,9,3810,v3,16,true,32,40,0,0.0,41,39.3815,-24.2126,15.1689,0.61558,AGENT_STOP,2,F0:32|F1:6|F2:3,18953,0,0,0,0,0,1,0,0,18952,32,0,false,false,32,0.3178,1.0000,18
2026-05-06 00:12:05,run_1778011901552,26,19,3820,v3,16,true,32,8,0,0.0,7,3.6220,-6.9315,-3.3095,0.61482,AGENT_STOP,1,F0:6|F1:1,3422,0,0,0,0,0,0,0,0,3422,9,0,false,false,32,0.2971,1.0000,18
2026-05-06 00:12:16,run_1778011901552,26,29,3830,v3,16,true,32,14,0,0.0,13,6.7920,-29.7008,-22.9088,0.61406,AGENT_STOP,1,F0:12|F1:1,7159,0,0,0,0,0,0,0,0,7159,10,0,false,false,32,0.3035,1.0000,19
2026-05-06 00:12:30,run_1778011901552,26,39,3840,v3,16,true,32,31,0,0.0,31,26.7106,-16.8163,9.8943,0.61329,AGENT_STOP,2,F0:22|F1:8|F2:1,14517,0,0,0,0,0,0,0,0,14517,26,0,false,false,32,0.3074,1.0000,19
2026-05-06 00:12:39,run_1778011901552,26,49,3850,v3,16,true,32,9,0,0.0,8,4.1320,-8.6671,-4.5351,0.61253,AGENT_STOP,1,F0:7|F1:1,4850,0,0,0,0,0,0,0,0,4850,5,0,false,false,32,0.2919,1.0000,18
2026-05-06 00:12:53,run_1778011901552,26,59,3860,v3,16,true,32,29,0,0.0,29,23.5398,-12.3857,11.1542,0.61178,AGENT_STOP,2,F0:19|F1:9|F2:1,14102,0,0,0,0,0,0,0,0,14102,20,0,false,false,32,0.3043,1.0000,18
2026-05-06 00:13:05,run_1778011901552,26,69,3870,v3,16,true,32,24,0,0.0,23,16.0476,-17.1430,-1.0954,0.61102,AGENT_STOP,1,F0:18|F1:5,10202,0,0,0,0,0,0,0,0,10202,21,0,false,false,32,0.2919,1.0000,19
2026-05-06 00:13:14,run_1778011901552,26,79,3880,v3,16,true,32,17,0,0.0,16,10.0700,-10.6010,-0.5310,0.61026,AGENT_STOP,0,F0:16,8147,0,0,0,0,0,0,0,0,8147,13,0,false,false,32,0.2830,1.0000,16
2026-05-06 00:13:24,run_1778011901552,26,89,3890,v3,16,true,32,9,0,0.0,8,4.7200,-5.8458,-1.1258,0.60950,AGENT_STOP,0,F0:8,5048,0,0,0,0,0,0,0,0,5048,7,0,false,false,32,0.2821,1.0000,15
2026-05-06 00:13:34,run_1778011901552,26,99,3900,v3,16,true,32,6,0,0.0,5,2.5600,-10.1516,-7.5916,0.60875,AGENT_STOP,0,F0:5,3165,0,0,0,0,0,0,0,0,3165,3,0,false,false,32,0.2544,1.0000,15
2026-05-06 00:13:45,run_1778011901552,26,109,3910,v3,16,true,32,22,0,0.0,21,14.7520,-13.6679,1.0841,0.60799,AGENT_STOP,1,F0:14|F1:7,11045,0,0,0,0,0,0,0,0,11045,21,0,false,false,32,0.3046,1.0000,18
2026-05-06 00:13:55,run_1778011901552,26,119,3920,v3,16,true,32,8,0,0.0,7,3.8300,-6.5734,-2.7434,0.60724,AGENT_STOP,0,F0:7,3343,0,0,0,0,0,0,0,0,3343,8,0,false,false,32,0.2607,1.0000,15
2026-05-06 00:14:05,run_1778011901552,26,129,3930,v3,16,true,32,20,0,0.0,20,14.2988,-6.9277,7.3711,0.60649,AGENT_STOP,1,F0:16|F1:4,8914,0,0,0,0,0,0,0,0,8914,15,0,false,false,32,0.3084,1.0000,18
2026-05-06 00:14:16,run_1778011901552,26,139,3940,v3,16,true,32,10,0,0.0,9,4.5700,-8.1812,-3.6112,0.60574,AGENT_STOP,0,F0:9,5524,0,0,0,0,0,0,0,0,5524,7,0,false,false,32,0.2781,1.0000,16
2026-05-06 00:14:28,run_1778011901552,26,149,3950,v3,16,true,32,15,0,0.0,14,8.9588,-8.8212,0.1376,0.60498,AGENT_STOP,1,F0:7|F1:7,7408,0,0,0,0,0,0,0,0,7408,11,0,false,false,32,0.2698,1.0000,19
2026-05-06 00:14:40,run_1778011901552,27,9,3960,v3,16,true,32,28,0,0.0,28,23.6810,-25.2203,-1.5393,0.60423,AGENT_STOP,3,F0:15|F1:7|F2:5|F3:1,12109,0,0,0,0,0,0,0,0,12109,22,0,false,false,32,0.3177,1.0000,18
2026-05-06 00:14:49,run_1778011901552,27,19,3970,v3,16,true,32,7,0,0.0,6,2.9600,-7.0259,-4.0659,0.60349,AGENT_STOP,0,F0:6,3322,0,0,0,0,0,0,0,0,3322,2,0,false,false,32,0.2744,1.0000,15
2026-05-06 00:14:58,run_1778011901552,27,29,3980,v3,16,true,32,6,0,0.0,5,2.9500,-10.1516,-7.2016,0.60274,AGENT_STOP,0,F0:5,3091,0,0,0,0,0,0,0,0,3091,7,0,false,false,32,0.2803,1.0000,15
2026-05-06 00:15:08,run_1778011901552,27,39,3990,v3,16,true,32,13,0,0.0,12,5.8220,-12.4861,-6.6641,0.60199,AGENT_STOP,1,F0:11|F1:1,7322,0,0,0,0,0,0,0,0,7322,8,0,false,false,32,0.2989,1.0000,19
2026-05-06 00:15:19,run_1778011901552,27,49,4000,v3,16,true,32,9,0,0.0,8,3.8620,-9.4057,-5.5437,0.60124,AGENT_STOP,1,F0:7|F1:1,4798,0,0,0,0,0,0,0,0,4798,6,0,false,false,32,0.2959,1.0000,19
2026-05-06 00:15:27,run_1778011901552,27,59,4010,v3,16,true,32,20,0,0.0,19,12.2564,-11.9056,0.3508,0.60050,AGENT_STOP,2,F0:12|F1:3|F2:4,9312,0,0,0,0,0,0,0,0,9312,17,0,false,false,32,0.2898,1.0000,19
2026-05-06 00:15:38,run_1778011901552,27,69,4020,v3,16,true,32,18,0,0.0,17,10.5440,-11.3147,-0.7707,0.59975,AGENT_STOP,1,F0:15|F1:2,8238,0,0,0,0,0,0,0,0,8238,11,0,false,false,32,0.3109,1.0000,18
2026-05-06 00:15:50,run_1778011901552,27,79,4030,v3,16,true,32,35,0,0.0,35,33.7226,-10.2367,23.4859,0.59901,AGENT_STOP,2,F0:15|F1:15|F2:5,16388,0,0,0,0,0,1,0,0,16387,28,0,false,false,32,0.3114,1.0000,20
2026-05-06 00:16:01,run_1778011901552,27,89,4040,v3,16,true,32,27,0,0.0,26,18.8320,-14.4114,4.4206,0.59827,AGENT_STOP,1,F0:25|F1:1,11079,0,0,0,0,0,0,0,0,11079,23,0,false,false,32,0.3138,1.0000,19
2026-05-06 00:16:15,run_1778011901552,27,99,4050,v3,16,true,32,26,0,0.0,25,20.7064,-11.1182,9.5882,0.59753,AGENT_STOP,2,F0:16|F1:8|F2:1,13462,0,0,0,0,0,0,0,0,13462,23,0,false,false,32,0.3202,1.0000,19
2026-05-06 00:16:26,run_1778011901552,27,109,4060,v3,16,true,32,14,0,0.0,13,6.8780,-17.6850,-10.8070,0.59679,AGENT_STOP,1,F0:11|F1:2,7051,0,0,0,0,0,0,0,0,7051,13,0,false,false,32,0.3152,1.0000,19
2026-05-06 00:16:34,run_1778011901552,27,119,4070,v3,16,true,32,18,0,0.0,17,10.5400,-13.6522,-3.1122,0.59605,AGENT_STOP,1,F0:14|F1:3,8182,0,0,0,0,0,0,0,0,8182,13,0,false,false,32,0.3099,1.0000,19
2026-05-06 00:16:44,run_1778011901552,27,129,4080,v3,16,true,32,13,0,0.0,13,7.2600,-8.1347,-0.8747,0.59531,AGENT_STOP,1,F0:9|F1:4,7073,0,0,0,0,0,0,0,0,7073,12,0,false,false,32,0.2817,1.0000,18
2026-05-06 00:16:56,run_1778011901552,27,139,4090,v3,16,true,32,55,0,0.0,55,66.5998,-13.3878,53.2120,0.59457,MAX_STEPS,3,F0:36|F1:12|F2:3|F3:4,26090,0,0,0,0,0,0,0,0,26090,51,0,false,false,32,0.3174,1.0000,20
2026-05-06 00:17:04,run_1778011901552,27,149,4100,v3,16,true,32,27,0,0.0,27,23.8759,-6.1525,17.7234,0.59383,AGENT_STOP,3,F0:20|F1:3|F2:3|F3:1,13188,0,0,0,0,0,0,0,0,13188,19,0,false,false,32,0.3262,1.0000,19
2026-05-06 00:17:15,run_1778011901552,28,9,4110,v3,16,true,32,6,0,0.0,5,2.4100,-10.1516,-7.7416,0.59310,AGENT_STOP,0,F0:5,3559,0,0,0,0,0,0,0,0,3559,5,0,false,false,32,0.2803,1.0000,15
2026-05-06 00:17:26,run_1778011901552,28,19,4120,v3,16,true,32,12,0,0.0,11,6.5540,-9.5651,-3.0111,0.59236,AGENT_STOP,1,F0:9|F1:2,5542,0,0,0,0,0,0,0,0,5542,9,0,false,false,32,0.3058,1.0000,18
2026-05-06 00:17:36,run_1778011901552,28,29,4130,v3,16,true,32,14,0,0.0,14,8.4828,-9.4413,-0.9585,0.59163,AGENT_STOP,1,F0:11|F1:3,7450,0,0,0,0,0,0,0,0,7450,8,0,false,false,32,0.3276,1.0000,19
2026-05-06 00:17:49,run_1778011901552,28,39,4140,v3,16,true,32,11,0,0.0,10,5.1608,-20.9425,-15.7817,0.59089,AGENT_STOP,1,F0:8|F1:2,4877,0,0,0,0,0,0,0,0,4877,9,0,false,false,32,0.2916,1.0000,18
2026-05-06 00:17:56,run_1778011901552,28,49,4150,v3,16,true,32,13,0,0.0,13,7.9900,-9.1262,-1.1362,0.59016,AGENT_STOP,0,F0:13,6929,0,0,0,0,0,0,0,0,6929,10,0,false,false,32,0.2854,1.0000,15
2026-05-06 00:18:05,run_1778011901552,28,59,4160,v3,16,true,32,14,0,0.0,14,8.6000,-6.4686,2.1314,0.58943,AGENT_STOP,0,F0:14,6743,0,0,0,0,0,0,0,0,6743,10,0,false,false,32,0.2814,1.0000,15
2026-05-06 00:18:16,run_1778011901552,28,69,4170,v3,16,true,32,17,0,0.0,16,10.3320,-11.5717,-1.2397,0.58870,AGENT_STOP,1,F0:15|F1:1,8759,0,0,0,0,0,0,0,0,8759,14,0,false,false,32,0.3041,1.0000,18
2026-05-06 00:18:26,run_1778011901552,28,79,4180,v3,16,true,32,6,0,0.0,5,2.7100,-10.1516,-7.4416,0.58797,AGENT_STOP,0,F0:5,3512,0,0,0,0,0,0,0,0,3512,2,0,false,false,32,0.2617,1.0000,14
2026-05-06 00:18:40,run_1778011901552,28,89,4190,v3,16,true,32,13,0,0.0,12,7.2900,-13.6370,-6.3470,0.58724,AGENT_STOP,1,F0:9|F1:3,7272,0,0,0,0,0,0,0,0,7272,8,0,false,false,32,0.3201,1.0000,18
2026-05-06 00:18:52,run_1778011901552,28,99,4200,v3,16,true,32,26,0,0.0,25,20.5756,-12.5767,7.9989,0.58651,AGENT_STOP,2,F0:16|F1:8|F2:1,12243,0,0,0,0,0,0,0,0,12243,27,0,false,false,32,0.3108,1.0000,19
2026-05-06 00:19:03,run_1778011901552,28,109,4210,v3,16,true,32,24,4,16.7,19,8.8800,-12.1185,-3.2385,0.58579,AGENT_STOP,1,F0:16|F1:3,11710,4,0,0,0,0,0,0,0,11706,20,0,false,false,32,0.3146,1.0000,19
2026-05-06 00:19:14,run_1778011901552,28,119,4220,v3,16,true,32,8,0,0.0,7,3.6220,-6.9741,-3.3521,0.58506,AGENT_STOP,1,F0:6|F1:1,3730,0,0,0,0,0,0,0,0,3730,8,0,false,false,32,0.2924,1.0000,18
2026-05-06 00:19:25,run_1778011901552,28,129,4230,v3,16,true,32,13,0,0.0,12,7.1860,-15.3452,-8.1592,0.58434,AGENT_STOP,1,F0:9|F1:3,6510,0,0,0,0,0,0,0,0,6510,7,0,false,false,32,0.2983,1.0000,18
2026-05-06 00:19:35,run_1778011901552,28,139,4240,v3,16,true,32,35,0,0.0,36,33.8430,-8.4194,25.4236,0.58361,AGENT_STOP,2,F0:26|F1:5|F2:5,16761,0,0,0,0,0,0,0,0,16761,30,0,false,false,32,0.3154,1.0000,19
2026-05-06 00:19:46,run_1778011901552,28,149,4250,v3,16,true,32,16,0,0.0,15,8.9080,-11.5514,-2.6434,0.58289,AGENT_STOP,1,F0:13|F1:2,7410,0,0,0,0,0,0,0,0,7410,14,0,false,false,32,0.3084,1.0000,18
2026-05-06 00:19:58,run_1778011901552,29,9,4260,v3,16,true,32,8,0,0.0,8,4.2820,-5.9051,-1.6231,0.58217,AGENT_STOP,1,F0:7|F1:1,3361,0,0,0,0,0,0,0,0,3361,8,0,false,false,32,0.3097,1.0000,18
2026-05-06 00:20:07,run_1778011901552,29,19,4270,v3,16,true,32,19,0,0.0,18,11.6120,-13.5703,-1.9583,0.58144,AGENT_STOP,1,F0:17|F1:1,8413,0,0,0,0,0,0,0,0,8413,12,0,false,false,32,0.3102,1.0000,19
2026-05-06 00:20:18,run_1778011901552,29,29,4280,v3,16,true,32,10,0,0.0,9,4.9000,-9.3190,-4.4190,0.58072,AGENT_STOP,0,F0:9,4971,0,0,0,0,0,0,0,0,4971,7,0,false,false,32,0.2647,1.0000,15
2026-05-06 00:20:27,run_1778011901552,29,39,4290,v3,16,true,32,16,0,0.0,15,9.1280,-11.5899,-2.4619,0.58000,AGENT_STOP,1,F0:11|F1:4,7744,0,0,0,0,0,0,0,0,7744,13,0,false,false,32,0.3223,1.0000,19
2026-05-06 00:20:35,run_1778011901552,29,49,4300,v3,16,true,32,20,0,0.0,20,12.4424,-12.9446,-0.5022,0.57928,AGENT_STOP,1,F0:17|F1:3,8602,0,0,0,0,0,0,0,0,8602,15,0,false,false,32,0.2913,1.0000,18
2026-05-06 00:20:44,run_1778011901552,29,59,4310,v3,16,true,32,21,0,0.0,20,13.7160,-15.0271,-1.3111,0.57857,AGENT_STOP,1,F0:17|F1:3,10519,0,0,0,0,0,0,0,0,10519,22,0,false,false,32,0.3132,1.0000,19
2026-05-06 00:20:53,run_1778011901552,29,69,4320,v3,16,true,32,15,1,6.7,13,7.0848,-9.1059,-2.0211,0.57785,AGENT_STOP,1,F0:8|F1:5,6803,1,0,0,0,0,0,0,0,6802,9,0,false,false,32,0.2813,1.0000,19
2026-05-06 00:21:03,run_1778011901552,29,79,4330,v3,16,true,32,38,0,0.0,37,37.7970,-19.4959,18.3011,0.57713,AGENT_STOP,3,F0:26|F1:6|F2:4|F3:1,18552,0,0,0,0,0,0,0,0,18552,37,0,false,false,32,0.3245,1.0000,19
2026-05-06 00:21:12,run_1778011901552,29,89,4340,v3,16,true,32,8,0,0.0,7,2.9800,-12.1573,-9.1773,0.57642,AGENT_STOP,0,F0:7,3348,0,0,0,0,0,0,0,0,3348,7,0,false,false,32,0.1982,1.0000,13
2026-05-06 00:21:21,run_1778011901552,29,99,4350,v3,16,true,32,6,0,0.0,5,1.7400,-10.1516,-8.4116,0.57570,AGENT_STOP,0,F0:5,3314,0,0,0,0,0,0,0,0,3314,5,0,false,false,32,0.2178,1.0000,13
2026-05-06 00:21:34,run_1778011901552,29,109,4360,v3,16,true,32,22,0,0.0,21,14.4160,-25.4635,-11.0475,0.57499,AGENT_STOP,1,F0:18|F1:3,11122,0,0,0,0,0,0,0,0,11122,16,0,false,false,32,0.3134,1.0000,19
2026-05-06 00:21:48,run_1778011901552,29,119,4370,v3,16,true,32,17,0,0.0,16,8.7520,-18.2546,-9.5026,0.57428,AGENT_STOP,1,F0:12|F1:4,8781,0,0,0,0,0,0,0,0,8781,14,0,false,false,32,0.2755,1.0000,20
2026-05-06 00:22:00,run_1778011901552,29,129,4380,v3,16,true,32,17,0,0.0,17,11.3808,-6.9825,4.3983,0.57356,AGENT_STOP,1,F0:11|F1:6,9008,0,0,0,0,0,0,0,0,9008,12,0,false,false,32,0.3208,1.0000,19
2026-05-06 00:22:09,run_1778011901552,29,139,4390,v3,16,true,32,8,0,0.0,7,3.0420,-10.9043,-7.8623,0.57285,AGENT_STOP,1,F0:6|F1:1,3349,0,0,0,0,0,0,0,0,3349,4,0,false,false,32,0.2875,1.0000,19
2026-05-06 00:22:20,run_1778011901552,29,149,4400,v3,16,true,32,8,0,0.0,7,4.1400,-4.8906,-0.7506,0.57214,AGENT_STOP,0,F0:7,3413,0,0,0,0,0,0,0,0,3413,5,0,false,false,32,0.2798,1.0000,15
2026-05-06 00:22:33,run_1778011901552,30,9,4410,v3,16,true,32,7,0,0.0,6,3.2000,-5.5739,-2.3739,0.57143,AGENT_STOP,0,F0:6,3341,0,0,0,0,0,0,0,0,3341,9,0,false,false,32,0.2836,1.0000,15
2026-05-06 00:22:46,run_1778011901552,30,19,4420,v3,16,true,32,11,0,0.0,10,5.3900,-10.2541,-4.8641,0.57073,AGENT_STOP,0,F0:10,5019,0,0,0,0,0,0,0,0,5019,7,0,false,false,32,0.2738,1.0000,15
2026-05-06 00:22:58,run_1778011901552,30,29,4430,v3,16,true,32,7,0,0.0,6,3.6420,-5.3657,-1.7237,0.57002,AGENT_STOP,1,F0:5|F1:1,3323,0,0,0,0,0,0,0,0,3323,6,0,false,false,32,0.2983,1.0000,18
2026-05-06 00:23:08,run_1778011901552,30,39,4440,v3,16,true,32,13,0,0.0,12,8.2108,-4.7652,3.4456,0.56931,AGENT_STOP,1,F0:7|F1:5,6803,0,0,0,0,0,0,0,0,6803,11,0,false,false,32,0.2943,1.0000,18
2026-05-06 00:23:19,run_1778011901552,30,49,4450,v3,16,true,32,9,0,0.0,8,4.1100,-6.9156,-2.8056,0.56861,AGENT_STOP,0,F0:8,4819,0,0,0,0,0,0,0,0,4819,11,0,false,false,32,0.2703,1.0000,15
2026-05-06 00:23:28,run_1778011901552,30,59,4460,v3,16,true,32,12,0,0.0,11,6.3820,-9.2179,-2.8359,0.56790,AGENT_STOP,1,F0:10|F1:1,5664,0,0,0,0,0,0,0,0,5664,8,0,false,false,32,0.2982,1.0000,19
2026-05-06 00:23:41,run_1778011901552,30,69,4470,v3,16,true,32,17,0,0.0,16,9.7788,-16.2825,-6.5037,0.56720,AGENT_STOP,1,F0:12|F1:4,8580,0,0,0,0,0,0,0,0,8580,11,0,false,false,32,0.2935,1.0000,19
2026-05-06 00:23:54,run_1778011901552,30,79,4480,v3,16,true,32,10,0,0.0,9,5.2860,-6.2255,-0.9395,0.56650,AGENT_STOP,1,F0:6|F1:3,5244,0,0,0,0,0,0,0,0,5244,5,0,false,false,32,0.2926,1.0000,18
2026-05-06 00:24:05,run_1778011901552,30,89,4490,v3,16,true,32,13,0,0.0,13,7.5020,-7.3315,0.1705,0.56579,AGENT_STOP,1,F0:12|F1:1,6562,0,0,0,0,0,0,0,0,6562,4,0,false,false,32,0.3084,1.0000,18
2026-05-06 00:24:15,run_1778011901552,30,99,4500,v3,16,true,32,8,0,0.0,7,3.0500,-10.3642,-7.3142,0.56509,AGENT_STOP,0,F0:7,3264,0,0,0,0,0,0,0,0,3264,3,0,false,false,32,0.2718,1.0000,16
2026-05-06 00:24:25,run_1778011901552,30,109,4510,v3,16,true,32,6,0,0.0,5,2.0700,-10.1516,-8.0816,0.56439,AGENT_STOP,0,F0:5,2844,0,0,0,0,0,0,0,0,2844,2,0,false,false,32,0.2462,1.0000,14
2026-05-06 00:24:36,run_1778011901552,30,119,4520,v3,16,true,32,16,0,0.0,16,8.6640,-12.7146,-4.0506,0.56369,AGENT_STOP,1,F0:14|F1:2,6573,0,0,0,0,0,0,0,0,6573,15,0,false,false,32,0.3082,1.0000,19
2026-05-06 00:24:46,run_1778011901552,30,129,4530,v3,16,true,32,32,0,0.0,31,24.8000,-24.0422,0.7578,0.56299,AGENT_STOP,0,F0:31,14793,0,0,0,0,0,0,0,0,14793,30,0,false,false,32,0.2874,1.0000,16
2026-05-06 00:24:56,run_1778011901552,30,139,4540,v3,16,true,32,6,0,0.0,5,2.2200,-10.1516,-7.9316,0.56230,AGENT_STOP,0,F0:5,2732,0,0,0,0,0,0,0,0,2732,8,0,false,false,32,0.1919,1.0000,13
2026-05-06 00:25:06,run_1778011901552,30,149,4550,v3,16,true,32,12,0,0.0,11,6.4120,-8.3348,-1.9228,0.56160,AGENT_STOP,1,F0:10|F1:1,5095,0,0,0,0,0,0,0,0,5095,14,0,false,false,32,0.3028,1.0000,18
2026-05-06 00:25:15,run_1778011901552,31,9,4560,v3,16,true,32,13,0,0.0,12,7.1380,-10.2993,-3.1613,0.56090,AGENT_STOP,1,F0:10|F1:2,7223,0,0,0,0,0,0,0,0,7223,10,0,false,false,32,0.3021,1.0000,19
2026-05-06 00:25:26,run_1778011901552,31,19,4570,v3,16,true,32,11,0,0.0,10,5.8100,-5.7970,0.0130,0.56021,AGENT_STOP,0,F0:10,5127,0,0,0,0,0,0,0,0,5127,7,0,false,false,32,0.2630,1.0000,15
2026-05-06 00:25:39,run_1778011901552,31,29,4580,v3,16,true,32,45,1,2.2,43,30.3584,-11.3583,19.0001,0.55951,AGENT_STOP,3,F0:29|F1:9|F2:3|F3:2,22383,1,0,0,0,0,1,0,0,22381,39,0,false,false,32,0.3157,1.0000,19
2026-05-06 00:25:49,run_1778011901552,31,39,4590,v3,16,true,32,6,0,0.0,5,2.4320,-10.1516,-7.7196,0.55882,AGENT_STOP,1,F0:4|F1:1,3315,0,0,0,0,0,0,0,0,3315,5,0,false,false,32,0.2856,1.0000,18
2026-05-06 00:26:06,run_1778011901552,31,49,4600,v3,16,true,32,55,0,0.0,56,70.7361,-6.1919,64.5441,0.55813,MAX_STEPS,3,F0:26|F1:15|F2:13|F3:2,27924,0,0,0,0,0,0,0,0,27924,50,0,false,false,32,0.3184,1.0000,20
2026-05-06 00:26:19,run_1778011901552,31,59,4610,v3,16,true,32,17,0,0.0,16,11.0260,-8.8176,2.2084,0.55743,AGENT_STOP,1,F0:10|F1:6,8767,0,0,0,0,0,0,0,0,8767,13,0,false,false,32,0.3120,1.0000,19
2026-05-06 00:26:27,run_1778011901552,31,69,4620,v3,16,true,32,34,0,0.0,35,29.9208,-15.9754,13.9454,0.55674,AGENT_STOP,1,F0:30|F1:5,15154,0,0,0,0,0,0,0,0,15154,29,0,false,false,32,0.3144,1.0000,19
2026-05-06 00:26:41,run_1778011901552,31,79,4630,v3,16,true,32,45,0,0.0,45,48.7388,-9.2458,39.4930,0.55605,AGENT_STOP,3,F0:23|F1:9|F2:12|F3:1,24228,0,0,0,0,0,2,0,0,24226,40,0,false,false,32,0.3315,1.0000,19
2026-05-06 00:26:53,run_1778011901552,31,89,4640,v3,16,true,32,25,6,24.0,18,5.7100,-9.2463,-3.5363,0.55536,AGENT_STOP,0,F0:18,13828,6,0,0,0,0,0,0,0,13822,21,0,false,false,32,0.2916,1.0000,16
2026-05-06 00:27:04,run_1778011901552,31,99,4650,v3,16,true,32,38,0,0.0,38,35.6580,-11.4451,24.2129,0.55468,AGENT_STOP,1,F0:27|F1:11,18194,0,0,0,0,0,1,0,0,18193,30,0,false,false,32,0.2978,1.0000,19
2026-05-06 00:27:13,run_1778011901552,31,109,4660,v3,16,true,32,12,0,0.0,11,5.9400,-7.6308,-1.6908,0.55399,AGENT_STOP,0,F0:11,5394,0,0,0,0,0,0,0,0,5394,10,0,false,false,32,0.2770,1.0000,15
2026-05-06 00:27:22,run_1778011901552,31,119,4670,v3,16,true,32,6,0,0.0,5,2.6200,-10.1516,-7.5316,0.55330,AGENT_STOP,0,F0:5,3500,0,0,0,0,0,1,0,0,3499,4,0,false,false,32,0.2678,1.0000,15
2026-05-06 00:27:33,run_1778011901552,31,129,4680,v3,16,true,32,46,0,0.0,47,52.5754,-11.2372,41.3382,0.55262,AGENT_STOP,3,F0:25|F1:9|F2:9|F3:4,22394,0,0,0,0,0,2,0,0,22392,46,0,false,false,32,0.3219,1.0000,20
2026-05-06 00:27:43,run_1778011901552,31,139,4690,v3,16,true,32,11,0,0.0,10,6.0960,-5.9171,0.1789,0.55193,AGENT_STOP,1,F0:7|F1:3,5354,0,0,0,0,0,0,0,0,5354,10,0,false,false,32,0.3080,1.0000,18
2026-05-06 00:27:53,run_1778011901552,31,149,4700,v3,16,true,32,20,0,0.0,19,14.3118,-7.8090,6.5028,0.55125,AGENT_STOP,2,F0:14|F1:4|F2:1,8705,0,0,0,0,0,1,0,0,8704,19,0,false,false,32,0.3062,1.0000,18
2026-05-06 00:28:03,run_1778011901552,32,9,4710,v3,16,true,32,15,0,0.0,14,8.6080,-9.5243,-0.9163,0.55056,AGENT_STOP,1,F0:12|F1:2,6489,0,0,0,0,0,0,0,0,6489,12,0,false,false,32,0.2887,1.0000,19
2026-05-06 00:28:14,run_1778011901552,32,19,4720,v3,16,true,32,22,0,0.0,21,14.0696,-11.7153,2.3543,0.54988,AGENT_STOP,1,F0:11|F1:10,11327,0,0,0,0,0,0,0,0,11327,19,0,false,false,32,0.2752,1.0000,20
2026-05-06 00:28:21,run_1778011901552,32,29,4730,v3,16,true,32,14,0,0.0,13,7.3340,-11.0377,-3.7037,0.54920,AGENT_STOP,1,F0:11|F1:2,7760,0,0,0,0,0,1,0,0,7759,11,0,false,false,32,0.2934,1.0000,18
2026-05-06 00:28:34,run_1778011901552,32,39,4740,v3,16,true,32,39,0,0.0,38,36.8816,-9.7735,27.1081,0.54852,AGENT_STOP,1,F0:31|F1:7,18520,0,0,0,0,0,0,0,0,18520,39,0,false,false,32,0.3211,1.0000,19
2026-05-06 00:28:46,run_1778011901552,32,49,4750,v3,16,true,32,18,0,0.0,17,12.2208,-7.0481,5.1727,0.54784,AGENT_STOP,1,F0:11|F1:6,9209,0,0,0,0,0,1,0,0,9208,16,0,false,false,32,0.3019,1.0000,18
2026-05-06 00:28:54,run_1778011901552,32,59,4760,v3,16,true,32,8,0,0.0,7,3.6108,-7.0946,-3.4838,0.54716,AGENT_STOP,1,F0:5|F1:2,3577,0,0,0,0,0,0,0,0,3577,4,0,false,false,32,0.2885,1.0000,18
2026-05-06 00:29:06,run_1778011901552,32,69,4770,v3,16,true,32,6,0,0.0,5,2.1700,-10.1516,-7.9816,0.54648,AGENT_STOP,0,F0:5,3362,0,0,0,0,0,0,0,0,3362,3,0,false,false,32,0.2617,1.0000,14
2026-05-06 00:29:16,run_1778011901552,32,79,4780,v3,16,true,32,12,0,0.0,11,6.0300,-8.4881,-2.4581,0.54580,AGENT_STOP,0,F0:11,5385,0,0,0,0,0,0,0,0,5385,10,0,false,false,32,0.2676,1.0000,15
2026-05-06 00:29:25,run_1778011901552,32,89,4790,v3,16,true,32,12,0,0.0,11,6.0928,-8.1869,-2.0941,0.54513,AGENT_STOP,1,F0:8|F1:3,5612,0,0,0,0,0,0,0,0,5612,11,0,false,false,32,0.3020,1.0000,18
2026-05-06 00:29:33,run_1778011901552,32,99,4800,v3,16,true,32,6,0,0.0,5,2.1300,-10.1516,-8.0216,0.54445,AGENT_STOP,0,F0:5,3569,0,0,0,0,0,0,0,0,3569,1,0,false,false,32,0.2178,1.0000,12
2026-05-06 00:29:44,run_1778011901552,32,109,4810,v3,16,true,32,13,0,0.0,12,7.4120,-8.6116,-1.1996,0.54378,AGENT_STOP,1,F0:11|F1:1,7431,0,0,0,0,0,0,0,0,7431,11,0,false,false,32,0.3076,1.0000,18
2026-05-06 00:29:57,run_1778011901552,32,119,4820,v3,16,true,32,19,0,0.0,19,12.2546,-21.5307,-9.2761,0.54310,AGENT_STOP,2,F0:14|F1:4|F2:1,9546,0,0,0,0,0,0,0,0,9546,12,0,false,false,32,0.3162,1.0000,19
2026-05-06 00:30:07,run_1778011901552,32,129,4830,v3,16,true,32,6,0,0.0,5,3.0400,-10.1516,-7.1116,0.54243,AGENT_STOP,0,F0:5,3320,0,0,0,0,0,0,0,0,3320,1,0,false,false,32,0.2803,1.0000,15
2026-05-06 00:30:20,run_1778011901552,32,139,4840,v3,16,true,32,7,0,0.0,6,2.9600,-7.6900,-4.7300,0.54176,AGENT_STOP,0,F0:6,3409,0,0,0,0,0,0,0,0,3409,2,0,false,false,32,0.2671,1.0000,15
2026-05-06 00:30:29,run_1778011901552,32,149,4850,v3,16,true,32,10,0,0.0,9,4.0000,-14.6790,-10.6790,0.54109,AGENT_STOP,0,F0:9,5133,0,0,0,0,0,0,0,0,5133,7,0,false,false,32,0.2739,1.0000,16
2026-05-06 00:30:45,run_1778011901552,33,9,4860,v3,16,true,32,17,0,0.0,16,9.9944,-12.6611,-2.6667,0.54042,AGENT_STOP,1,F0:11|F1:5,9291,0,0,0,0,0,0,0,0,9291,13,0,false,false,32,0.2989,1.0000,18
2026-05-06 00:30:55,run_1778011901552,33,19,4870,v3,16,true,32,6,0,0.0,5,2.7300,-10.1516,-7.4216,0.53975,AGENT_STOP,0,F0:5,3511,0,0,0,0,0,0,0,0,3511,6,0,false,false,32,0.2178,1.0000,13
2026-05-06 00:31:11,run_1778011901552,33,29,4880,v3,16,true,32,37,1,2.7,35,24.6940,-15.7773,8.9167,0.53908,AGENT_STOP,4,F0:16|F1:8|F2:4|F3:6|F4:1,18273,1,0,0,0,0,1,0,0,18271,33,0,false,false,32,0.3085,1.0000,19
2026-05-06 00:31:22,run_1778011901552,33,39,4890,v3,16,true,32,27,0,0.0,26,20.8780,-19.1485,1.7295,0.53841,AGENT_STOP,1,F0:22|F1:4,14099,0,0,0,0,0,1,0,0,14098,30,0,false,false,32,0.3258,1.0000,19
2026-05-06 00:31:35,run_1778011901552,33,49,4900,v3,16,true,32,18,0,0.0,17,11.3540,-9.7610,1.5930,0.53774,AGENT_STOP,1,F0:15|F1:2,8662,0,0,0,0,0,2,0,0,8660,15,0,false,false,32,0.3093,1.0000,19
2026-05-06 00:31:51,run_1778011901552,33,59,4910,v3,16,true,32,10,0,0.0,9,3.8200,-16.1367,-12.3167,0.53707,AGENT_STOP,0,F0:9,4740,0,0,0,0,0,0,0,0,4740,8,0,false,false,32,0.2567,1.0000,15
2026-05-06 00:32:01,run_1778011901552,33,69,4920,v3,16,true,32,9,0,0.0,8,4.1920,-6.5583,-2.3663,0.53641,AGENT_STOP,1,F0:7|F1:1,5504,0,0,0,0,0,1,0,0,5503,3,0,false,false,32,0.2348,1.0000,16
2026-05-06 00:32:13,run_1778011901552,33,79,4930,v3,16,true,32,11,0,0.0,10,5.1120,-10.7452,-5.6332,0.53574,AGENT_STOP,1,F0:9|F1:1,5705,0,0,0,0,0,0,0,0,5705,9,0,false,false,32,0.3073,1.0000,19
2026-05-06 00:32:23,run_1778011901552,33,89,4940,v3,16,true,32,14,0,0.0,13,7.7000,-10.8375,-3.1375,0.53508,AGENT_STOP,0,F0:13,7715,0,0,0,0,0,1,0,0,7714,8,0,false,false,32,0.2861,1.0000,15
2026-05-06 00:32:34,run_1778011901552,33,99,4950,v3,16,true,32,14,0,0.0,13,7.9540,-8.7353,-0.7813,0.53442,AGENT_STOP,1,F0:11|F1:2,7103,0,0,0,0,0,1,0,0,7102,10,0,false,false,32,0.3088,1.0000,19
2026-05-06 00:32:47,run_1778011901552,33,109,4960,v3,16,true,32,6,0,0.0,5,2.6500,-10.1516,-7.5016,0.53375,AGENT_STOP,0,F0:5,3368,0,0,0,0,0,0,0,0,3368,5,0,false,false,32,0.2617,1.0000,15
2026-05-06 00:33:01,run_1778011901552,33,119,4970,v3,16,true,32,21,0,0.0,21,14.9830,-11.3160,3.6670,0.53309,AGENT_STOP,2,F0:11|F1:8|F2:2,11680,0,0,0,0,0,0,0,0,11680,19,0,false,false,32,0.2990,1.0000,20
2026-05-06 00:33:10,run_1778011901552,33,129,4980,v3,16,true,32,8,0,0.0,7,3.0200,-12.8389,-9.8189,0.53243,AGENT_STOP,0,F0:7,3569,0,0,0,0,0,0,0,0,3569,6,0,false,false,32,0.2654,1.0000,15
2026-05-06 00:33:22,run_1778011901552,33,139,4990,v3,16,true,32,17,0,0.0,16,10.6100,-20.3309,-9.7209,0.53177,AGENT_STOP,0,F0:16,9143,0,0,0,0,0,2,0,0,9141,10,0,false,false,32,0.2832,1.0000,15
2026-05-06 00:33:32,run_1778011901552,33,149,5000,v3,16,true,32,27,0,0.0,26,20.7330,-11.4334,9.2996,0.53111,AGENT_STOP,2,F0:16|F1:8|F2:2,12785,0,0,0,0,0,2,0,0,12783,37,0,false,false,32,0.3027,1.0000,19
2026-05-06 00:33:41,run_1778011901552,34,9,5010,v3,16,true,32,30,0,0.0,30,26.2507,-12.7984,13.4523,0.53045,AGENT_STOP,2,F0:16|F1:11|F2:3,15597,0,0,0,0,0,1,0,0,15596,23,0,false,false,32,0.3064,1.0000,19
2026-05-06 00:33:53,run_1778011901552,34,19,5020,v3,16,true,32,19,0,0.0,19,10.8540,-19.4528,-8.5988,0.52980,AGENT_STOP,1,F0:17|F1:2,9605,0,0,0,0,0,1,0,0,9604,16,0,false,false,32,0.3120,1.0000,19
2026-05-06 00:34:09,run_1778011901552,34,29,5030,v3,16,true,32,19,0,0.0,19,12.6700,-13.7953,-1.1253,0.52914,AGENT_STOP,0,F0:19,9367,0,0,0,0,0,0,0,0,9367,13,0,false,false,32,0.3026,1.0000,16
2026-05-06 00:34:16,run_1778011901552,34,39,5040,v3,16,true,32,6,0,0.0,5,2.3500,-10.1516,-7.8016,0.52848,AGENT_STOP,0,F0:5,3327,0,0,0,0,0,1,0,0,3326,4,0,false,false,32,0.2617,1.0000,14
2026-05-06 00:34:29,run_1778011901552,34,49,5050,v3,16,true,32,55,0,0.0,56,70.4135,-13.5803,56.8332,0.52783,MAX_STEPS,3,F0:34|F1:12|F2:9|F3:1,27089,0,0,0,0,0,0,0,0,27089,48,0,false,false,32,0.3160,1.0000,20
2026-05-06 00:34:44,run_1778011901552,34,59,5060,v3,16,true,32,30,0,0.0,29,24.1648,-11.7011,12.4637,0.52718,AGENT_STOP,1,F0:17|F1:12,16116,0,0,0,0,0,1,0,0,16115,24,0,false,false,32,0.2883,1.0000,20
2026-05-06 00:34:56,run_1778011901552,34,69,5070,v3,16,true,32,45,0,0.0,45,47.5780,-25.7017,21.8763,0.52652,AGENT_STOP,1,F0:30|F1:15,23445,0,0,0,0,0,1,0,0,23444,33,0,false,false,32,0.3073,1.0000,20
2026-05-06 00:35:06,run_1778011901552,34,79,5080,v3,16,true,32,28,0,0.0,27,21.0936,-29.3230,-8.2294,0.52587,AGENT_STOP,2,F0:21|F1:4|F2:2,13203,0,0,0,0,0,0,0,0,13203,20,0,false,false,32,0.3146,1.0000,19
2026-05-06 00:35:17,run_1778011901552,34,89,5090,v3,16,true,32,39,0,0.0,38,38.9324,-11.6071,27.3253,0.52522,AGENT_STOP,2,F0:26|F1:11|F2:1,19583,0,0,0,0,0,0,0,0,19583,33,0,false,false,32,0.3209,1.0000,19
2026-05-06 00:35:26,run_1778011901552,34,99,5100,v3,16,true,32,12,0,0.0,11,6.0100,-10.2835,-4.2735,0.52457,AGENT_STOP,1,F0:8|F1:3,5881,0,0,0,0,0,0,0,0,5881,10,0,false,false,32,0.2978,1.0000,19
2026-05-06 00:35:37,run_1778011901552,34,109,5110,v3,16,true,32,15,0,0.0,14,8.3700,-9.7479,-1.3779,0.52392,AGENT_STOP,0,F0:14,7823,0,0,0,0,0,2,0,0,7821,10,0,false,false,32,0.2744,1.0000,15
2026-05-06 00:35:50,run_1778011901552,34,119,5120,v3,16,true,32,15,0,0.0,14,8.6460,-10.1031,-1.4571,0.52327,AGENT_STOP,1,F0:11|F1:3,7864,0,0,0,0,0,1,0,0,7863,11,0,false,false,32,0.3074,1.0000,19
2026-05-06 00:36:06,run_1778011901552,34,129,5130,v3,16,true,32,34,0,0.0,33,28.1928,-26.0907,2.1021,0.52262,AGENT_STOP,1,F0:27|F1:6,17611,0,0,0,0,0,1,0,0,17610,28,0,false,false,32,0.3102,1.0000,19
2026-05-06 00:36:17,run_1778011901552,34,139,5140,v3,16,true,32,10,0,0.0,10,4.8100,-10.7826,-5.9726,0.52197,AGENT_STOP,0,F0:10,5596,0,0,0,0,0,0,0,0,5596,8,0,false,false,32,0.2769,1.0000,15
2026-05-06 00:36:29,run_1778011901552,34,149,5150,v3,16,true,32,12,0,0.0,11,6.0000,-14.5279,-8.5279,0.52132,AGENT_STOP,0,F0:11,5708,0,0,0,0,0,0,0,0,5708,12,0,false,false,32,0.2936,1.0000,16
2026-05-06 00:36:38,run_1778011901552,35,9,5160,v3,16,true,32,10,0,0.0,9,4.2100,-9.4928,-5.2828,0.52068,AGENT_STOP,0,F0:9,5531,0,0,0,0,0,0,0,0,5531,11,0,false,false,32,0.2799,1.0000,16
2026-05-06 00:36:50,run_1778011901552,35,19,5170,v3,16,true,32,10,0,0.0,10,5.6000,-7.8921,-2.2921,0.52003,AGENT_STOP,0,F0:10,5652,0,0,0,0,0,0,0,0,5652,6,0,false,false,32,0.2856,1.0000,15
2026-05-06 00:37:05,run_1778011901552,35,29,5180,v3,16,true,32,27,0,0.0,26,23.5295,-6.6635,16.8660,0.51939,AGENT_STOP,2,F0:17|F1:7|F2:2,13095,0,0,0,0,0,0,0,0,13095,23,0,false,false,32,0.3113,1.0000,18
2026-05-06 00:37:17,run_1778011901552,35,39,5190,v3,16,true,32,24,0,0.0,23,16.4728,-21.1671,-4.6943,0.51874,AGENT_STOP,1,F0:20|F1:3,11579,0,0,0,0,0,0,0,0,11579,38,0,false,false,32,0.2939,1.0000,19
2026-05-06 00:37:27,run_1778011901552,35,49,5200,v3,16,true,32,21,0,0.0,21,14.0380,-16.9273,-2.8893,0.51810,AGENT_STOP,1,F0:17|F1:4,11057,0,0,0,0,0,1,0,0,11056,17,0,false,false,32,0.3020,1.0000,19
2026-05-06 00:37:37,run_1778011901552,35,59,5210,v3,16,true,32,15,2,13.3,12,6.4500,-7.3754,-0.9254,0.51746,AGENT_STOP,0,F0:12,8140,2,0,0,0,0,0,0,0,8138,6,0,false,false,32,0.2392,1.0000,14
2026-05-06 00:37:48,run_1778011901552,35,69,5220,v3,16,true,32,8,0,0.0,7,2.9600,-9.7503,-6.7903,0.51682,AGENT_STOP,0,F0:7,3682,0,0,0,0,0,0,0,0,3682,6,0,false,false,32,0.2790,1.0000,16
2026-05-06 00:38:00,run_1778011901552,35,79,5230,v3,16,true,32,13,0,0.0,13,7.7960,-8.0588,-0.2628,0.51618,AGENT_STOP,1,F0:10|F1:3,7651,0,0,0,0,0,0,0,0,7651,14,0,false,false,32,0.3082,1.0000,18
2026-05-06 00:38:15,run_1778011901552,35,89,5240,v3,16,true,32,8,0,0.0,7,3.4620,-6.5813,-3.1193,0.51554,AGENT_STOP,1,F0:6|F1:1,3783,0,0,0,0,0,0,0,0,3783,2,0,false,false,32,0.2253,1.0000,16
2026-05-06 00:38:27,run_1778011901552,35,99,5250,v3,16,true,32,20,0,0.0,20,14.8299,-6.9708,7.8591,0.51490,AGENT_STOP,3,F0:7|F1:10|F2:2|F3:1,9496,0,0,0,0,0,0,0,0,9496,18,0,false,false,32,0.3141,1.0000,20
2026-05-06 00:38:40,run_1778011901552,35,109,5260,v3,16,true,32,9,0,0.0,8,4.4700,-5.8317,-1.3617,0.51426,AGENT_STOP,1,F0:5|F1:3,5544,0,0,0,0,0,0,0,0,5544,6,0,false,false,32,0.2856,1.0000,18
2026-05-06 00:38:53,run_1778011901552,35,119,5270,v3,16,true,32,38,0,0.0,38,37.8490,-9.1434,28.7056,0.51362,AGENT_STOP,4,F0:21|F1:7|F2:4|F3:4|F4:2,19469,0,0,0,0,0,0,0,0,19469,31,0,false,false,32,0.3174,1.0000,19
2026-05-06 00:39:08,run_1778011901552,35,129,5280,v3,16,true,32,26,0,0.0,25,18.1375,-15.0757,3.0618,0.51299,AGENT_STOP,3,F0:14|F1:5|F2:4|F3:2,13687,0,0,0,0,0,0,0,0,13687,22,0,false,false,32,0.3034,1.0000,19
2026-05-06 00:39:17,run_1778011901552,35,139,5290,v3,16,true,32,6,0,0.0,5,2.9500,-10.1516,-7.2016,0.51235,AGENT_STOP,0,F0:5,3268,0,0,0,0,0,0,0,0,3268,1,0,false,false,32,0.2803,1.0000,15
2026-05-06 00:39:29,run_1778011901552,35,149,5300,v3,16,true,32,19,0,0.0,18,12.1600,-6.6568,5.5032,0.51171,AGENT_STOP,0,F0:18,9880,0,0,0,0,0,0,0,0,9880,16,0,false,false,32,0.2846,1.0000,15
2026-05-06 00:39:38,run_1778011901552,36,9,5310,v3,16,true,32,35,0,0.0,36,32.4840,-10.2871,22.1969,0.51108,AGENT_STOP,1,F0:26|F1:10,17416,0,0,0,0,0,0,0,0,17416,29,0,false,false,32,0.3170,1.0000,19
2026-05-06 00:39:52,run_1778011901552,36,19,5320,v3,16,true,32,31,0,0.0,30,25.0343,-11.5214,13.5129,0.51045,AGENT_STOP,2,F0:14|F1:15|F2:1,15451,0,0,0,0,0,0,0,0,15451,23,0,false,false,32,0.2964,1.0000,20
2026-05-06 00:40:04,run_1778011901552,36,29,5330,v3,16,true,32,47,0,0.0,46,49.6424,-19.3737,30.2687,0.50981,AGENT_STOP,1,F0:29|F1:17,23109,0,0,0,0,0,0,0,0,23109,36,0,false,false,32,0.3073,1.0000,19
2026-05-06 00:40:17,run_1778011901552,36,39,5340,v3,16,true,32,21,0,0.0,21,14.4656,-10.8706,3.5950,0.50918,AGENT_STOP,1,F0:15|F1:6,10971,0,0,0,0,0,0,0,0,10971,16,0,false,false,32,0.3195,1.0000,19
2026-05-06 00:40:25,run_1778011901552,36,49,5350,v3,16,true,32,7,0,0.0,6,3.0500,-6.2720,-3.2220,0.50855,AGENT_STOP,0,F0:6,3993,0,0,0,0,0,0,0,0,3993,8,0,false,false,32,0.2836,1.0000,15
2026-05-06 00:40:35,run_1778011901552,36,59,5360,v3,16,true,32,21,0,0.0,21,14.3460,-10.5602,3.7858,0.50792,AGENT_STOP,1,F0:18|F1:3,11577,0,0,0,0,0,0,0,0,11577,18,0,false,false,32,0.3087,1.0000,19
2026-05-06 00:40:45,run_1778011901552,36,69,5370,v3,16,true,32,33,0,0.0,32,27.6836,-15.6085,12.0751,0.50729,AGENT_STOP,1,F0:23|F1:9,16726,0,0,0,0,0,0,0,0,16726,37,0,false,false,32,0.2983,1.0000,19
2026-05-06 00:40:55,run_1778011901552,36,79,5380,v3,16,true,32,7,0,0.0,6,3.0200,-7.1830,-4.1630,0.50666,AGENT_STOP,0,F0:6,3352,0,0,0,0,0,0,0,0,3352,4,0,false,false,32,0.2836,1.0000,15
2026-05-06 00:41:11,run_1778011901552,36,89,5390,v3,16,true,32,10,0,0.0,10,5.1920,-3.5389,1.6531,0.50603,MASK_EMPTY,1,F0:9|F1:1,5157,0,0,0,0,0,1,0,0,5156,5,0,false,false,32,0.3027,1.0000,19
2026-05-06 00:41:22,run_1778011901552,36,99,5400,v3,16,true,32,15,0,0.0,14,7.7320,-11.6489,-3.9169,0.50541,AGENT_STOP,1,F0:13|F1:1,7499,0,0,0,0,0,0,0,0,7499,13,0,false,false,32,0.3000,1.0000,19
2026-05-06 00:41:31,run_1778011901552,36,109,5410,v3,16,true,32,10,0,0.0,9,4.8608,-9.0206,-4.1598,0.50478,AGENT_STOP,1,F0:7|F1:2,5209,0,0,0,0,0,0,0,0,5209,9,0,false,false,32,0.3080,1.0000,18
2026-05-06 00:41:43,run_1778011901552,36,119,5420,v3,16,true,32,14,0,0.0,13,7.6300,-11.5356,-3.9056,0.50415,AGENT_STOP,1,F0:10|F1:3,7247,0,0,0,0,0,0,0,0,7247,9,0,false,false,32,0.2828,1.0000,18
2026-05-06 00:41:55,run_1778011901552,36,129,5430,v3,16,true,32,42,0,0.0,41,41.4936,-19.3732,22.1204,0.50353,AGENT_STOP,2,F0:30|F1:9|F2:2,22314,0,0,0,0,0,0,0,0,22314,40,0,false,false,32,0.3160,1.0000,19
2026-05-06 00:42:05,run_1778011901552,36,139,5440,v3,16,true,32,16,0,0.0,15,9.5420,-8.9101,0.6319,0.50291,AGENT_STOP,1,F0:14|F1:1,7035,0,0,0,0,0,0,0,0,7035,12,0,false,false,32,0.2953,1.0000,18
2026-05-06 00:42:18,run_1778011901552,36,149,5450,v3,16,true,32,55,0,0.0,56,66.6061,-18.0366,48.5696,0.50228,MAX_STEPS,2,F0:37|F1:12|F2:7,26370,0,0,0,0,0,0,0,0,26370,50,0,false,false,32,0.3200,1.0000,20
2026-05-06 00:42:27,run_1778011901552,37,9,5460,v3,16,true,32,15,0,0.0,14,8.7180,-5.6694,3.0486,0.50166,MASK_EMPTY,1,F0:12|F1:2,8107,0,0,0,0,0,1,0,0,8106,10,0,false,false,32,0.3226,1.0000,19
2026-05-06 00:42:37,run_1778011901552,37,19,5470,v3,16,true,32,13,0,0.0,12,6.3700,-17.1638,-10.7938,0.50104,AGENT_STOP,0,F0:12,6804,0,0,0,0,0,0,0,0,6804,9,0,false,false,32,0.2829,1.0000,16
2026-05-06 00:42:49,run_1778011901552,37,29,5480,v3,16,true,32,9,0,0.0,8,5.4400,-4.7396,0.7004,0.50042,AGENT_STOP,0,F0:8,5426,0,0,0,0,0,0,0,0,5426,8,0,false,false,32,0.2779,1.0000,15
2026-05-06 00:42:58,run_1778011901552,37,39,5490,v3,16,true,32,22,0,0.0,21,16.7416,-6.3339,10.4077,0.49980,AGENT_STOP,1,F0:17|F1:4,10974,0,0,0,0,0,0,0,0,10974,16,0,false,false,32,0.3134,1.0000,18
2026-05-06 00:43:13,run_1778011901552,37,49,5500,v3,16,true,32,21,0,0.0,21,14.1360,-12.6057,1.5303,0.49918,AGENT_STOP,1,F0:18|F1:3,11292,0,0,0,0,0,0,0,0,11292,12,0,false,false,32,0.3092,1.0000,19
2026-05-06 00:43:22,run_1778011901552,37,59,5510,v3,16,true,32,31,0,0.0,30,26.3850,-19.5948,6.7902,0.49856,AGENT_STOP,2,F0:17|F1:12|F2:1,14463,0,0,0,0,0,0,0,0,14463,28,0,false,false,32,0.2924,1.0000,20
2026-05-06 00:43:35,run_1778011901552,37,69,5520,v3,16,true,32,18,0,0.0,17,10.9080,-11.0088,-0.1008,0.49794,AGENT_STOP,1,F0:15|F1:2,8883,0,0,0,0,0,1,0,0,8882,17,0,false,false,32,0.3147,1.0000,19
2026-05-06 00:43:42,run_1778011901552,37,79,5530,v3,16,true,32,8,0,0.0,7,3.5600,-7.9166,-4.3566,0.49732,AGENT_STOP,0,F0:7,3394,0,0,0,0,0,0,0,0,3394,4,0,false,false,32,0.2654,1.0000,15
2026-05-06 00:43:53,run_1778011901552,37,89,5540,v3,16,true,32,7,0,0.0,6,3.6340,-5.3757,-1.7417,0.49671,AGENT_STOP,1,F0:4|F1:2,3721,0,0,0,0,0,0,0,0,3721,5,0,false,false,32,0.2983,1.0000,18
2026-05-06 00:44:05,run_1778011901552,37,99,5550,v3,16,true,32,26,0,0.0,25,18.7868,-17.4176,1.3692,0.49609,AGENT_STOP,1,F0:17|F1:8,11853,0,0,0,0,0,0,0,0,11853,21,0,false,false,32,0.2854,1.0000,20
2026-05-06 00:44:20,run_1778011901552,37,109,5560,v3,16,true,32,46,1,2.2,45,34.5914,-13.8947,20.6967,0.49548,AGENT_STOP,2,F0:30|F1:10|F2:5,22983,1,0,0,0,0,0,0,0,22982,46,0,false,false,32,0.3112,1.0000,19
2026-05-06 00:44:28,run_1778011901552,37,119,5570,v3,16,true,32,14,0,0.0,13,8.1068,-8.5939,-0.4871,0.49486,AGENT_STOP,1,F0:8|F1:5,7470,0,0,0,0,0,0,0,0,7470,11,0,false,false,32,0.2921,1.0000,18
2026-05-06 00:44:40,run_1778011901552,37,129,5580,v3,16,true,32,9,0,0.0,8,4.0820,-8.9196,-4.8376,0.49425,AGENT_STOP,1,F0:7|F1:1,5217,0,0,0,0,0,0,0,0,5217,6,0,false,false,32,0.3084,1.0000,19
2026-05-06 00:44:53,run_1778011901552,37,139,5590,v3,16,true,32,6,0,0.0,5,2.2500,-10.1516,-7.9016,0.49364,AGENT_STOP,0,F0:5,3025,0,0,0,0,0,1,0,0,3024,5,0,false,false,32,0.2462,1.0000,14
2026-05-06 00:45:05,run_1778011901552,37,149,5600,v3,16,true,32,8,0,0.0,7,3.4800,-7.4836,-4.0036,0.49302,AGENT_STOP,0,F0:7,3702,0,0,0,0,0,0,0,0,3702,5,0,false,false,32,0.2798,1.0000,15
2026-05-06 00:45:20,run_1778011901552,38,9,5610,v3,16,true,32,55,0,0.0,57,69.5616,-17.3440,52.2176,0.49241,MAX_STEPS,2,F0:36|F1:19|F2:2,26670,0,0,0,0,0,4,0,0,26666,46,0,false,false,32,0.3152,1.0000,19
2026-05-06 00:45:33,run_1778011901552,38,19,5620,v3,16,true,32,55,0,0.0,56,70.1994,-14.6852,55.5142,0.49180,MAX_STEPS,3,F0:30|F1:13|F2:10|F3:3,28251,0,0,0,0,0,1,0,0,28250,71,0,false,false,32,0.3206,1.0000,20
2026-05-06 00:45:46,run_1778011901552,38,29,5630,v3,16,true,32,12,0,0.0,11,6.3520,-8.9840,-2.6320,0.49119,AGENT_STOP,1,F0:10|F1:1,5201,0,0,0,0,0,0,0,0,5201,9,0,false,false,32,0.3012,1.0000,19
2026-05-06 00:45:58,run_1778011901552,38,39,5640,v3,16,true,32,6,0,0.0,5,2.3500,-10.1516,-7.8016,0.49058,AGENT_STOP,0,F0:5,3262,0,0,0,0,0,0,0,0,3262,7,0,false,false,32,0.2617,1.0000,14
2026-05-06 00:46:06,run_1778011901552,38,49,5650,v3,16,true,32,10,0,0.0,10,5.6600,-5.3997,0.2603,0.48998,AGENT_STOP,0,F0:10,5256,0,0,0,0,0,0,0,0,5256,15,0,false,false,32,0.2825,1.0000,15
2026-05-06 00:46:18,run_1778011901552,38,59,5660,v3,16,true,32,7,0,0.0,6,3.3500,-6.1348,-2.7848,0.48937,AGENT_STOP,0,F0:6,3446,0,0,0,0,0,0,0,0,3446,8,0,false,false,32,0.2598,1.0000,15
2026-05-06 00:46:27,run_1778011901552,38,69,5670,v3,16,true,32,6,0,0.0,5,2.3700,-10.1516,-7.7816,0.48876,AGENT_STOP,0,F0:5,3429,0,0,0,0,0,0,0,0,3429,1,0,false,false,32,0.2053,1.0000,13
2026-05-06 00:46:41,run_1778011901552,38,79,5680,v3,16,true,32,55,0,0.0,57,70.7867,-17.6201,53.1665,0.48816,MAX_STEPS,4,F0:37|F1:2|F2:9|F3:5|F4:4,25417,0,0,0,0,0,0,0,0,25417,50,0,false,false,32,0.3242,1.0000,20
2026-05-06 00:46:54,run_1778011901552,38,89,5690,v3,16,true,32,40,0,0.0,40,39.2228,-7.2168,32.0060,0.48755,AGENT_STOP,1,F0:37|F1:3,19190,0,0,0,0,0,0,0,0,19190,34,0,false,false,32,0.3386,1.0000,19
2026-05-06 00:47:08,run_1778011901552,38,99,5700,v3,16,true,32,24,0,0.0,23,16.8880,-9.5215,7.3665,0.48695,AGENT_STOP,1,F0:19|F1:4,10980,0,0,0,0,0,0,0,0,10980,18,0,false,false,32,0.3100,1.0000,19
2026-05-06 00:47:25,run_1778011901552,38,109,5710,v3,16,true,32,25,0,0.0,24,19.1654,-9.1035,10.0619,0.48634,AGENT_STOP,3,F0:9|F1:11|F2:2|F3:2,11735,0,0,0,0,0,0,0,0,11735,15,0,false,false,32,0.3026,1.0000,20
2026-05-06 00:47:36,run_1778011901552,38,119,5720,v3,16,true,32,13,0,0.0,12,7.7260,-6.7396,0.9864,0.48574,AGENT_STOP,1,F0:8|F1:4,7216,0,0,0,0,0,1,0,0,7215,11,0,false,false,32,0.2737,1.0000,18
2026-05-06 00:47:47,run_1778011901552,38,129,5730,v3,16,true,32,22,0,0.0,22,14.6368,-16.5802,-1.9434,0.48514,AGENT_STOP,1,F0:17|F1:5,12121,0,0,0,0,0,0,0,0,12121,14,0,false,false,32,0.3037,1.0000,19
2026-05-06 00:47:57,run_1778011901552,38,139,5740,v3,16,true,32,8,0,0.0,7,3.2200,-7.9521,-4.7321,0.48454,AGENT_STOP,0,F0:7,3575,0,0,0,0,0,0,0,0,3575,7,0,false,false,32,0.2093,1.0000,14
2026-05-06 00:48:10,run_1778011901552,38,149,5750,v3,16,true,32,55,13,23.6,44,27.1842,-6.3106,20.8736,0.48394,MAX_STEPS,4,F0:14|F1:12|F2:6|F3:8|F4:4,26681,13,0,0,0,0,0,0,0,26668,47,0,false,false,32,0.3197,1.0000,20
2026-05-06 00:48:20,run_1778011901552,39,9,5760,v3,16,true,32,18,0,0.0,17,12.4810,-8.5005,3.9806,0.48334,AGENT_STOP,2,F0:11|F1:2|F2:4,9626,0,0,0,0,0,0,0,0,9626,12,0,false,false,32,0.3141,1.0000,18
2026-05-06 00:48:35,run_1778011901552,39,19,5770,v3,16,true,32,55,0,0.0,56,65.5270,-18.2329,47.2941,0.48274,MAX_STEPS,3,F0:33|F1:14|F2:6|F3:3,26208,0,0,0,0,0,0,0,0,26208,51,0,false,false,32,0.3077,1.0000,20
2026-05-06 00:48:50,run_1778011901552,39,29,5780,v3,16,true,32,55,6,10.9,50,44.0690,-12.4499,31.6191,0.48214,MAX_STEPS,3,F0:29|F1:10|F2:6|F3:5,25884,6,0,0,0,0,0,0,0,25878,48,0,false,false,32,0.3155,1.0000,20
2026-05-06 00:49:00,run_1778011901552,39,39,5790,v3,16,true,32,11,0,0.0,11,6.0220,-6.9165,-0.8945,0.48154,AGENT_STOP,1,F0:10|F1:1,5852,0,0,0,0,0,0,0,0,5852,10,0,false,false,32,0.3092,1.0000,18
2026-05-06 00:49:13,run_1778011901552,39,49,5800,v3,16,true,32,10,0,0.0,9,4.7420,-7.6298,-2.8878,0.48095,AGENT_STOP,1,F0:8|F1:1,5250,0,0,0,0,0,0,0,0,5250,9,0,false,false,32,0.2965,1.0000,18
2026-05-06 00:49:24,run_1778011901552,39,59,5810,v3,16,true,32,8,0,0.0,7,3.9900,-5.9672,-1.9772,0.48035,AGENT_STOP,0,F0:7,3670,0,0,0,0,0,0,0,0,3670,4,0,false,false,32,0.2694,1.0000,15
2026-05-06 00:49:37,run_1778011901552,39,69,5820,v3,16,true,32,32,0,0.0,32,28.6080,-8.4675,20.1405,0.47975,AGENT_STOP,1,F0:28|F1:4,14776,0,0,0,0,0,1,0,0,14775,26,0,false,false,32,0.3324,1.0000,19
2026-05-06 00:49:45,run_1778011901552,39,79,5830,v3,16,true,32,7,0,0.0,6,2.2000,-10.0590,-7.8590,0.47916,AGENT_STOP,0,F0:6,3566,0,0,0,0,0,0,0,0,3566,8,0,false,false,32,0.2558,1.0000,14
2026-05-06 00:49:54,run_1778011901552,39,89,5840,v3,16,true,32,12,0,0.0,11,6.2000,-11.1676,-4.9676,0.47857,AGENT_STOP,1,F0:8|F1:3,5606,0,0,0,0,0,0,0,0,5606,10,0,false,false,32,0.2710,1.0000,18
2026-05-06 00:50:03,run_1778011901552,39,99,5850,v3,16,true,32,18,0,0.0,17,11.6000,-9.8173,1.7827,0.47797,AGENT_STOP,1,F0:14|F1:3,9419,0,0,0,0,0,0,0,0,9419,11,0,false,false,32,0.2968,1.0000,19
2026-05-06 00:50:18,run_1778011901552,39,109,5860,v3,16,true,32,14,0,0.0,13,8.6060,-8.0905,0.5155,0.47738,AGENT_STOP,1,F0:10|F1:3,7480,0,0,0,0,0,0,0,0,7480,12,0,false,false,32,0.2974,1.0000,18
2026-05-06 00:50:33,run_1778011901552,39,119,5870,v3,16,true,32,19,0,0.0,19,12.4448,-8.7482,3.6966,0.47679,AGENT_STOP,1,F0:11|F1:8,9861,0,0,0,0,0,0,0,0,9861,19,0,false,false,32,0.3096,1.0000,18
2026-05-06 00:50:43,run_1778011901552,39,129,5880,v3,16,true,32,33,0,0.0,32,27.5371,-11.8798,15.6573,0.47620,MASK_EMPTY,2,F0:21|F1:9|F2:2,15210,0,0,0,0,0,1,0,0,15209,28,0,false,false,32,0.3052,1.0000,20
2026-05-06 00:50:57,run_1778011901552,39,139,5890,v3,16,true,32,25,0,0.0,27,19.7324,-8.5158,11.2166,0.47561,AGENT_STOP,2,F0:16|F1:10|F2:1,13630,0,0,0,0,0,0,0,0,13630,19,0,false,false,32,0.3082,1.0000,19
2026-05-06 00:51:13,run_1778011901552,39,149,5900,v3,16,true,32,14,0,0.0,13,7.9620,-7.9155,0.0465,0.47502,AGENT_STOP,1,F0:12|F1:1,7327,0,0,0,0,0,0,0,0,7327,9,0,false,false,32,0.2998,1.0000,19
2026-05-06 00:51:25,run_1778011901552,40,9,5910,v3,16,true,32,11,0,0.0,10,6.3800,-5.7442,0.6358,0.47443,AGENT_STOP,0,F0:10,5798,0,0,0,0,0,0,0,0,5798,7,0,false,false,32,0.2835,1.0000,16
2026-05-06 00:51:37,run_1778011901552,40,19,5920,v3,16,true,32,11,0,0.0,10,6.2600,-7.0920,-0.8320,0.47384,AGENT_STOP,0,F0:10,5308,0,0,0,0,0,0,0,0,5308,8,0,false,false,32,0.2816,1.0000,15
2026-05-06 00:51:53,run_1778011901552,40,29,5930,v3,16,true,32,13,0,0.0,12,6.8008,-13.3106,-6.5098,0.47325,AGENT_STOP,1,F0:10|F1:2,7521,0,0,0,0,0,0,0,0,7521,9,0,false,false,32,0.3145,1.0000,19
2026-05-06 00:52:02,run_1778011901552,40,39,5940,v3,16,true,32,8,0,0.0,7,4.0120,-6.1413,-2.1293,0.47267,AGENT_STOP,1,F0:6|F1:1,3857,0,0,0,0,0,0,0,0,3857,8,0,false,false,32,0.3041,1.0000,18
2026-05-06 00:52:11,run_1778011901552,40,49,5950,v3,16,true,32,12,0,0.0,11,6.1068,-9.9358,-3.8290,0.47208,MASK_EMPTY,1,F0:8|F1:3,5721,0,0,0,0,0,1,0,0,5720,11,0,false,false,32,0.2842,1.0000,19
2026-05-06 00:52:23,run_1778011901552,40,59,5960,v3,16,true,32,14,0,0.0,13,8.1906,-9.1542,-0.9636,0.47150,AGENT_STOP,2,F0:8|F1:3|F2:2,7489,0,0,0,0,0,0,0,0,7489,8,0,false,false,32,0.2985,1.0000,19
2026-05-06 00:52:34,run_1778011901552,40,69,5970,v3,16,true,32,17,0,0.0,17,11.4016,-9.1433,2.2583,0.47091,AGENT_STOP,1,F0:9|F1:8,9254,0,0,0,0,0,0,0,0,9254,15,0,false,false,32,0.3106,1.0000,18
2026-05-06 00:52:43,run_1778011901552,40,79,5980,v3,16,true,32,9,0,0.0,8,3.9520,-11.1173,-7.1653,0.47033,AGENT_STOP,1,F0:7|F1:1,5165,0,0,0,0,0,0,0,0,5165,7,0,false,false,32,0.2966,1.0000,19
2026-05-06 00:52:54,run_1778011901552,40,89,5990,v3,16,true,32,25,0,0.0,24,18.9792,-11.0232,7.9560,0.46974,AGENT_STOP,2,F0:16|F1:6|F2:2,13461,0,0,0,0,0,0,0,0,13461,23,0,false,false,32,0.3039,1.0000,19
2026-05-06 00:53:05,run_1778011901552,40,99,6000,v3,16,true,32,8,0,0.0,7,3.8000,-5.7433,-1.9433,0.46916,AGENT_STOP,0,F0:7,3516,0,0,0,0,0,0,0,0,3516,3,0,false,false,32,0.2654,1.0000,14
2026-05-06 00:53:13,run_1778011901552,40,109,6010,v3,16,true,32,27,0,0.0,26,21.0915,-16.5612,4.5303,0.46858,AGENT_STOP,2,F0:18|F1:6|F2:2,14162,0,0,0,0,0,0,0,0,14162,25,0,false,false,32,0.2962,1.0000,19
2026-05-06 00:53:24,run_1778011901552,40,119,6020,v3,16,true,32,9,0,0.0,9,4.4100,-7.7065,-3.2965,0.46800,AGENT_STOP,0,F0:9,5286,0,0,0,0,0,0,0,0,5286,8,0,false,false,32,0.2816,1.0000,16
2026-05-06 00:53:34,run_1778011901552,40,129,6030,v3,16,true,32,14,0,0.0,14,7.9620,-10.3099,-2.3479,0.46742,AGENT_STOP,1,F0:13|F1:1,7597,0,0,0,0,0,0,0,0,7597,17,0,false,false,32,0.3146,1.0000,19
2026-05-06 00:53:49,run_1778011901552,40,139,6040,v3,16,true,32,35,0,0.0,34,32.5657,-9.0362,23.5295,0.46684,AGENT_STOP,3,F0:17|F1:12|F2:4|F3:1,16780,0,0,0,0,0,0,0,0,16780,29,0,false,false,32,0.2991,1.0000,20
2026-05-06 00:53:58,run_1778011901552,40,149,6050,v3,16,true,32,6,0,0.0,5,2.6120,-10.1516,-7.5396,0.46626,AGENT_STOP,1,F0:4|F1:1,3568,0,0,0,0,0,0,0,0,3568,3,0,false,false,32,0.2856,1.0000,18
2026-05-06 00:54:10,run_1778011901552,41,9,6060,v3,16,true,32,6,0,0.0,5,2.4700,-10.1516,-7.6816,0.46568,AGENT_STOP,0,F0:5,3780,0,0,0,0,0,0,0,0,3780,2,0,false,false,32,0.2678,1.0000,16
2026-05-06 00:54:22,run_1778011901552,41,19,6070,v3,16,true,32,8,0,0.0,8,4.2600,-5.5052,-1.2452,0.46511,AGENT_STOP,0,F0:8,3878,0,0,0,0,0,0,0,0,3878,4,0,false,false,32,0.2996,1.0000,15
2026-05-06 00:54:34,run_1778011901552,41,29,6080,v3,16,true,32,8,0,0.0,7,4.0500,-5.4166,-1.3666,0.46453,AGENT_STOP,0,F0:7,4029,0,0,0,0,0,0,0,0,4029,4,0,false,false,32,0.2798,1.0000,15
2026-05-06 00:54:42,run_1778011901552,41,39,6090,v3,16,true,32,7,0,0.0,6,2.8500,-7.6977,-4.8477,0.46395,AGENT_STOP,0,F0:6,3227,0,0,0,0,0,0,0,0,3227,3,0,false,false,32,0.1933,1.0000,12
2026-05-06 00:54:55,run_1778011901552,41,49,6100,v3,16,true,32,20,0,0.0,19,14.9320,-6.0736,8.8584,0.46338,AGENT_STOP,1,F0:15|F1:4,10424,0,0,0,0,0,0,0,0,10424,17,0,false,false,32,0.3175,1.0000,18
2026-05-06 00:55:02,run_1778011901552,41,59,6110,v3,16,true,32,6,0,0.0,6,3.1300,-5.0616,-1.9316,0.46280,AGENT_STOP,0,F0:6,3343,0,0,0,0,0,0,0,0,3343,4,0,false,false,32,0.2742,1.0000,15
2026-05-06 00:55:15,run_1778011901552,41,69,6120,v3,16,true,32,25,0,0.0,24,17.7248,-15.0919,2.6329,0.46223,AGENT_STOP,1,F0:19|F1:5,12537,0,0,0,0,0,1,0,0,12536,17,0,false,false,32,0.3085,1.0000,19
2026-05-06 00:55:28,run_1778011901552,41,79,6130,v3,16,true,32,31,0,0.0,30,26.0959,-16.6412,9.4547,0.46166,AGENT_STOP,2,F0:17|F1:9|F2:4,15516,0,0,0,0,0,0,0,0,15516,25,0,false,false,32,0.3028,1.0000,20
2026-05-06 00:55:42,run_1778011901552,41,89,6140,v3,16,true,32,21,0,0.0,20,16.2320,-6.0516,10.1804,0.46109,AGENT_STOP,1,F0:16|F1:4,11373,0,0,0,0,0,0,0,0,11373,18,0,false,false,32,0.3066,1.0000,18
2026-05-06 00:55:55,run_1778011901552,41,99,6150,v3,16,true,32,55,0,0.0,55,69.2941,-22.8403,46.4538,0.46051,MAX_STEPS,3,F0:31|F1:15|F2:8|F3:1,25844,0,0,0,0,0,0,0,0,25844,48,0,false,false,32,0.3192,1.0000,20
2026-05-06 00:56:09,run_1778011901552,41,109,6160,v3,16,true,32,25,0,0.0,25,20.2400,-11.6987,8.5414,0.45994,AGENT_STOP,2,F0:15|F1:6|F2:4,12591,0,0,0,0,0,1,0,0,12590,19,0,false,false,32,0.3146,1.0000,18
2026-05-06 00:56:24,run_1778011901552,41,119,6170,v3,16,true,32,44,0,0.0,43,44.7242,-7.9679,36.7564,0.45937,AGENT_STOP,2,F0:28|F1:14|F2:1,20630,0,0,0,0,0,1,0,0,20629,34,0,false,false,32,0.3007,1.0000,20
2026-05-06 00:56:36,run_1778011901552,41,129,6180,v3,16,true,32,17,0,0.0,16,10.1360,-13.1907,-3.0547,0.45880,AGENT_STOP,1,F0:13|F1:3,8752,0,0,0,0,0,0,0,0,8752,14,0,false,false,32,0.3005,1.0000,18
2026-05-06 00:56:46,run_1778011901552,41,139,6190,v3,16,true,32,31,0,0.0,31,27.0400,-7.9132,19.1268,0.45824,AGENT_STOP,1,F0:19|F1:12,14960,0,0,0,0,0,1,0,0,14959,27,0,false,false,32,0.3013,1.0000,19
2026-05-06 00:57:02,run_1778011901552,41,149,6200,v3,16,true,32,8,0,0.0,7,4.0420,-5.9855,-1.9435,0.45767,AGENT_STOP,1,F0:6|F1:1,3152,0,0,0,0,0,1,0,0,3151,9,0,false,false,32,0.2922,1.0000,18
2026-05-06 00:57:14,run_1778011901552,42,9,6210,v3,16,true,32,32,0,0.0,31,27.5462,-8.7363,18.8100,0.45710,AGENT_STOP,2,F0:24|F1:5|F2:2,13988,0,0,0,0,0,0,0,0,13988,29,0,false,false,32,0.2981,1.0000,20
2026-05-06 00:57:28,run_1778011901552,42,19,6220,v3,16,true,32,55,0,0.0,57,72.2550,-11.2202,61.0349,0.45653,MAX_STEPS,4,F0:33|F1:9|F2:6|F3:7|F4:2,25260,0,0,0,0,0,1,0,0,25259,51,0,false,false,32,0.3292,1.0000,19
2026-05-06 00:57:42,run_1778011901552,42,29,6230,v3,16,true,32,40,0,0.0,39,40.2848,-9.9288,30.3560,0.45597,AGENT_STOP,2,F0:21|F1:10|F2:8,19383,0,0,0,0,0,0,0,0,19383,35,0,false,false,32,0.3088,1.0000,20
2026-05-06 00:57:56,run_1778011901552,42,39,6240,v3,16,true,32,11,0,0.0,10,5.6220,-9.2286,-3.6066,0.45540,AGENT_STOP,1,F0:9|F1:1,5473,0,0,0,0,0,0,0,0,5473,12,0,false,false,32,0.3073,1.0000,19
2026-05-06 00:58:04,run_1778011901552,42,49,6250,v3,16,true,32,11,0,0.0,10,4.7000,-13.2446,-8.5446,0.45484,AGENT_STOP,0,F0:10,5352,0,0,0,0,0,0,0,0,5352,8,0,false,false,32,0.2632,1.0000,14
2026-05-06 00:58:19,run_1778011901552,42,59,6260,v3,16,true,32,27,0,0.0,26,20.4660,-22.5656,-2.0996,0.45427,AGENT_STOP,1,F0:23|F1:3,12827,0,0,0,0,0,1,0,0,12826,23,0,false,false,32,0.3262,1.0000,19
2026-05-06 00:58:30,run_1778011901552,42,69,6270,v3,16,true,32,11,0,0.0,10,6.4800,-5.0966,1.3834,0.45371,AGENT_STOP,0,F0:10,5578,0,0,0,0,0,0,0,0,5578,10,0,false,false,32,0.2929,1.0000,15
2026-05-06 00:58:40,run_1778011901552,42,79,6280,v3,16,true,32,15,0,0.0,14,8.6120,-13.2298,-4.6178,0.45315,AGENT_STOP,1,F0:10|F1:4,7410,0,0,0,0,0,0,0,0,7410,11,0,false,false,32,0.3122,1.0000,19
2026-05-06 00:58:53,run_1778011901552,42,89,6290,v3,16,true,32,35,0,0.0,35,32.8226,-9.1522,23.6705,0.45259,AGENT_STOP,2,F0:23|F1:11|F2:1,17059,0,0,0,0,0,0,0,0,17059,31,0,false,false,32,0.3016,1.0000,19
2026-05-06 00:59:04,run_1778011901552,42,99,6300,v3,16,true,32,10,0,0.0,9,4.8100,-9.9233,-5.1133,0.45203,AGENT_STOP,0,F0:9,5341,0,0,0,0,0,0,0,0,5341,8,0,false,false,32,0.2661,1.0000,16
2026-05-06 00:59:14,run_1778011901552,42,109,6310,v3,16,true,32,16,0,0.0,15,8.5440,-18.8427,-10.2987,0.45147,AGENT_STOP,1,F0:13|F1:2,7371,0,0,0,0,0,1,0,0,7370,13,0,false,false,32,0.3004,1.0000,19
2026-05-06 00:59:30,run_1778011901552,42,119,6320,v3,16,true,32,15,0,0.0,15,8.5300,-9.7542,-1.2242,0.45091,AGENT_STOP,1,F0:12|F1:3,7155,0,0,0,0,0,1,0,0,7154,10,0,false,false,32,0.3165,1.0000,19
2026-05-06 00:59:42,run_1778011901552,42,129,6330,v3,16,true,32,11,0,0.0,10,6.2600,-5.2895,0.9705,0.45035,AGENT_STOP,0,F0:10,5386,0,0,0,0,0,1,0,0,5385,8,0,false,false,32,0.2847,1.0000,15
2026-05-06 00:59:54,run_1778011901552,42,139,6340,v3,16,true,32,53,1,1.9,52,48.8428,-21.2969,27.5459,0.44979,AGENT_STOP,2,F0:43|F1:8|F2:1,27051,1,0,0,0,0,6,0,0,27044,48,0,false,false,32,0.3354,1.0000,19
2026-05-06 01:00:05,run_1778011901552,42,149,6350,v3,16,true,32,29,0,0.0,28,21.1380,-21.1528,-0.0148,0.44923,AGENT_STOP,1,F0:24|F1:4,14266,0,0,0,0,0,1,0,0,14265,29,0,false,false,32,0.3062,1.0000,19
2026-05-06 01:00:17,run_1778011901552,43,9,6360,v3,16,true,32,6,0,0.0,5,2.1600,-10.1516,-7.9916,0.44867,AGENT_STOP,0,F0:5,3864,0,0,0,0,0,1,0,0,3863,9,0,false,false,32,0.2178,1.0000,13
2026-05-06 01:00:30,run_1778011901552,43,19,6370,v3,16,true,32,14,0,0.0,13,9.1900,-5.9001,3.2899,0.44812,AGENT_STOP,1,F0:10|F1:3,7976,0,0,0,0,0,0,0,0,7976,11,0,false,false,32,0.3282,1.0000,18
2026-05-06 01:00:45,run_1778011901552,43,29,6380,v3,16,true,32,8,0,0.0,7,4.3720,-5.2503,-0.8783,0.44756,AGENT_STOP,1,F0:6|F1:1,3759,0,0,0,0,0,0,0,0,3759,7,0,false,false,32,0.3009,1.0000,18
2026-05-06 01:00:57,run_1778011901552,43,39,6390,v3,16,true,32,13,0,0.0,12,6.9580,-8.8028,-1.8448,0.44701,AGENT_STOP,1,F0:10|F1:2,7174,0,0,0,0,0,0,0,0,7174,7,0,false,false,32,0.3021,1.0000,19
2026-05-06 01:01:08,run_1778011901552,43,49,6400,v3,16,true,32,24,0,0.0,24,18.9048,-15.3697,3.5351,0.44645,AGENT_STOP,1,F0:17|F1:7,12397,0,0,0,0,0,0,0,0,12397,21,0,false,false,32,0.3172,1.0000,19
2026-05-06 01:01:21,run_1778011901552,43,59,6410,v3,16,true,32,55,0,0.0,55,70.1247,-18.1023,52.0225,0.44590,MAX_STEPS,3,F0:28|F1:13|F2:10|F3:4,27179,0,0,0,0,0,0,0,0,27179,52,0,false,false,32,0.3147,1.0000,20
2026-05-06 01:01:39,run_1778011901552,43,69,6420,v3,16,true,32,17,0,0.0,16,11.1308,-4.6459,6.4849,0.44535,MASK_EMPTY,1,F0:14|F1:2,8269,0,0,0,0,0,1,0,0,8268,12,0,false,false,32,0.3147,1.0000,19
2026-05-06 01:01:49,run_1778011901552,43,79,6430,v3,16,true,32,14,0,0.0,13,7.4480,-11.0402,-3.5922,0.44480,AGENT_STOP,1,F0:11|F1:2,7217,0,0,0,0,0,1,0,0,7216,9,0,false,false,32,0.3110,1.0000,19
2026-05-06 01:02:00,run_1778011901552,43,89,6440,v3,16,true,32,12,0,0.0,11,6.8740,-7.1411,-0.2671,0.44425,AGENT_STOP,1,F0:8|F1:3,5477,0,0,0,0,0,0,0,0,5477,10,0,false,false,32,0.2827,1.0000,18
2026-05-06 01:02:13,run_1778011901552,43,99,6450,v3,16,true,32,18,0,0.0,17,12.0386,-9.9162,2.1225,0.44369,AGENT_STOP,2,F0:12|F1:2|F2:3,9692,0,0,0,0,0,0,0,0,9692,16,0,false,false,32,0.3023,1.0000,18
2026-05-06 01:02:29,run_1778011901552,43,109,6460,v3,16,true,32,9,0,0.0,8,4.4420,-2.7908,1.6512,0.44314,MASK_EMPTY,1,F0:7|F1:1,3966,0,0,0,0,0,1,0,0,3965,4,0,false,false,32,0.3084,1.0000,19
2026-05-06 01:02:39,run_1778011901552,43,119,6470,v3,16,true,32,7,0,0.0,6,2.5000,-11.3542,-8.8542,0.44260,AGENT_STOP,0,F0:6,3355,0,0,0,0,0,0,0,0,3355,4,0,false,false,32,0.2671,1.0000,16
2026-05-06 01:02:50,run_1778011901552,43,129,6480,v3,16,true,32,17,0,0.0,16,9.4900,-10.2055,-0.7155,0.44205,AGENT_STOP,1,F0:13|F1:3,8656,0,0,0,0,0,1,0,0,8655,13,0,false,false,32,0.2918,1.0000,19
2026-05-06 01:03:08,run_1778011901552,43,139,6490,v3,16,true,32,25,0,0.0,25,18.6468,-19.6233,-0.9765,0.44150,AGENT_STOP,2,F0:22|F1:2|F2:1,13274,0,0,0,0,0,0,0,0,13274,24,0,false,false,32,0.3255,1.0000,19
2026-05-06 01:03:18,run_1778011901552,43,149,6500,v3,16,true,32,12,0,0.0,11,6.1872,-8.5704,-2.3832,0.44095,AGENT_STOP,1,F0:6|F1:5,5128,0,0,0,0,0,0,0,0,5128,5,0,false,false,32,0.2865,1.0000,19
2026-05-06 01:03:29,run_1778011901552,44,9,6510,v3,16,true,32,15,0,0.0,14,9.3686,-8.5996,0.7690,0.44040,AGENT_STOP,2,F0:9|F1:4|F2:1,6837,0,0,0,0,0,0,0,0,6837,11,0,false,false,32,0.2956,1.0000,18
2026-05-06 01:03:40,run_1778011901552,44,19,6520,v3,16,true,32,8,0,0.0,7,3.6600,-2.3452,1.3148,0.43986,MASK_EMPTY,0,F0:7,3578,0,0,0,0,0,1,0,0,3577,5,0,false,false,32,0.2878,1.0000,16
2026-05-06 01:03:57,run_1778011901552,44,29,6530,v3,16,true,32,23,0,0.0,23,17.2296,-12.9373,4.2923,0.43931,AGENT_STOP,2,F0:17|F1:4|F2:2,11585,0,0,0,0,0,0,0,0,11585,17,0,false,false,32,0.3190,1.0000,19
2026-05-06 01:04:08,run_1778011901552,44,39,6540,v3,16,true,32,8,0,0.0,7,3.6000,-6.5062,-2.9062,0.43877,AGENT_STOP,0,F0:7,3992,0,0,0,0,0,0,0,0,3992,6,0,false,false,32,0.2694,1.0000,15
2026-05-06 01:04:22,run_1778011901552,44,49,6550,v3,16,true,32,50,0,0.0,49,55.6241,-25.7082,29.9159,0.43823,AGENT_STOP,3,F0:32|F1:8|F2:7|F3:2,22492,0,0,0,0,0,0,0,0,22492,37,0,false,false,32,0.3239,1.0000,20
2026-05-06 01:04:34,run_1778011901552,44,59,6560,v3,16,true,32,14,0,0.0,14,9.3856,-6.1246,3.2610,0.43768,AGENT_STOP,2,F0:9|F1:4|F2:1,7186,0,0,0,0,0,0,0,0,7186,14,0,false,false,32,0.3101,1.0000,18
2026-05-06 01:04:46,run_1778011901552,44,69,6570,v3,16,true,32,15,0,0.0,14,9.6288,-8.7012,0.9276,0.43714,AGENT_STOP,2,F0:10|F1:3|F2:1,6722,0,0,0,0,0,1,0,0,6721,9,0,false,false,32,0.2999,1.0000,19
2026-05-06 01:04:57,run_1778011901552,44,79,6580,v3,16,true,32,55,2,3.6,54,44.5325,-14.4014,30.1311,0.43660,MAX_STEPS,3,F0:32|F1:7|F2:10|F3:5,25427,2,0,0,0,0,0,0,0,25425,58,0,false,false,32,0.3189,1.0000,20
2026-05-06 01:05:09,run_1778011901552,44,89,6590,v3,16,true,32,38,0,0.0,38,37.4646,-14.6433,22.8213,0.43606,AGENT_STOP,3,F0:19|F1:9|F2:9|F3:1,17503,0,0,0,0,0,0,0,0,17503,37,0,false,false,32,0.3175,1.0000,19
2026-05-06 01:05:24,run_1778011901552,44,99,6600,v3,16,true,32,34,1,2.9,32,28.6540,-12.8715,15.7825,0.43552,AGENT_STOP,2,F0:17|F1:10|F2:5,15631,1,0,0,0,0,1,0,0,15629,30,0,false,false,32,0.2870,1.0000,20
2026-05-06 01:05:35,run_1778011901552,44,109,6610,v3,16,true,32,36,0,0.0,36,36.3094,-7.5536,28.7558,0.43498,AGENT_STOP,3,F0:21|F1:6|F2:5|F3:4,16976,0,0,0,0,0,0,0,0,16976,32,0,false,false,32,0.3154,1.0000,18
2026-05-06 01:05:54,run_1778011901552,44,119,6620,v3,16,true,32,28,0,0.0,27,22.7216,-12.1632,10.5584,0.43444,AGENT_STOP,2,F0:20|F1:5|F2:2,13145,0,0,0,0,0,0,0,0,13145,23,0,false,false,32,0.3188,1.0000,19
2026-05-06 01:06:07,run_1778011901552,44,129,6630,v3,16,true,32,12,0,0.0,11,6.4886,-8.9247,-2.4361,0.43390,AGENT_STOP,2,F0:6|F1:3|F2:2,5103,0,0,0,0,0,0,0,0,5103,9,0,false,false,32,0.3084,1.0000,18
2026-05-06 01:06:22,run_1778011901552,44,139,6640,v3,16,true,32,39,0,0.0,38,39.3164,-13.2893,26.0271,0.43336,AGENT_STOP,3,F0:22|F1:10|F2:5|F3:1,19269,0,0,0,0,0,1,0,0,19268,36,0,false,false,32,0.3180,1.0000,19
2026-05-06 01:06:35,run_1778011901552,44,149,6650,v3,16,true,32,22,0,0.0,22,15.0876,-11.2718,3.8158,0.43282,AGENT_STOP,1,F0:16|F1:6,11015,0,0,0,0,0,0,0,0,11015,18,0,false,false,32,0.3171,1.0000,19
2026-05-06 01:06:47,run_1778011901552,45,9,6660,v3,16,true,32,43,0,0.0,43,46.3892,-14.3417,32.0476,0.43229,AGENT_STOP,3,F0:25|F1:5|F2:7|F3:6,20234,0,0,0,0,0,1,0,0,20233,41,0,false,false,32,0.3187,1.0000,20
2026-05-06 01:07:02,run_1778011901552,45,19,6670,v3,16,true,32,8,0,0.0,7,3.5020,-7.6634,-4.1614,0.43175,AGENT_STOP,1,F0:6|F1:1,3743,0,0,0,0,0,0,0,0,3743,4,0,false,false,32,0.3033,1.0000,19
2026-05-06 01:07:13,run_1778011901552,45,29,6680,v3,16,true,32,11,0,0.0,10,5.4640,-9.5338,-4.0698,0.43122,AGENT_STOP,1,F0:8|F1:2,5281,0,0,0,0,0,0,0,0,5281,16,0,false,false,32,0.2930,1.0000,19
2026-05-06 01:07:33,run_1778011901552,45,39,6690,v3,16,true,32,43,0,0.0,42,41.7116,-19.6096,22.1020,0.43068,AGENT_STOP,1,F0:32|F1:10,20482,0,0,0,0,0,1,0,0,20481,35,0,false,false,32,0.3130,1.0000,19
2026-05-06 01:07:46,run_1778011901552,45,49,6700,v3,16,true,32,54,13,24.1,40,33.0264,-22.6692,10.3572,0.43015,AGENT_STOP,2,F0:33|F1:4|F2:3,24978,13,0,0,0,0,0,0,0,24965,46,0,false,false,32,0.3042,1.0000,20
2026-05-06 01:07:55,run_1778011901552,45,59,6710,v3,16,true,32,9,0,0.0,8,4.7720,-5.8185,-1.0465,0.42962,AGENT_STOP,1,F0:7|F1:1,5255,0,0,0,0,0,0,0,0,5255,6,0,false,false,32,0.3018,1.0000,18
2026-05-06 01:08:06,run_1778011901552,45,69,6720,v3,16,true,32,18,0,0.0,18,11.2800,-11.8433,-0.5633,0.42908,AGENT_STOP,0,F0:18,10131,0,0,0,0,0,0,0,0,10131,16,0,false,false,32,0.2980,1.0000,16
2026-05-06 01:08:16,run_1778011901552,45,79,6730,v3,16,true,32,8,0,0.0,7,3.1400,-9.7343,-6.5943,0.42855,AGENT_STOP,0,F0:7,4015,0,0,0,0,0,0,0,0,4015,3,0,false,false,32,0.2100,1.0000,12
2026-05-06 01:08:26,run_1778011901552,45,89,6740,v3,16,true,32,43,0,0.0,42,45.3640,-12.1275,33.2365,0.42802,AGENT_STOP,2,F0:26|F1:11|F2:5,21071,0,0,0,0,0,0,0,0,21071,38,0,false,false,32,0.3227,1.0000,19
2026-05-06 01:08:40,run_1778011901552,45,99,6750,v3,16,true,32,28,0,0.0,27,22.5579,-7.6672,14.8907,0.42749,AGENT_STOP,2,F0:13|F1:11|F2:3,13315,0,0,0,0,0,0,0,0,13315,24,0,false,false,32,0.2903,1.0000,19
2026-05-06 01:08:54,run_1778011901552,45,109,6760,v3,16,true,32,29,0,0.0,28,22.2340,-15.3660,6.8680,0.42696,AGENT_STOP,1,F0:26|F1:2,15565,0,0,0,0,0,2,0,0,15563,26,0,false,false,32,0.3222,1.0000,19
2026-05-06 01:09:07,run_1778011901552,45,119,6770,v3,16,true,32,48,0,0.0,47,54.7918,-11.8438,42.9480,0.42643,AGENT_STOP,2,F0:24|F1:16|F2:7,22492,0,0,0,0,0,1,0,0,22491,52,0,false,false,32,0.3083,1.0000,20
2026-05-06 01:09:24,run_1778011901552,45,129,6780,v3,16,true,32,52,0,0.0,53,60.6859,-39.7245,20.9614,0.42590,AGENT_STOP,2,F0:33|F1:13|F2:7,24184,0,0,0,0,0,0,0,0,24184,40,0,false,false,32,0.3234,1.0000,19
2026-05-06 01:09:39,run_1778011901552,45,139,6790,v3,16,true,32,53,0,0.0,53,62.6898,-14.2599,48.4299,0.42537,MASK_EMPTY,3,F0:31|F1:13|F2:7|F3:2,25910,0,0,0,0,0,1,0,0,25909,41,0,false,false,32,0.3260,1.0000,20
2026-05-06 01:09:54,run_1778011901552,45,149,6800,v3,16,true,32,26,3,11.5,22,16.4576,-4.0926,12.3650,0.42485,AGENT_STOP,1,F0:13|F1:9,12690,3,0,0,0,0,0,0,0,12687,26,0,false,false,32,0.3043,1.0000,18
2026-05-06 01:10:08,run_1778011901552,46,9,6810,v3,16,true,32,50,1,2.0,49,56.1684,-7.3146,48.8538,0.42432,AGENT_STOP,3,F0:23|F1:14|F2:8|F3:4,25178,1,0,0,0,0,0,0,0,25177,47,0,false,false,32,0.3124,1.0000,19
2026-05-06 01:10:20,run_1778011901552,46,19,6820,v3,16,true,32,40,1,2.5,38,36.2812,-12.1033,24.1779,0.42379,AGENT_STOP,2,F0:22|F1:14|F2:2,18111,1,0,0,0,0,2,0,0,18108,34,0,false,false,32,0.2995,1.0000,20
2026-05-06 01:10:31,run_1778011901552,46,29,6830,v3,16,true,32,25,0,0.0,24,17.4724,-13.3577,4.1147,0.42327,AGENT_STOP,1,F0:18|F1:6,12707,0,0,0,0,0,0,0,0,12707,22,0,false,false,32,0.3108,1.0000,19
2026-05-06 01:10:43,run_1778011901552,46,39,6840,v3,16,true,32,26,1,3.8,25,19.0372,-7.0272,12.0100,0.42274,AGENT_STOP,1,F0:11|F1:14,13550,1,0,0,0,0,0,0,0,13549,18,0,false,false,32,0.2978,1.0000,19
2026-05-06 01:11:01,run_1778011901552,46,49,6850,v3,16,true,32,38,1,2.6,37,24.1477,-28.4903,-4.3426,0.42222,AGENT_STOP,2,F0:25|F1:10|F2:2,18742,1,0,0,0,0,0,0,0,18741,28,0,false,false,32,0.3147,1.0000,19
2026-05-06 01:11:15,run_1778011901552,46,59,6860,v3,16,true,32,44,0,0.0,43,47.6467,-12.4764,35.1703,0.42170,AGENT_STOP,2,F0:29|F1:12|F2:2,21448,0,0,0,0,0,2,0,0,21446,41,0,false,false,32,0.3289,1.0000,18
2026-05-06 01:11:31,run_1778011901552,46,69,6870,v3,16,true,32,21,0,0.0,20,14.2288,-9.6410,4.5878,0.42117,AGENT_STOP,1,F0:14|F1:6,11143,0,0,0,0,0,0,0,0,11143,14,0,false,false,32,0.3149,1.0000,19
2026-05-06 01:11:46,run_1778011901552,46,79,6880,v3,16,true,32,6,0,0.0,5,2.4100,-10.1516,-7.7416,0.42065,AGENT_STOP,0,F0:5,3058,0,0,0,0,0,0,0,0,3058,8,0,false,false,32,0.2803,1.0000,15
2026-05-06 01:11:55,run_1778011901552,46,89,6890,v3,16,true,32,24,0,0.0,24,17.2008,-28.6237,-11.4229,0.42013,AGENT_STOP,2,F0:16|F1:7|F2:1,11353,0,0,0,0,0,0,0,0,11353,20,0,false,false,32,0.2931,1.0000,19
2026-05-06 01:12:06,run_1778011901552,46,99,6900,v3,16,true,32,12,0,0.0,11,6.0900,-9.3362,-3.2462,0.41961,AGENT_STOP,0,F0:11,5532,0,0,0,0,0,0,0,0,5532,13,0,false,false,32,0.2676,1.0000,15
2026-05-06 01:12:17,run_1778011901552,46,109,6910,v3,16,true,32,19,0,0.0,19,14.8712,-4.3696,10.5016,0.41909,AGENT_STOP,2,F0:8|F1:9|F2:2,10300,0,0,0,0,0,0,0,0,10300,19,0,false,false,32,0.3318,1.0000,18
2026-05-06 01:12:30,run_1778011901552,46,119,6920,v3,16,true,32,6,0,0.0,5,2.4000,-10.1516,-7.7516,0.41857,AGENT_STOP,0,F0:5,3268,0,0,0,0,0,0,0,0,3268,3,0,false,false,32,0.2053,1.0000,14
2026-05-06 01:12:43,run_1778011901552,46,129,6930,v3,16,true,32,12,0,0.0,12,8.0492,-5.5129,2.5363,0.41805,AGENT_STOP,2,F0:8|F1:2|F2:2,5432,0,0,0,0,0,0,0,0,5432,11,0,false,false,32,0.3173,1.0000,18
2026-05-06 01:12:56,run_1778011901552,46,139,6940,v3,16,true,32,17,0,0.0,17,12.2552,-9.0908,3.1644,0.41753,AGENT_STOP,2,F0:9|F1:7|F2:1,9345,0,0,0,0,0,1,0,0,9344,9,0,false,false,32,0.3340,1.0000,19
2026-05-06 01:13:08,run_1778011901552,46,149,6950,v3,16,true,32,16,0,0.0,15,10.1500,-8.5005,1.6495,0.41702,AGENT_STOP,0,F0:15,7796,0,0,0,0,0,0,0,0,7796,14,0,false,false,32,0.2788,1.0000,15
2026-05-06 01:13:20,run_1778011901552,47,9,6960,v3,16,true,32,6,0,0.0,5,2.4100,-10.1516,-7.7416,0.41650,AGENT_STOP,0,F0:5,3516,0,0,0,0,0,0,0,0,3516,4,0,false,false,32,0.2803,1.0000,15
2026-05-06 01:13:30,run_1778011901552,47,19,6970,v3,16,true,32,24,0,0.0,23,16.8932,-12.1452,4.7480,0.41598,AGENT_STOP,1,F0:15|F1:8,11438,0,0,0,0,0,0,0,0,11438,22,0,false,false,32,0.2881,1.0000,19
2026-05-06 01:13:42,run_1778011901552,47,29,6980,v3,16,true,32,23,0,0.0,22,14.9640,-10.3810,4.5830,0.41547,AGENT_STOP,1,F0:15|F1:7,11183,0,0,0,0,0,0,0,0,11183,25,0,false,false,32,0.3048,1.0000,19
2026-05-06 01:13:51,run_1778011901552,47,39,6990,v3,16,true,32,21,0,0.0,20,14.7804,-10.3297,4.4507,0.41495,AGENT_STOP,2,F0:13|F1:3|F2:4,11388,0,0,0,0,0,0,0,0,11388,16,0,false,false,32,0.2957,1.0000,19
2026-05-06 01:14:05,run_1778011901552,47,49,7000,v3,16,true,32,13,0,0.0,12,6.9048,-12.9886,-6.0838,0.41444,AGENT_STOP,1,F0:8|F1:4,7983,0,0,0,0,0,0,0,0,7983,13,0,false,false,32,0.2968,1.0000,18
2026-05-06 01:14:15,run_1778011901552,47,59,7010,v3,16,true,32,21,0,0.0,20,14.3783,-10.1678,4.2106,0.41392,AGENT_STOP,2,F0:15|F1:4|F2:1,10851,0,0,0,0,0,0,0,0,10851,12,0,false,false,32,0.2936,1.0000,19
2026-05-06 01:14:29,run_1778011901552,47,69,7020,v3,16,true,32,29,0,0.0,30,23.1508,-13.3275,9.8233,0.41341,AGENT_STOP,1,F0:21|F1:9,15466,0,0,0,0,0,0,0,0,15466,22,0,false,false,32,0.2993,1.0000,19
2026-05-06 01:14:41,run_1778011901552,47,79,7030,v3,16,true,32,31,0,0.0,30,24.9320,-15.2028,9.7292,0.41290,AGENT_STOP,1,F0:22|F1:8,15557,0,0,0,0,0,0,0,0,15557,20,0,false,false,32,0.2971,1.0000,18
2026-05-06 01:14:52,run_1778011901552,47,89,7040,v3,16,true,32,14,0,0.0,13,8.9836,-5.9573,3.0263,0.41239,AGENT_STOP,1,F0:8|F1:5,8423,0,0,0,0,0,0,0,0,8423,12,0,false,false,32,0.3010,1.0000,18
2026-05-06 01:15:04,run_1778011901552,47,99,7050,v3,16,true,32,21,0,0.0,21,14.2376,-12.7702,1.4674,0.41188,AGENT_STOP,1,F0:15|F1:6,11373,0,0,0,0,0,0,0,0,11373,19,0,false,false,32,0.2915,1.0000,19
2026-05-06 01:15:14,run_1778011901552,47,109,7060,v3,16,true,32,9,0,0.0,8,4.4340,-7.4916,-3.0576,0.41136,AGENT_STOP,1,F0:6|F1:2,5294,0,0,0,0,0,0,0,0,5294,6,0,false,false,32,0.3018,1.0000,18
2026-05-06 01:15:26,run_1778011901552,47,119,7070,v3,16,true,32,55,0,0.0,56,70.2203,-11.7095,58.5108,0.41085,MAX_STEPS,2,F0:30|F1:13|F2:13,28173,0,0,0,0,0,0,0,0,28173,51,0,false,false,32,0.3199,1.0000,19
2026-05-06 01:15:37,run_1778011901552,47,129,7080,v3,16,true,32,23,0,0.0,23,16.1568,-14.2320,1.9248,0.41035,AGENT_STOP,1,F0:17|F1:6,10672,0,0,0,0,0,1,0,0,10671,17,0,false,false,32,0.2965,1.0000,19
2026-05-06 01:15:55,run_1778011901552,47,139,7090,v3,16,true,32,39,0,0.0,38,38.0828,-12.6597,25.4231,0.40984,AGENT_STOP,3,F0:26|F1:9|F2:2|F3:1,20420,0,0,0,0,0,0,0,0,20420,35,0,false,false,32,0.3236,1.0000,19
2026-05-06 01:16:10,run_1778011901552,47,149,7100,v3,16,true,32,16,0,0.0,15,10.3048,-7.1369,3.1679,0.40933,AGENT_STOP,1,F0:10|F1:5,7883,0,0,0,0,0,0,0,0,7883,17,0,false,false,32,0.2926,1.0000,18
2026-05-06 01:16:21,run_1778011901552,48,9,7110,v3,16,true,32,18,0,0.0,17,11.3184,-23.8561,-12.5377,0.40882,AGENT_STOP,1,F0:10|F1:7,9562,0,0,0,0,0,1,0,0,9561,17,0,false,false,32,0.2914,1.0000,19
2026-05-06 01:16:35,run_1778011901552,48,19,7120,v3,16,true,32,7,0,0.0,6,2.6300,-9.1259,-6.4959,0.40831,AGENT_STOP,0,F0:6,3489,0,0,0,0,0,0,0,0,3489,2,0,false,false,32,0.2857,1.0000,16
2026-05-06 01:16:52,run_1778011901552,48,29,7130,v3,16,true,32,14,0,0.0,14,8.8392,-9.7106,-0.8714,0.40781,AGENT_STOP,2,F0:10|F1:2|F2:2,7508,0,0,0,0,0,0,0,0,7508,12,0,false,false,32,0.3274,1.0000,19
2026-05-06 01:17:06,run_1778011901552,48,39,7140,v3,16,true,32,7,0,0.0,6,2.9600,-6.4241,-3.4641,0.40730,AGENT_STOP,0,F0:6,3466,0,0,0,0,0,0,0,0,3466,6,0,false,false,32,0.2671,1.0000,15
2026-05-06 01:17:18,run_1778011901552,48,49,7150,v3,16,true,32,55,0,0.0,55,69.4083,-17.3641,52.0443,0.40680,MAX_STEPS,4,F0:26|F1:11|F2:11|F3:6|F4:1,28483,0,0,0,0,0,0,0,0,28483,52,0,false,false,32,0.3312,1.0000,20
2026-05-06 01:17:29,run_1778011901552,48,59,7160,v3,16,true,32,14,0,0.0,13,7.8840,-7.3118,0.5722,0.40629,AGENT_STOP,1,F0:10|F1:3,7649,0,0,0,0,0,1,0,0,7648,9,0,false,false,32,0.2816,1.0000,18
2026-05-06 01:17:41,run_1778011901552,48,69,7170,v3,16,true,32,36,0,0.0,35,32.3634,-15.1475,17.2159,0.40579,AGENT_STOP,2,F0:21|F1:12|F2:2,16586,0,0,0,0,0,1,0,0,16585,30,0,false,false,32,0.3045,1.0000,21
2026-05-06 01:17:57,run_1778011901552,48,79,7180,v3,16,true,32,49,0,0.0,49,53.3716,-13.1805,40.1911,0.40529,AGENT_STOP,3,F0:33|F1:9|F2:5|F3:2,24871,0,0,0,0,0,1,0,0,24870,37,0,false,false,32,0.3265,1.0000,19
2026-05-06 01:18:09,run_1778011901552,48,89,7190,v3,16,true,32,10,0,0.0,9,5.2600,-6.5233,-1.2633,0.40479,AGENT_STOP,0,F0:9,5350,0,0,0,0,0,0,0,0,5350,12,0,false,false,32,0.2647,1.0000,15
2026-05-06 01:18:21,run_1778011901552,48,99,7200,v3,16,true,32,17,0,0.0,16,11.1500,-10.8794,0.2706,0.40428,AGENT_STOP,2,F0:9|F1:5|F2:2,9216,0,0,0,0,0,1,0,0,9215,15,0,false,false,32,0.3027,1.0000,19
2026-05-06 01:18:40,run_1778011901552,48,109,7210,v3,16,true,32,54,0,0.0,53,64.7580,-12.0581,52.6999,0.40378,AGENT_STOP,2,F0:33|F1:18|F2:2,26565,0,0,0,0,0,2,0,0,26563,53,0,false,false,32,0.3059,1.0000,18
2026-05-06 01:18:53,run_1778011901552,48,119,7220,v3,16,true,32,7,0,0.0,6,3.0420,-6.6888,-3.6468,0.40328,AGENT_STOP,1,F0:5|F1:1,3592,0,0,0,0,0,1,0,0,3591,5,0,false,false,32,0.2986,1.0000,18
2026-05-06 01:19:07,run_1778011901552,48,129,7230,v3,16,true,32,32,0,0.0,31,26.2560,-15.9381,10.3179,0.40278,AGENT_STOP,1,F0:20|F1:11,16085,0,0,0,0,0,1,0,0,16084,31,0,false,false,32,0.2915,1.0000,19
2026-05-06 01:19:20,run_1778011901552,48,139,7240,v3,16,true,32,12,0,0.0,11,6.7340,-5.8265,0.9075,0.40228,AGENT_STOP,1,F0:9|F1:2,6402,0,0,0,0,0,0,0,0,6402,8,0,false,false,32,0.2648,1.0000,16
2026-05-06 01:19:38,run_1778011901552,48,149,7250,v3,16,true,32,29,0,0.0,30,25.6136,-10.7854,14.8282,0.40178,AGENT_STOP,2,F0:21|F1:8|F2:1,15911,0,0,0,0,0,1,0,0,15910,21,0,false,false,32,0.3164,1.0000,19
2026-05-06 01:19:55,run_1778011901552,49,9,7260,v3,16,true,32,22,0,0.0,22,15.9708,-9.1409,6.8299,0.40129,AGENT_STOP,1,F0:17|F1:5,12273,0,0,0,0,0,1,0,0,12272,16,0,false,false,32,0.3023,1.0000,19
2026-05-06 01:20:07,run_1778011901552,49,19,7270,v3,16,true,32,10,0,0.0,9,5.2400,-6.1583,-0.9183,0.40079,AGENT_STOP,0,F0:9,5731,0,0,0,0,0,0,0,0,5731,7,0,false,false,32,0.2906,1.0000,15
2026-05-06 01:20:22,run_1778011901552,49,29,7280,v3,16,true,32,25,1,4.0,23,15.3588,-12.9817,2.3771,0.40029,AGENT_STOP,1,F0:16|F1:7,13040,1,0,0,0,0,0,0,0,13039,25,0,false,false,32,0.2960,1.0000,19
2026-05-06 01:20:41,run_1778011901552,49,39,7290,v3,16,true,32,46,1,2.2,45,38.1685,-16.6317,21.5367,0.39980,AGENT_STOP,3,F0:21|F1:11|F2:8|F3:5,23970,1,0,0,0,0,1,0,0,23968,41,0,false,false,32,0.3086,1.0000,20
2026-05-06 01:20:54,run_1778011901552,49,49,7300,v3,16,true,32,31,0,0.0,30,27.3437,-13.6941,13.6496,0.39930,AGENT_STOP,3,F0:14|F1:7|F2:7|F3:2,15815,0,0,0,0,0,2,0,0,15813,22,0,false,false,32,0.3029,1.0000,20
2026-05-06 01:21:08,run_1778011901552,49,59,7310,v3,16,true,32,17,0,0.0,16,9.5108,-13.6651,-4.1543,0.39881,AGENT_STOP,1,F0:14|F1:2,9704,0,0,0,0,0,4,0,0,9700,10,0,false,false,32,0.3100,1.0000,19
2026-05-06 01:21:25,run_1778011901552,49,69,7320,v3,16,true,32,6,0,0.0,5,2.5600,-10.1516,-7.5916,0.39831,AGENT_STOP,0,F0:5,4013,0,0,0,0,0,0,0,0,4013,6,0,false,false,32,0.2617,1.0000,15
2026-05-06 01:21:39,run_1778011901552,49,79,7330,v3,16,true,32,29,0,0.0,29,25.0301,-13.0749,11.9552,0.39782,AGENT_STOP,2,F0:15|F1:9|F2:5,16033,0,0,0,0,0,0,0,0,16033,24,0,false,false,32,0.3093,1.0000,19
2026-05-06 01:21:56,run_1778011901552,49,89,7340,v3,16,true,32,30,0,0.0,29,26.0566,-16.5424,9.5142,0.39732,AGENT_STOP,3,F0:19|F1:5|F2:4|F3:1,15508,0,0,0,0,0,0,0,0,15508,25,0,false,false,32,0.3287,1.0000,19
2026-05-06 01:22:07,run_1778011901552,49,99,7350,v3,16,true,32,14,0,0.0,13,7.8720,-8.9903,-1.1183,0.39683,AGENT_STOP,1,F0:12|F1:1,7589,0,0,0,0,0,1,0,0,7588,12,0,false,false,32,0.3100,1.0000,19
2026-05-06 01:22:18,run_1778011901552,49,109,7360,v3,16,true,32,12,0,0.0,11,6.3820,-8.0072,-1.6252,0.39634,AGENT_STOP,1,F0:10|F1:1,5789,0,0,0,0,0,1,0,0,5788,10,0,false,false,32,0.2945,1.0000,18
2026-05-06 01:22:29,run_1778011901552,49,119,7370,v3,16,true,32,20,0,0.0,19,14.8540,-4.6228,10.2312,0.39585,AGENT_STOP,1,F0:17|F1:2,9864,0,0,0,0,0,0,0,0,9864,19,0,false,false,32,0.3142,1.0000,18
2026-05-06 01:22:40,run_1778011901552,49,129,7380,v3,16,true,32,6,0,0.0,5,2.1100,-10.1516,-8.0416,0.39536,AGENT_STOP,0,F0:5,3569,0,0,0,0,0,1,0,0,3568,3,0,false,false,32,0.2617,1.0000,15
2026-05-06 01:22:52,run_1778011901552,49,139,7390,v3,16,true,32,6,0,0.0,5,2.5900,-10.1516,-7.5616,0.39487,AGENT_STOP,0,F0:5,3705,0,0,0,0,0,1,0,0,3704,6,0,false,false,32,0.2803,1.0000,15
2026-05-06 01:23:01,run_1778011901552,49,149,7400,v3,16,true,32,9,0,0.0,8,4.3720,-5.5209,-1.1489,0.39438,AGENT_STOP,1,F0:7|F1:1,5580,0,0,0,0,0,0,0,0,5580,3,0,false,false,32,0.2393,1.0000,16
2026-05-06 01:23:14,run_1778011901552,50,9,7410,v3,16,true,32,7,0,0.0,6,2.6600,-9.0737,-6.4137,0.39389,AGENT_STOP,0,F0:6,3770,0,0,0,0,0,0,0,0,3770,3,0,false,false,32,0.2744,1.0000,14
2026-05-06 01:23:29,run_1778011901552,50,19,7420,v3,16,true,32,46,0,0.0,46,51.3310,-9.1655,42.1655,0.39340,AGENT_STOP,3,F0:28|F1:11|F2:4|F3:3,23485,0,0,0,0,0,1,0,0,23484,36,0,false,false,32,0.3259,1.0000,19
2026-05-06 01:23:40,run_1778011901552,50,29,7430,v3,16,true,32,9,0,0.0,8,4.2900,-7.9564,-3.6664,0.39291,AGENT_STOP,0,F0:8,5304,0,0,0,0,0,0,0,0,5304,5,0,false,false,32,0.2839,1.0000,16
2026-05-06 01:23:52,run_1778011901552,50,39,7440,v3,16,true,32,33,0,0.0,33,31.0872,-10.4526,20.6346,0.39243,AGENT_STOP,2,F0:21|F1:11|F2:1,18600,0,0,0,0,0,0,0,0,18600,26,0,false,false,32,0.3214,1.0000,19
2026-05-06 01:24:10,run_1778011901552,50,49,7450,v3,16,true,32,33,1,3.0,31,26.0190,-7.5306,18.4884,0.39194,AGENT_STOP,3,F0:11|F1:10|F2:9|F3:1,17641,1,0,0,0,0,1,0,0,17639,28,0,false,false,32,0.2912,1.0000,19
2026-05-06 01:24:24,run_1778011901552,50,59,7460,v3,16,true,32,34,0,0.0,35,31.8351,-14.1064,17.7287,0.39145,AGENT_STOP,3,F0:22|F1:10|F2:2|F3:1,18611,0,0,0,0,0,0,0,0,18611,32,0,false,false,32,0.3173,1.0000,19
2026-05-06 01:24:36,run_1778011901552,50,69,7470,v3,16,true,32,7,0,0.0,6,2.8600,-7.5242,-4.6642,0.39097,AGENT_STOP,0,F0:6,3416,0,0,0,0,0,1,0,0,3415,5,0,false,false,32,0.2558,1.0000,15
2026-05-06 01:24:49,run_1778011901552,50,79,7480,v3,16,true,32,13,0,0.0,12,6.9040,-8.5213,-1.6173,0.39048,AGENT_STOP,1,F0:7|F1:5,7756,0,0,0,0,0,0,0,0,7756,7,0,false,false,32,0.2713,1.0000,20
2026-05-06 01:25:02,run_1778011901552,50,89,7490,v3,16,true,32,6,0,0.0,5,2.6200,-10.1516,-7.5316,0.39000,AGENT_STOP,0,F0:5,3376,0,0,0,0,0,1,0,0,3375,3,0,false,false,32,0.2678,1.0000,15
2026-05-06 01:25:15,run_1778011901552,50,99,7500,v3,16,true,32,19,0,0.0,19,13.3268,-8.3957,4.9311,0.38952,AGENT_STOP,2,F0:13|F1:5|F2:1,10172,0,0,0,0,0,1,0,0,10171,16,0,false,false,32,0.3040,1.0000,19
2026-05-06 01:25:31,run_1778011901552,50,109,7510,v3,16,true,32,22,0,0.0,21,16.7628,-9.6734,7.0894,0.38903,AGENT_STOP,2,F0:15|F1:5|F2:1,12608,0,0,0,0,0,0,0,0,12608,22,0,false,false,32,0.3193,1.0000,18
2026-05-06 01:25:48,run_1778011901552,50,119,7520,v3,16,true,32,13,0,0.0,12,6.7780,-9.2718,-2.4938,0.38855,AGENT_STOP,1,F0:10|F1:2,7418,0,0,0,0,0,0,0,0,7418,6,0,false,false,32,0.3133,1.0000,19
2026-05-06 01:26:00,run_1778011901552,50,129,7530,v3,16,true,32,6,0,0.0,5,2.3500,-10.1516,-7.8016,0.38807,AGENT_STOP,0,F0:5,3671,0,0,0,0,0,0,0,0,3671,3,0,false,false,32,0.2803,1.0000,15
2026-05-06 01:26:16,run_1778011901552,50,139,7540,v3,16,true,32,26,0,0.0,26,18.3600,-20.0099,-1.6499,0.38759,AGENT_STOP,1,F0:21|F1:5,13422,0,0,0,0,0,0,0,0,13422,24,0,false,false,32,0.2933,1.0000,19
2026-05-06 01:26:32,run_1778011901552,50,149,7550,v3,16,true,32,42,0,0.0,41,41.2150,-20.5927,20.6224,0.38711,AGENT_STOP,3,F0:20|F1:10|F2:6|F3:5,20721,0,0,0,0,0,1,0,0,20720,37,0,false,false,32,0.3078,1.0000,20
2026-05-06 01:26:47,run_1778011901552,51,9,7560,v3,16,true,32,32,0,0.0,31,28.4013,-7.7560,20.6452,0.38663,AGENT_STOP,2,F0:13|F1:15|F2:3,15337,0,0,0,0,0,0,0,0,15337,29,0,false,false,32,0.2918,1.0000,19
2026-05-06 01:26:58,run_1778011901552,51,19,7570,v3,16,true,32,15,0,0.0,14,9.6668,-6.7523,2.9145,0.38615,AGENT_STOP,2,F0:8|F1:5|F2:1,7715,0,0,0,0,0,0,0,0,7715,9,0,false,false,32,0.2937,1.0000,18
2026-05-06 01:27:11,run_1778011901552,51,29,7580,v3,16,true,32,16,0,0.0,15,10.4020,-8.3832,2.0188,0.38567,AGENT_STOP,1,F0:11|F1:4,7610,0,0,0,0,0,0,0,0,7610,14,0,false,false,32,0.2838,1.0000,18
2026-05-06 01:27:28,run_1778011901552,51,39,7590,v3,16,true,32,14,0,0.0,13,7.4520,-12.4149,-4.9629,0.38519,MASK_EMPTY,1,F0:12|F1:1,7620,0,0,0,0,0,2,0,0,7618,9,0,false,false,32,0.3163,1.0000,19
2026-05-06 01:27:42,run_1778011901552,51,49,7600,v3,16,true,32,14,0,0.0,13,8.1860,-9.4562,-1.2702,0.38472,AGENT_STOP,1,F0:10|F1:3,8067,0,0,0,0,0,0,0,0,8067,8,0,false,false,32,0.3218,1.0000,19
2026-05-06 01:27:53,run_1778011901552,51,59,7610,v3,16,true,32,23,0,0.0,22,16.4228,-8.0374,8.3854,0.38424,AGENT_STOP,1,F0:12|F1:10,11528,0,0,0,0,0,1,0,0,11527,19,0,false,false,32,0.2846,1.0000,20
2026-05-06 01:28:05,run_1778011901552,51,69,7620,v3,16,true,32,15,0,0.0,15,9.7360,-7.6279,2.1081,0.38376,AGENT_STOP,1,F0:12|F1:3,8095,0,0,0,0,0,1,0,0,8094,11,0,false,false,32,0.3242,1.0000,19
2026-05-06 01:28:20,run_1778011901552,51,79,7630,v3,16,true,32,51,1,2.0,49,46.8720,-16.4848,30.3872,0.38329,AGENT_STOP,3,F0:24|F1:19|F2:4|F3:2,25886,1,0,0,0,0,0,0,0,25885,41,0,false,false,32,0.3108,1.0000,20
2026-05-06 01:28:32,run_1778011901552,51,89,7640,v3,16,true,32,47,0,0.0,46,52.4902,-6.9160,45.5741,0.38281,AGENT_STOP,2,F0:26|F1:16|F2:4,23535,0,0,0,0,0,2,0,0,23533,50,0,false,false,32,0.2976,1.0000,20
2026-05-06 01:28:51,run_1778011901552,51,99,7650,v3,16,true,32,50,0,0.0,50,55.9942,-15.8919,40.1022,0.38234,AGENT_STOP,3,F0:36|F1:10|F2:2|F3:2,25071,0,0,0,0,0,1,0,0,25070,50,0,false,false,32,0.3151,1.0000,20
2026-05-06 01:29:02,run_1778011901552,51,109,7660,v3,16,true,32,31,0,0.0,30,27.9616,-7.4927,20.4689,0.38186,AGENT_STOP,1,F0:19|F1:11,15996,0,0,0,0,0,0,0,0,15996,30,0,false,false,32,0.2960,1.0000,19
2026-05-06 01:29:17,run_1778011901552,51,119,7670,v3,16,true,32,7,0,0.0,6,2.7800,-7.6854,-4.9054,0.38139,AGENT_STOP,0,F0:6,3571,0,0,0,0,0,0,0,0,3571,8,0,false,false,32,0.2671,1.0000,15
2026-05-06 01:29:32,run_1778011901552,51,129,7680,v3,16,true,32,11,0,0.0,10,5.7908,-7.2530,-1.4622,0.38092,AGENT_STOP,1,F0:8|F1:2,5502,0,0,0,0,0,0,0,0,5502,7,0,false,false,32,0.3006,1.0000,18
2026-05-06 01:29:46,run_1778011901552,51,139,7690,v3,16,true,32,6,0,0.0,5,2.5300,-10.1516,-7.6216,0.38045,AGENT_STOP,0,F0:5,3480,0,0,0,0,0,0,0,0,3480,3,0,false,false,32,0.2617,1.0000,14
2026-05-06 01:30:00,run_1778011901552,51,149,7700,v3,16,true,32,14,0,0.0,13,8.4040,-7.6223,0.7817,0.37997,AGENT_STOP,1,F0:11|F1:2,7881,0,0,0,0,0,1,0,0,7880,8,0,false,false,32,0.3164,1.0000,19
2026-05-06 01:30:18,run_1778011901552,52,9,7710,v3,16,true,32,24,0,0.0,23,16.8820,-10.2230,6.6590,0.37950,AGENT_STOP,1,F0:16|F1:7,11965,0,0,0,0,0,1,0,0,11964,19,0,false,false,32,0.2900,1.0000,20
2026-05-06 01:30:34,run_1778011901552,52,19,7720,v3,16,true,32,52,0,0.0,51,59.5674,-12.8391,46.7283,0.37903,AGENT_STOP,2,F0:30|F1:18|F2:3,25867,0,0,0,0,0,0,0,0,25867,48,0,false,false,32,0.3070,1.0000,20
2026-05-06 01:30:48,run_1778011901552,52,29,7730,v3,16,true,32,7,0,0.0,6,3.0500,-6.7451,-3.6951,0.37856,AGENT_STOP,0,F0:6,3997,0,0,0,0,0,0,0,0,3997,8,0,false,false,32,0.2836,1.0000,15
2026-05-06 01:31:02,run_1778011901552,52,39,7740,v3,16,true,32,48,0,0.0,49,52.5474,-16.4470,36.1004,0.37809,AGENT_STOP,2,F0:31|F1:17|F2:1,23320,0,0,0,0,0,0,0,0,23320,42,0,false,false,32,0.3011,1.0000,20
2026-05-06 01:31:16,run_1778011901552,52,49,7750,v3,16,true,32,17,0,0.0,16,11.9880,-7.6515,4.3365,0.37763,AGENT_STOP,3,F0:8|F1:3|F2:3|F3:2,10102,0,0,0,0,0,0,0,0,10102,13,0,false,false,32,0.3116,1.0000,18
2026-05-06 01:31:26,run_1778011901552,52,59,7760,v3,16,true,32,16,0,0.0,15,9.3240,-12.9317,-3.6077,0.37716,AGENT_STOP,1,F0:13|F1:2,7941,0,0,0,0,0,0,0,0,7941,34,0,false,false,32,0.3035,1.0000,19
2026-05-06 01:31:40,run_1778011901552,52,69,7770,v3,16,true,32,35,0,0.0,34,32.0405,-15.0167,17.0239,0.37669,AGENT_STOP,2,F0:22|F1:9|F2:3,17742,0,0,0,0,0,0,0,0,17742,27,0,false,false,32,0.3143,1.0000,20
2026-05-06 01:31:49,run_1778011901552,52,79,7780,v3,16,true,32,22,0,0.0,21,15.6308,-7.0935,8.5373,0.37622,AGENT_STOP,2,F0:12|F1:4|F2:5,12103,0,0,0,0,0,1,0,0,12102,16,0,false,false,32,0.2817,1.0000,19
2026-05-06 01:32:02,run_1778011901552,52,89,7790,v3,16,true,32,39,0,0.0,38,37.8816,-11.3890,26.4926,0.37576,AGENT_STOP,2,F0:21|F1:14|F2:3,20062,0,0,0,0,0,0,0,0,20062,28,0,false,false,32,0.3058,1.0000,20
2026-05-06 01:32:15,run_1778011901552,52,99,7800,v3,16,true,32,10,0,0.0,9,4.4608,-5.9158,-1.4550,0.37529,MASK_EMPTY,1,F0:7|F1:2,5353,0,0,0,0,0,2,0,0,5351,8,0,false,false,32,0.3009,1.0000,19
2026-05-06 01:32:30,run_1778011901552,52,109,7810,v3,16,true,32,14,0,0.0,13,7.9728,-8.9219,-0.9491,0.37483,AGENT_STOP,1,F0:10|F1:3,7656,0,0,0,0,0,0,0,0,7656,11,0,false,false,32,0.3085,1.0000,18
2026-05-06 01:32:46,run_1778011901552,52,119,7820,v3,16,true,32,22,0,0.0,21,16.8968,-9.4522,7.4446,0.37436,AGENT_STOP,2,F0:12|F1:7|F2:2,11869,0,0,0,0,0,1,0,0,11868,16,0,false,false,32,0.2948,1.0000,18
2026-05-06 01:32:57,run_1778011901552,52,129,7830,v3,16,true,32,26,0,0.0,27,20.4946,-11.7561,8.7386,0.37390,AGENT_STOP,2,F0:17|F1:6|F2:4,13902,0,0,0,0,0,1,0,0,13901,20,0,false,false,32,0.3062,1.0000,19
2026-05-06 01:33:07,run_1778011901552,52,139,7840,v3,16,true,32,23,0,0.0,22,17.1884,-11.1784,6.0100,0.37343,AGENT_STOP,1,F0:15|F1:7,12064,0,0,0,0,0,0,0,0,12064,19,0,false,false,32,0.2953,1.0000,19
2026-05-06 01:33:21,run_1778011901552,52,149,7850,v3,16,true,32,11,0,0.0,10,5.4340,-9.2913,-3.8573,0.37297,AGENT_STOP,1,F0:8|F1:2,5688,0,0,0,0,0,1,0,0,5687,7,0,false,false,32,0.3043,1.0000,18
2026-05-06 01:33:35,run_1778011901552,53,9,7860,v3,16,true,32,26,0,0.0,25,23.4541,-10.3644,13.0897,0.37251,AGENT_STOP,3,F0:10|F1:7|F2:7|F3:1,13677,0,0,0,0,0,2,0,0,13675,21,0,false,false,32,0.2998,1.0000,20
2026-05-06 01:33:47,run_1778011901552,53,19,7870,v3,16,true,32,14,0,0.0,13,7.6800,-9.3348,-1.6548,0.37205,AGENT_STOP,1,F0:10|F1:3,7462,0,0,0,0,0,0,0,0,7462,8,0,false,false,32,0.3032,1.0000,19
2026-05-06 01:34:00,run_1778011901552,53,29,7880,v3,16,true,32,11,0,0.0,10,6.7308,-4.8974,1.8334,0.37159,AGENT_STOP,1,F0:8|F1:2,5855,0,0,0,0,0,1,0,0,5854,4,0,false,false,32,0.3214,1.0000,18
2026-05-06 01:34:11,run_1778011901552,53,39,7890,v3,16,true,32,8,0,0.0,7,3.6868,-6.8248,-3.1380,0.37112,AGENT_STOP,1,F0:4|F1:3,3850,0,0,0,0,0,1,0,0,3849,4,0,false,false,32,0.2531,1.0000,17
2026-05-06 01:34:24,run_1778011901552,53,49,7900,v3,16,true,32,12,0,0.0,11,6.6612,-7.4610,-0.7998,0.37066,AGENT_STOP,1,F0:7|F1:4,5933,0,0,0,0,0,0,0,0,5933,9,0,false,false,32,0.2869,1.0000,18
2026-05-06 01:34:36,run_1778011901552,53,59,7910,v3,16,true,32,10,0,0.0,9,6.0200,-4.6012,1.4188,0.37021,AGENT_STOP,0,F0:9,5698,0,0,0,0,0,1,0,0,5697,4,0,false,false,32,0.2875,1.0000,15
2026-05-06 01:34:52,run_1778011901552,53,69,7920,v3,16,true,32,7,0,0.0,6,2.9200,-7.3768,-4.4568,0.36975,AGENT_STOP,0,F0:6,3640,0,0,0,0,0,0,0,0,3640,5,0,false,false,32,0.2558,1.0000,14
2026-05-06 01:35:07,run_1778011901552,53,79,7930,v3,16,true,32,9,0,0.0,8,4.2500,-6.7808,-2.5308,0.36929,AGENT_STOP,0,F0:8,5458,0,0,0,0,0,0,0,0,5458,5,0,false,false,32,0.2078,1.0000,13
2026-05-06 01:35:25,run_1778011901552,53,89,7940,v3,16,true,32,55,0,0.0,56,75.1851,-12.5975,62.5876,0.36883,MAX_STEPS,4,F0:24|F1:13|F2:7|F3:9|F4:3,26775,0,0,0,0,0,0,0,0,26775,49,0,false,false,32,0.3222,1.0000,20
2026-05-06 01:35:42,run_1778011901552,53,99,7950,v3,16,true,32,11,0,0.0,10,5.2840,-10.8679,-5.5839,0.36837,AGENT_STOP,1,F0:8|F1:2,5831,0,0,0,0,0,0,0,0,5831,8,0,false,false,32,0.3074,1.0000,19
2026-05-06 01:35:53,run_1778011901552,53,109,7960,v3,16,true,32,38,0,0.0,37,33.9928,-14.0733,19.9195,0.36792,AGENT_STOP,2,F0:31|F1:5|F2:1,19295,0,0,0,0,0,1,0,0,19294,33,0,false,false,32,0.3152,1.0000,19
2026-05-06 01:36:03,run_1778011901552,53,119,7970,v3,16,true,32,22,0,0.0,21,15.8659,-6.6958,9.1701,0.36746,AGENT_STOP,2,F0:11|F1:8|F2:2,11434,0,0,0,0,0,0,0,0,11434,14,0,false,false,32,0.2899,1.0000,20
2026-05-06 01:36:21,run_1778011901552,53,129,7980,v3,16,true,32,14,0,0.0,13,7.8528,-7.4550,0.3978,0.36701,AGENT_STOP,1,F0:10|F1:3,7340,0,0,0,0,0,0,0,0,7340,10,0,false,false,32,0.3039,1.0000,18
2026-05-06 01:36:33,run_1778011901552,53,139,7990,v3,16,true,32,9,0,0.0,8,4.7800,-5.7138,-0.9338,0.36655,AGENT_STOP,0,F0:8,5731,0,0,0,0,0,0,0,0,5731,23,0,false,false,32,0.2965,1.0000,15
2026-05-06 01:36:49,run_1778011901552,53,149,8000,v3,16,true,32,18,0,0.0,18,11.8640,-10.8251,1.0389,0.36610,AGENT_STOP,1,F0:16|F1:2,9634,0,0,0,0,0,0,0,0,9634,11,0,false,false,32,0.3206,1.0000,19
2026-05-06 01:36:59,run_1778011901552,54,9,8010,v3,16,true,32,7,0,0.0,6,3.5900,-4.9457,-1.3557,0.36564,AGENT_STOP,0,F0:6,3800,0,0,0,0,0,0,0,0,3800,4,0,false,false,32,0.2867,1.0000,15
2026-05-06 01:37:15,run_1778011901552,54,19,8020,v3,16,true,32,55,0,0.0,56,70.1771,-9.9863,60.1908,0.36519,MAX_STEPS,3,F0:24|F1:19|F2:11|F3:2,27585,0,0,0,0,0,0,0,0,27585,80,0,false,false,32,0.3194,1.0000,20
2026-05-06 01:37:31,run_1778011901552,54,29,8030,v3,16,true,32,19,0,0.0,19,13.8840,-6.4291,7.4549,0.36474,AGENT_STOP,2,F0:12|F1:4|F2:3,10148,0,0,0,0,0,0,0,0,10148,19,0,false,false,32,0.3039,1.0000,18
2026-05-06 01:37:44,run_1778011901552,54,39,8040,v3,16,true,32,11,0,0.0,10,6.4560,-5.8414,0.6146,0.36428,AGENT_STOP,1,F0:7|F1:3,5995,0,0,0,0,0,0,0,0,5995,10,0,false,false,32,0.2966,1.0000,18
2026-05-06 01:37:59,run_1778011901552,54,49,8050,v3,16,true,32,36,0,0.0,36,34.9228,-13.3732,21.5496,0.36383,AGENT_STOP,2,F0:24|F1:11|F2:1,19107,0,0,0,0,0,0,0,0,19107,28,0,false,false,32,0.3252,1.0000,19
2026-05-06 01:38:14,run_1778011901552,54,59,8060,v3,16,true,32,20,0,0.0,19,13.3580,-11.1264,2.2316,0.36338,AGENT_STOP,1,F0:14|F1:5,9684,0,0,0,0,0,0,0,0,9684,17,0,false,false,32,0.3022,1.0000,19
2026-05-06 01:38:27,run_1778011901552,54,69,8070,v3,16,true,32,20,2,10.0,17,10.3528,-8.3574,1.9954,0.36293,AGENT_STOP,1,F0:11|F1:6,9623,2,0,0,0,0,0,0,0,9621,11,0,false,false,32,0.2764,1.0000,20
2026-05-06 01:38:41,run_1778011901552,54,79,8080,v3,16,true,32,50,0,0.0,49,57.9370,-9.4129,48.5242,0.36248,AGENT_STOP,2,F0:26|F1:10|F2:13,25764,0,0,0,0,0,0,0,0,25764,50,0,false,false,32,0.3098,1.0000,20
2026-05-06 01:38:57,run_1778011901552,54,89,8090,v3,16,true,32,47,2,4.3,45,33.5187,-16.7334,16.7853,0.36203,AGENT_STOP,2,F0:29|F1:12|F2:4,24329,2,0,0,0,0,0,0,0,24327,42,0,false,false,32,0.3185,1.0000,19
2026-05-06 01:39:14,run_1778011901552,54,99,8100,v3,16,true,32,55,4,7.3,51,48.3924,-47.0185,1.3739,0.36158,MAX_STEPS,2,F0:35|F1:10|F2:6,28427,4,0,0,0,0,0,0,0,28423,47,0,false,false,32,0.3045,1.0000,21
2026-05-06 01:39:31,run_1778011901552,54,109,8110,v3,16,true,32,46,0,0.0,46,52.9834,-8.1096,44.8737,0.36114,AGENT_STOP,3,F0:22|F1:9|F2:8|F3:7,23369,0,0,0,0,0,1,0,0,23368,41,0,false,false,32,0.3081,1.0000,19
2026-05-06 01:39:50,run_1778011901552,54,119,8120,v3,16,true,32,18,0,0.0,17,10.6100,-12.8943,-2.2843,0.36069,AGENT_STOP,1,F0:14|F1:3,9526,0,0,0,0,0,1,0,0,9525,16,0,false,false,32,0.2827,1.0000,19
2026-05-06 01:40:03,run_1778011901552,54,129,8130,v3,16,true,32,9,0,0.0,8,4.3400,-9.0085,-4.6685,0.36024,AGENT_STOP,1,F0:5|F1:3,5225,0,0,0,0,0,0,0,0,5225,8,0,false,false,32,0.3047,1.0000,19
2026-05-06 01:40:15,run_1778011901552,54,139,8140,v3,16,true,32,55,8,14.5,47,24.7947,-9.0635,15.7311,0.35979,MAX_STEPS,3,F0:20|F1:14|F2:11|F3:2,27463,8,0,0,0,0,0,0,0,27455,53,0,false,false,32,0.3142,1.0000,20
2026-05-06 01:40:29,run_1778011901552,54,149,8150,v3,16,true,32,6,0,0.0,5,2.9500,-10.1516,-7.2016,0.35935,AGENT_STOP,0,F0:5,3404,0,0,0,0,0,0,0,0,3404,4,0,false,false,32,0.2803,1.0000,15
2026-05-06 01:40:43,run_1778011901552,55,9,8160,v3,16,true,32,9,0,0.0,8,5.2180,-5.1578,0.0602,0.35890,AGENT_STOP,1,F0:6|F1:2,5832,0,0,0,0,0,0,0,0,5832,4,0,false,false,32,0.3133,1.0000,18
2026-05-06 01:40:59,run_1778011901552,55,19,8170,v3,16,true,32,23,0,0.0,22,17.1188,-10.2947,6.8241,0.35846,AGENT_STOP,2,F0:18|F1:3|F2:1,12023,0,0,0,0,0,0,0,0,12023,19,0,false,false,32,0.3106,1.0000,19
2026-05-06 01:41:13,run_1778011901552,55,29,8180,v3,16,true,32,25,0,0.0,25,20.7646,-6.5808,14.1838,0.35801,AGENT_STOP,2,F0:19|F1:4|F2:2,13018,0,0,0,0,0,0,0,0,13018,18,0,false,false,32,0.3137,1.0000,18
2026-05-06 01:41:32,run_1778011901552,55,39,8190,v3,16,true,32,38,0,0.0,37,42.6586,-7.2563,35.4024,0.35757,AGENT_STOP,4,F0:14|F1:8|F2:5|F3:8|F4:2,19445,0,0,0,0,0,0,0,0,19445,28,0,false,false,32,0.3180,1.0000,20
2026-05-06 01:41:43,run_1778011901552,55,49,8200,v3,16,true,32,16,0,0.0,15,9.5308,-9.6362,-0.1054,0.35713,AGENT_STOP,1,F0:13|F1:2,7868,0,0,0,0,0,0,0,0,7868,12,0,false,false,32,0.3110,1.0000,18
2026-05-06 01:41:56,run_1778011901552,55,59,8210,v3,16,true,32,29,0,0.0,28,24.6546,-12.1713,12.4833,0.35668,AGENT_STOP,2,F0:18|F1:8|F2:2,14816,0,0,0,0,0,0,0,0,14816,29,0,false,false,32,0.3032,1.0000,18
2026-05-06 01:42:09,run_1778011901552,55,69,8220,v3,16,true,32,8,0,0.0,7,4.2108,-5.2603,-1.0495,0.35624,AGENT_STOP,1,F0:5|F1:2,3709,0,0,0,0,0,0,0,0,3709,4,0,false,false,32,0.3076,1.0000,18
2026-05-06 01:42:26,run_1778011901552,55,79,8230,v3,16,true,32,55,0,0.0,56,72.0472,-10.8296,61.2176,0.35580,MAX_STEPS,3,F0:31|F1:16|F2:7|F3:2,27170,0,0,0,0,0,0,0,0,27170,50,0,false,false,32,0.3159,1.0000,20
2026-05-06 01:42:38,run_1778011901552,55,89,8240,v3,16,true,32,55,0,0.0,57,71.6576,-26.4490,45.2086,0.35536,MAX_STEPS,4,F0:32|F1:11|F2:7|F3:5|F4:2,27908,0,0,0,0,0,1,0,0,27907,53,0,false,false,32,0.3232,1.0000,20
2026-05-06 01:42:54,run_1778011901552,55,99,8250,v3,16,true,32,30,0,0.0,29,23.6876,-13.0710,10.6166,0.35492,AGENT_STOP,1,F0:24|F1:5,15845,0,0,0,0,0,1,0,0,15844,28,0,false,false,32,0.3177,1.0000,19
2026-05-06 01:43:12,run_1778011901552,55,109,8260,v3,16,true,32,20,0,0.0,20,13.1676,-10.3656,2.8020,0.35448,AGENT_STOP,1,F0:13|F1:7,10207,0,0,0,0,0,1,0,0,10206,14,0,false,false,32,0.2932,1.0000,19
2026-05-06 01:43:26,run_1778011901552,55,119,8270,v3,16,true,32,16,0,0.0,15,9.7720,-8.2362,1.5358,0.35404,AGENT_STOP,1,F0:11|F1:4,7635,0,0,0,0,0,0,0,0,7635,11,0,false,false,32,0.2881,1.0000,18
2026-05-06 01:43:36,run_1778011901552,55,129,8280,v3,16,true,32,55,0,0.0,55,70.7800,-12.2688,58.5113,0.35360,MAX_STEPS,3,F0:29|F1:17|F2:6|F3:3,26910,0,0,0,0,0,1,0,0,26909,50,0,false,false,32,0.3136,1.0000,20
2026-05-06 01:43:51,run_1778011901552,55,139,8290,v3,16,true,32,41,2,4.9,38,25.2327,-13.1637,12.0690,0.35316,AGENT_STOP,3,F0:17|F1:7|F2:10|F3:4,22714,2,0,0,0,0,0,0,0,22712,38,0,false,false,32,0.3074,1.0000,20
2026-05-06 01:44:05,run_1778011901552,55,149,8300,v3,16,true,32,21,0,0.0,20,14.9784,-7.8895,7.0889,0.35272,AGENT_STOP,2,F0:10|F1:7|F2:3,11698,0,0,0,0,0,0,0,0,11698,15,0,false,false,32,0.3052,1.0000,18
2026-05-06 01:44:23,run_1778011901552,56,9,8310,v3,16,true,32,19,0,0.0,18,14.5342,-5.4839,9.0503,0.35229,AGENT_STOP,2,F0:9|F1:6|F2:3,10132,0,0,0,0,0,0,0,0,10132,14,0,false,false,32,0.3225,1.0000,18
2026-05-06 01:44:36,run_1778011901552,56,19,8320,v3,16,true,32,55,3,5.5,53,56.3761,-19.0127,37.3634,0.35185,MAX_STEPS,2,F0:35|F1:10|F2:8,27810,3,0,0,0,0,2,0,0,27805,45,0,false,false,32,0.3220,1.0000,19
2026-05-06 01:44:50,run_1778011901552,56,29,8330,v3,16,true,32,27,0,0.0,26,23.4043,-9.8811,13.5232,0.35141,AGENT_STOP,3,F0:12|F1:8|F2:4|F3:2,14404,0,0,0,0,0,2,0,0,14402,23,0,false,false,32,0.3061,1.0000,18
2026-05-06 01:45:08,run_1778011901552,56,39,8340,v3,16,true,32,22,0,0.0,21,15.3560,-8.9029,6.4531,0.35098,AGENT_STOP,1,F0:13|F1:8,12905,0,0,0,0,0,0,0,0,12905,17,0,false,false,32,0.2892,1.0000,20
2026-05-06 01:45:23,run_1778011901552,56,49,8350,v3,16,true,32,25,0,0.0,25,17.5472,-18.7168,-1.1696,0.35054,AGENT_STOP,2,F0:18|F1:2|F2:5,13599,0,0,0,0,0,0,0,0,13599,17,0,false,false,32,0.2973,1.0000,20
2026-05-06 01:45:35,run_1778011901552,56,59,8360,v3,16,true,32,15,0,0.0,14,8.7780,-9.2030,-0.4250,0.35011,AGENT_STOP,1,F0:12|F1:2,7927,0,0,0,0,0,0,0,0,7927,13,0,false,false,32,0.3276,1.0000,19
2026-05-06 01:45:49,run_1778011901552,56,69,8370,v3,16,true,32,25,0,0.0,24,18.8201,-10.1715,8.6486,0.34968,AGENT_STOP,2,F0:14|F1:7|F2:3,14303,0,0,0,0,0,1,0,0,14302,15,0,false,false,32,0.3021,1.0000,19
2026-05-06 01:46:02,run_1778011901552,56,79,8380,v3,16,true,32,55,0,0.0,56,73.8862,-8.2468,65.6394,0.34924,MAX_STEPS,3,F0:29|F1:13|F2:10|F3:4,29045,0,0,0,0,0,2,0,0,29043,48,0,false,false,32,0.3247,1.0000,20
2026-05-06 01:46:19,run_1778011901552,56,89,8390,v3,16,true,32,25,0,0.0,26,19.2657,-7.9594,11.3062,0.34881,AGENT_STOP,2,F0:15|F1:9|F2:2,13543,0,0,0,0,0,0,0,0,13543,23,0,false,false,32,0.2952,1.0000,20
2026-05-06 01:46:33,run_1778011901552,56,99,8400,v3,16,true,32,24,0,0.0,23,16.7500,-12.9560,3.7940,0.34838,AGENT_STOP,1,F0:18|F1:5,11689,0,0,0,0,0,0,0,0,11689,21,0,false,false,32,0.2888,1.0000,20
2026-05-06 01:46:46,run_1778011901552,56,109,8410,v3,16,true,32,15,0,0.0,14,9.0838,-9.0582,0.0256,0.34795,AGENT_STOP,2,F0:8|F1:5|F2:1,8006,0,0,0,0,0,0,0,0,8006,14,0,false,false,32,0.3020,1.0000,19
2026-05-06 01:46:53,run_1778011901552,56,119,8420,v3,16,true,32,24,0,0.0,23,18.0511,-11.0638,6.9873,0.34751,AGENT_STOP,2,F0:17|F1:3|F2:3,11148,0,0,0,0,0,0,0,0,11148,22,0,false,false,32,0.2953,1.0000,19
2026-05-06 01:47:10,run_1778011901552,56,129,8430,v3,16,true,32,29,0,0.0,29,27.3325,-6.9641,20.3685,0.34708,AGENT_STOP,3,F0:16|F1:5|F2:6|F3:2,15253,0,0,0,0,0,1,0,0,15252,23,0,false,false,32,0.3053,1.0000,19
2026-05-06 01:47:21,run_1778011901552,56,139,8440,v3,16,true,32,21,0,0.0,21,15.2008,-11.6812,3.5196,0.34665,AGENT_STOP,1,F0:16|F1:5,11790,0,0,0,0,0,1,0,0,11789,19,0,false,false,32,0.3160,1.0000,19
2026-05-06 01:47:34,run_1778011901552,56,149,8450,v3,16,true,32,17,0,0.0,16,10.5108,-8.9640,1.5468,0.34622,AGENT_STOP,1,F0:10|F1:6,9098,0,0,0,0,0,0,0,0,9098,12,0,false,false,32,0.2890,1.0000,18
2026-05-06 01:47:50,run_1778011901552,57,9,8460,v3,16,true,32,55,0,0.0,55,68.7258,-12.8404,55.8854,0.34579,MAX_STEPS,4,F0:34|F1:4|F2:11|F3:4|F4:2,28616,0,0,0,0,0,1,0,0,28615,55,0,false,false,32,0.3160,1.0000,20
2026-05-06 01:48:04,run_1778011901552,57,19,8470,v3,16,true,32,28,0,0.0,29,24.2694,-7.5452,16.7243,0.34537,AGENT_STOP,2,F0:22|F1:3|F2:4,14385,0,0,0,0,0,1,0,0,14384,22,0,false,false,32,0.3291,1.0000,19
2026-05-06 01:48:19,run_1778011901552,57,29,8480,v3,16,true,32,15,0,0.0,14,9.5279,-8.0731,1.4548,0.34494,AGENT_STOP,2,F0:7|F1:4|F2:3,7605,0,0,0,0,0,1,0,0,7604,15,0,false,false,32,0.3039,1.0000,19
2026-05-06 01:48:37,run_1778011901552,57,39,8490,v3,16,true,32,24,0,0.0,25,19.1344,-11.1185,8.0159,0.34451,AGENT_STOP,2,F0:16|F1:8|F2:1,12017,0,0,0,0,0,0,0,0,12017,14,0,false,false,32,0.3194,1.0000,19
2026-05-06 01:48:55,run_1778011901552,57,49,8500,v3,16,true,32,55,0,0.0,55,65.5072,-24.9685,40.5387,0.34408,AGENT_STOP,1,F0:34|F1:21,26401,0,0,0,0,0,0,0,0,26401,43,0,false,false,32,0.2995,1.0000,20
2026-05-06 01:49:15,run_1778011901552,57,59,8510,v3,16,true,32,55,0,0.0,57,72.8491,-14.3929,58.4561,0.34366,MAX_STEPS,5,F0:28|F1:6|F2:14|F3:5|F4:3|F5:1,29978,0,0,0,0,0,0,0,0,29978,45,0,false,false,32,0.3317,1.0000,20
2026-05-06 01:49:27,run_1778011901552,57,69,8520,v3,16,true,32,14,0,0.0,14,9.8540,-4.5622,5.2918,0.34323,AGENT_STOP,1,F0:12|F1:2,7692,0,0,0,0,0,0,0,0,7692,10,0,false,false,32,0.3405,1.0000,18
2026-05-06 01:49:43,run_1778011901552,57,79,8530,v3,16,true,32,11,0,0.0,10,5.9620,-5.9753,-0.0133,0.34280,AGENT_STOP,1,F0:9|F1:1,5887,0,0,0,0,0,0,0,0,5887,9,0,false,false,32,0.3090,1.0000,18
2026-05-06 01:49:56,run_1778011901552,57,89,8540,v3,16,true,32,19,0,0.0,18,13.0176,-8.6266,4.3910,0.34238,AGENT_STOP,2,F0:13|F1:3|F2:2,9775,0,0,0,0,0,0,0,0,9775,13,0,false,false,32,0.3241,1.0000,18
2026-05-06 01:50:10,run_1778011901552,57,99,8550,v3,16,true,32,14,0,0.0,13,9.6070,-6.5211,3.0860,0.34196,AGENT_STOP,3,F0:6|F1:3|F2:3|F3:1,7960,0,0,0,0,0,0,0,0,7960,12,0,false,false,32,0.2953,1.0000,18
2026-05-06 01:50:22,run_1778011901552,57,109,8560,v3,16,true,32,7,0,0.0,6,3.2000,-5.5695,-2.3695,0.34153,AGENT_STOP,0,F0:6,3694,0,0,0,0,0,0,0,0,3694,6,0,false,false,32,0.2836,1.0000,15
2026-05-06 01:50:40,run_1778011901552,57,119,8570,v3,16,true,32,48,0,0.0,47,52.5572,-12.1788,40.3784,0.34111,AGENT_STOP,2,F0:27|F1:13|F2:7,22946,0,0,0,0,0,0,0,0,22946,44,0,false,false,32,0.3010,1.0000,20
2026-05-06 01:50:57,run_1778011901552,57,129,8580,v3,16,true,32,45,0,0.0,45,49.0142,-12.7055,36.3087,0.34069,AGENT_STOP,3,F0:23|F1:11|F2:8|F3:3,21897,0,0,0,0,0,1,0,0,21896,37,0,false,false,32,0.3055,1.0000,20
2026-05-06 01:51:11,run_1778011901552,57,139,8590,v3,16,true,32,18,0,0.0,18,12.6906,-9.3980,3.2926,0.34026,AGENT_STOP,3,F0:9|F1:5|F2:2|F3:2,9667,0,0,0,0,0,0,0,0,9667,12,0,false,false,32,0.3035,1.0000,19
2026-05-06 01:51:23,run_1778011901552,57,149,8600,v3,16,true,32,29,0,0.0,29,23.3520,-8.9450,14.4070,0.33984,AGENT_STOP,1,F0:21|F1:8,15341,0,0,0,0,0,1,0,0,15340,22,0,false,false,32,0.2919,1.0000,20
2026-05-06 01:51:35,run_1778011901552,58,9,8610,v3,16,true,32,8,0,0.0,7,3.7420,-7.3962,-3.6542,0.33942,AGENT_STOP,1,F0:6|F1:1,3758,0,0,0,0,0,0,0,0,3758,7,0,false,false,32,0.3009,1.0000,18
2026-05-06 01:51:48,run_1778011901552,58,19,8620,v3,16,true,32,9,0,0.0,8,4.3120,-8.4298,-4.1178,0.33900,AGENT_STOP,1,F0:7|F1:1,5257,0,0,0,0,0,0,0,0,5257,6,0,false,false,32,0.3071,1.0000,19
2026-05-06 01:52:01,run_1778011901552,58,29,8630,v3,16,true,32,9,0,0.0,8,4.1400,-6.8244,-2.6844,0.33858,AGENT_STOP,0,F0:8,5583,0,0,0,0,0,0,0,0,5583,3,0,false,false,32,0.2656,1.0000,15
2026-05-06 01:52:09,run_1778011901552,58,39,8640,v3,16,true,32,32,0,0.0,32,31.7594,-9.6390,22.1205,0.33816,AGENT_STOP,2,F0:14|F1:12|F2:6,16479,0,0,0,0,0,1,0,0,16478,31,0,false,false,32,0.2959,1.0000,18
2026-05-06 01:52:25,run_1778011901552,58,49,8650,v3,16,true,32,15,0,0.0,14,9.3084,-7.2331,2.0753,0.33774,AGENT_STOP,2,F0:9|F1:2|F2:3,7346,0,0,0,0,0,0,0,0,7346,15,0,false,false,32,0.2936,1.0000,19
2026-05-06 01:52:38,run_1778011901552,58,59,8660,v3,16,true,32,19,0,0.0,19,12.0956,-12.4355,-0.3399,0.33732,AGENT_STOP,1,F0:14|F1:5,9488,0,0,0,0,0,2,0,0,9486,17,0,false,false,32,0.3071,1.0000,19
2026-05-06 01:52:54,run_1778011901552,58,69,8670,v3,16,true,32,24,0,0.0,23,17.1866,-14.5895,2.5971,0.33690,AGENT_STOP,2,F0:16|F1:5|F2:2,11595,0,0,0,0,0,1,0,0,11594,20,0,false,false,32,0.3061,1.0000,19
2026-05-06 01:53:09,run_1778011901552,58,79,8680,v3,16,true,32,7,0,0.0,6,2.9200,-8.2368,-5.3168,0.33649,AGENT_STOP,0,F0:6,3073,0,0,0,0,0,1,0,0,3072,5,0,false,false,32,0.2671,1.0000,15
2026-05-06 01:53:23,run_1778011901552,58,89,8690,v3,16,true,32,55,0,0.0,59,70.3338,-11.6460,58.6878,0.33607,MAX_STEPS,3,F0:36|F1:14|F2:7|F3:2,26096,0,0,0,0,0,0,0,0,26096,49,0,false,false,32,0.3246,1.0000,20
2026-05-06 01:53:33,run_1778011901552,58,99,8700,v3,16,true,32,13,0,0.0,12,7.6540,-5.9953,1.6587,0.33565,AGENT_STOP,1,F0:10|F1:2,7140,0,0,0,0,0,0,0,0,7140,11,0,false,false,32,0.3203,1.0000,18
2026-05-06 01:53:47,run_1778011901552,58,109,8710,v3,16,true,32,16,0,0.0,16,11.1100,-4.8032,6.3068,0.33524,AGENT_STOP,0,F0:16,6923,0,0,0,0,0,0,0,0,6923,13,0,false,false,32,0.2801,1.0000,15
2026-05-06 01:54:00,run_1778011901552,58,119,8720,v3,16,true,32,8,0,0.0,7,3.8700,-6.6377,-2.7677,0.33482,AGENT_STOP,0,F0:7,4047,0,0,0,0,0,0,0,0,4047,3,0,false,false,32,0.2725,1.0000,15
2026-05-06 01:54:11,run_1778011901552,58,129,8730,v3,16,true,32,7,0,0.0,6,3.3200,-5.9449,-2.6249,0.33441,AGENT_STOP,0,F0:6,3460,0,0,0,0,0,0,0,0,3460,6,0,false,false,32,0.2744,1.0000,15
2026-05-06 01:54:27,run_1778011901552,58,139,8740,v3,16,true,32,13,0,0.0,12,7.7000,-6.4737,1.2263,0.33399,AGENT_STOP,0,F0:12,7410,0,0,0,0,0,0,0,0,7410,12,0,false,false,32,0.3006,1.0000,15
2026-05-06 01:54:41,run_1778011901552,58,149,8750,v3,16,true,32,24,1,4.2,23,11.8760,-13.1449,-1.2689,0.33358,AGENT_STOP,1,F0:19|F1:4,11217,1,0,0,0,0,0,0,0,11216,21,0,false,false,32,0.2943,1.0000,19
2026-05-06 01:54:56,run_1778011901552,59,9,8760,v3,16,true,32,22,0,0.0,21,15.8640,-9.9641,5.8999,0.33316,AGENT_STOP,1,F0:19|F1:2,11397,0,0,0,0,0,0,0,0,11397,18,0,false,false,32,0.3162,1.0000,19
2026-05-06 01:55:09,run_1778011901552,59,19,8770,v3,16,true,32,13,0,0.0,12,6.4300,-10.8413,-4.4113,0.33275,AGENT_STOP,0,F0:12,7205,0,0,0,0,0,0,0,0,7205,8,0,false,false,32,0.2826,1.0000,16
2026-05-06 01:55:23,run_1778011901552,59,29,8780,v3,16,true,32,22,0,0.0,22,15.1060,-11.4289,3.6771,0.33234,AGENT_STOP,1,F0:19|F1:3,11398,0,0,0,0,0,0,0,0,11398,17,0,false,false,32,0.3163,1.0000,19
2026-05-06 01:55:33,run_1778011901552,59,39,8790,v3,16,true,32,23,1,4.3,21,13.2088,-10.5537,2.6551,0.33193,AGENT_STOP,1,F0:15|F1:6,12586,1,0,0,0,0,0,0,0,12585,20,0,false,false,32,0.2844,1.0000,20
2026-05-06 01:55:48,run_1778011901552,59,49,8800,v3,16,true,32,13,0,0.0,12,7.1924,-4.2729,2.9195,0.33152,MASK_EMPTY,1,F0:9|F1:3,5736,0,0,0,0,0,1,0,0,5735,4,0,false,false,32,0.2971,1.0000,19
2026-05-06 01:56:03,run_1778011901552,59,59,8810,v3,16,true,32,40,1,2.5,39,28.6283,-9.6080,19.0203,0.33110,AGENT_STOP,3,F0:20|F1:13|F2:4|F3:2,19759,1,0,0,0,0,1,0,0,19757,35,0,false,false,32,0.3035,1.0000,20
2026-05-06 01:56:17,run_1778011901552,59,69,8820,v3,16,true,32,28,0,0.0,27,21.6068,-15.5973,6.0095,0.33069,AGENT_STOP,2,F0:17|F1:7|F2:3,14273,0,0,0,0,0,0,0,0,14273,27,0,false,false,32,0.2927,1.0000,20
2026-05-06 01:56:36,run_1778011901552,59,79,8830,v3,16,true,32,28,4,14.3,24,12.8847,-10.8485,2.0362,0.33028,AGENT_STOP,3,F0:16|F1:5|F2:2|F3:1,14568,4,0,0,0,0,1,0,0,14563,22,0,false,false,32,0.3240,1.0000,19
2026-05-06 01:56:54,run_1778011901552,59,89,8840,v3,16,true,32,51,0,0.0,52,61.9078,-7.1731,54.7347,0.32987,AGENT_STOP,2,F0:28|F1:20|F2:4,26168,0,0,0,0,0,1,0,0,26167,46,0,false,false,32,0.3169,1.0000,20
2026-05-06 01:57:13,run_1778011901552,59,99,8850,v3,16,true,32,6,0,0.0,5,2.9800,-10.1516,-7.1716,0.32947,AGENT_STOP,0,F0:5,3743,0,0,0,0,0,0,0,0,3743,4,0,false,false,32,0.2678,1.0000,15
2026-05-06 01:57:25,run_1778011901552,59,109,8860,v3,16,true,32,20,0,0.0,19,12.4400,-16.9992,-4.5592,0.32906,AGENT_STOP,0,F0:19,9655,0,0,0,0,0,0,0,0,9655,19,0,false,false,32,0.2939,1.0000,16
2026-05-06 01:57:39,run_1778011901552,59,119,8870,v3,16,true,32,10,0,0.0,9,4.4608,-9.6562,-5.1954,0.32865,AGENT_STOP,1,F0:7|F1:2,5748,0,0,0,0,0,0,0,0,5748,8,0,false,false,32,0.3153,1.0000,19
2026-05-06 01:57:51,run_1778011901552,59,129,8880,v3,16,true,32,15,0,0.0,14,10.2178,-5.2253,4.9926,0.32824,AGENT_STOP,2,F0:9|F1:4|F2:1,7607,0,0,0,0,0,0,0,0,7607,8,0,false,false,32,0.3104,1.0000,18
2026-05-06 01:58:08,run_1778011901552,59,139,8890,v3,16,true,32,16,0,0.0,16,9.3600,-11.2338,-1.8738,0.32784,AGENT_STOP,1,F0:13|F1:3,7457,0,0,0,0,0,0,0,0,7457,14,0,false,false,32,0.2952,1.0000,19
2026-05-06 01:58:25,run_1778011901552,59,149,8900,v3,16,true,32,8,0,0.0,7,4.1000,-5.4563,-1.3563,0.32743,AGENT_STOP,0,F0:7,3734,0,0,0,0,0,1,0,0,3733,6,0,false,false,32,0.2654,1.0000,15
2026-05-06 01:58:42,run_1778011901552,60,9,8910,v3,16,true,32,9,0,0.0,8,4.0500,-8.3994,-4.3494,0.32702,AGENT_STOP,0,F0:8,5366,0,0,0,0,0,0,0,0,5366,9,0,false,false,32,0.2703,1.0000,15
2026-05-06 01:58:52,run_1778011901552,60,19,8920,v3,16,true,32,20,0,0.0,20,14.5456,-5.6394,8.9062,0.32662,AGENT_STOP,1,F0:12|F1:8,10224,0,0,0,0,0,0,0,0,10224,21,0,false,false,32,0.3071,1.0000,18
2026-05-06 01:59:10,run_1778011901552,60,29,8930,v3,16,true,32,53,1,1.9,51,55.9989,-19.8468,36.1521,0.32621,AGENT_STOP,4,F0:27|F1:13|F2:7|F3:3|F4:1,28074,1,0,0,0,0,3,0,0,28070,53,0,false,false,32,0.3167,1.0000,20
2026-05-06 01:59:23,run_1778011901552,60,39,8940,v3,16,true,32,36,0,0.0,35,33.1353,-14.9093,18.2259,0.32581,AGENT_STOP,3,F0:26|F1:6|F2:2|F3:1,17933,0,0,0,0,0,1,0,0,17932,22,0,false,false,32,0.3286,1.0000,19
2026-05-06 01:59:39,run_1778011901552,60,49,8950,v3,16,true,32,55,3,5.5,55,51.8713,-11.2785,40.5928,0.32540,MAX_STEPS,2,F0:33|F1:13|F2:9,28113,3,0,0,0,0,1,0,0,28109,46,0,false,false,32,0.3152,1.0000,20
2026-05-06 01:59:58,run_1778011901552,60,59,8960,v3,16,true,32,31,0,0.0,31,26.4385,-11.9902,14.4483,0.32500,AGENT_STOP,2,F0:15|F1:13|F2:3,15670,0,0,0,0,0,2,0,0,15668,27,0,false,false,32,0.2998,1.0000,20
2026-05-06 02:00:13,run_1778011901552,60,69,8970,v3,16,true,32,12,0,0.0,12,6.5580,-9.5285,-2.9705,0.32460,AGENT_STOP,1,F0:10|F1:2,6014,0,0,0,0,0,0,0,0,6014,10,0,false,false,32,0.3242,1.0000,19
2026-05-06 02:00:24,run_1778011901552,60,79,8980,v3,16,true,32,16,0,0.0,15,8.9708,-10.0969,-1.1261,0.32420,AGENT_STOP,1,F0:10|F1:5,7246,0,0,0,0,0,1,0,0,7245,15,0,false,false,32,0.2792,1.0000,19
2026-05-06 02:00:40,run_1778011901552,60,89,8990,v3,16,true,32,24,0,0.0,25,19.8876,-8.7385,11.1491,0.32379,AGENT_STOP,2,F0:13|F1:5|F2:7,11577,0,0,0,0,0,2,0,0,11575,21,0,false,false,32,0.3223,1.0000,19
2026-05-06 02:00:51,run_1778011901552,60,99,9000,v3,16,true,32,14,0,0.0,13,7.6508,-9.6492,-1.9984,0.32339,AGENT_STOP,1,F0:11|F1:2,7666,0,0,0,0,0,0,0,0,7666,12,0,false,false,32,0.3101,1.0000,19
2026-05-06 02:01:02,run_1778011901552,60,109,9010,v3,16,true,32,6,0,0.0,5,2.1100,-10.1516,-8.0416,0.32299,AGENT_STOP,0,F0:5,3410,0,0,0,0,0,0,0,0,3410,2,0,false,false,32,0.2617,1.0000,15
2026-05-06 02:01:20,run_1778011901552,60,119,9020,v3,16,true,32,28,1,3.6,27,18.5269,-8.8362,9.6907,0.32259,AGENT_STOP,3,F0:10|F1:7|F2:6|F3:4,14035,1,0,0,0,0,1,0,0,14033,24,0,false,false,32,0.2994,1.0000,19
2026-05-06 02:01:35,run_1778011901552,60,129,9030,v3,16,true,32,12,0,0.0,12,7.7860,-5.1287,2.6573,0.32219,AGENT_STOP,1,F0:9|F1:3,6237,0,0,0,0,0,2,0,0,6235,11,0,false,false,32,0.3180,1.0000,18
2026-05-06 02:01:46,run_1778011901552,60,139,9040,v3,16,true,32,50,1,2.0,49,49.7628,-9.1082,40.6546,0.32179,AGENT_STOP,3,F0:20|F1:19|F2:8|F3:2,25673,1,0,0,0,0,2,0,0,25670,42,0,false,false,32,0.3078,1.0000,20
2026-05-06 02:02:01,run_1778011901552,60,149,9050,v3,16,true,32,41,0,0.0,40,40.5252,-11.4636,29.0617,0.32139,AGENT_STOP,2,F0:19|F1:13|F2:8,21368,0,0,0,0,0,0,0,0,21368,37,0,false,false,32,0.2969,1.0000,20
2026-05-06 02:02:15,run_1778011901552,61,9,9060,v3,16,true,32,6,0,0.0,5,2.0700,-10.1516,-8.0816,0.32100,AGENT_STOP,0,F0:5,3334,0,0,0,0,0,0,0,0,3334,2,0,false,false,32,0.2462,1.0000,14
2026-05-06 02:02:32,run_1778011901552,61,19,9070,v3,16,true,32,40,0,0.0,42,39.8320,-15.2974,24.5346,0.32060,AGENT_STOP,2,F0:26|F1:10|F2:6,19899,0,0,0,0,0,3,0,0,19896,32,0,false,false,32,0.3045,1.0000,20
2026-05-06 02:02:44,run_1778011901552,61,29,9080,v3,16,true,32,10,0,0.0,9,5.5580,-6.4074,-0.8494,0.32020,AGENT_STOP,1,F0:7|F1:2,5690,0,0,0,0,0,1,0,0,5689,5,0,false,false,32,0.3221,1.0000,18
2026-05-06 02:02:58,run_1778011901552,61,39,9090,v3,16,true,32,20,0,0.0,19,15.0360,-7.6156,7.4204,0.31980,AGENT_STOP,2,F0:9|F1:5|F2:5,9884,0,0,0,0,0,1,0,0,9883,17,0,false,false,32,0.2930,1.0000,18
2026-05-06 02:03:14,run_1778011901552,61,49,9100,v3,16,true,32,55,0,0.0,56,68.5912,-12.5473,56.0439,0.31941,MAX_STEPS,1,F0:40|F1:16,27020,0,0,0,0,0,4,0,0,27016,52,0,false,false,32,0.3071,1.0000,19
2026-05-06 02:03:30,run_1778011901552,61,59,9110,v3,16,true,32,29,0,0.0,29,22.1840,-12.8765,9.3075,0.31901,MASK_EMPTY,1,F0:24|F1:5,13904,0,0,0,0,0,1,0,0,13903,24,0,false,false,32,0.3165,1.0000,19
2026-05-06 02:03:45,run_1778011901552,61,69,9120,v3,16,true,32,29,0,0.0,29,25.4069,-8.7055,16.7014,0.31862,AGENT_STOP,2,F0:16|F1:9|F2:4,16197,0,0,0,0,0,2,0,0,16195,26,0,false,false,32,0.3144,1.0000,20
2026-05-06 02:03:59,run_1778011901552,61,79,9130,v3,16,true,32,30,0,0.0,30,25.1940,-19.7381,5.4559,0.31822,AGENT_STOP,3,F0:19|F1:6|F2:2|F3:3,15426,0,0,0,0,0,1,0,0,15425,25,0,false,false,32,0.3032,1.0000,20
2026-05-06 02:04:13,run_1778011901552,61,89,9140,v3,16,true,32,6,0,0.0,5,2.7100,-10.1516,-7.4416,0.31783,AGENT_STOP,0,F0:5,3351,0,0,0,0,0,0,0,0,3351,5,0,false,false,32,0.2617,1.0000,14
2026-05-06 02:04:30,run_1778011901552,61,99,9150,v3,16,true,32,26,0,0.0,26,21.1360,-7.4424,13.6936,0.31743,AGENT_STOP,1,F0:18|F1:8,13520,0,0,0,0,0,2,0,0,13518,17,0,false,false,32,0.3253,1.0000,19
2026-05-06 02:04:43,run_1778011901552,61,109,9160,v3,16,true,32,17,0,0.0,16,11.7430,-10.7506,0.9924,0.31704,AGENT_STOP,2,F0:9|F1:3|F2:4,9734,0,0,0,0,0,1,0,0,9733,11,0,false,false,32,0.3054,1.0000,19
2026-05-06 02:04:59,run_1778011901552,61,119,9170,v3,16,true,32,55,0,0.0,58,68.6841,-26.8994,41.7848,0.31665,MAX_STEPS,3,F0:34|F1:18|F2:4|F3:2,27017,0,0,0,0,0,0,0,0,27017,42,0,false,false,32,0.3100,1.0000,20
2026-05-06 02:05:10,run_1778011901552,61,129,9180,v3,16,true,32,19,0,0.0,18,14.0852,-8.2103,5.8749,0.31625,AGENT_STOP,2,F0:13|F1:3|F2:2,8703,0,0,0,0,0,0,0,0,8703,22,0,false,false,32,0.3061,1.0000,18
2026-05-06 02:05:28,run_1778011901552,61,139,9190,v3,16,true,32,55,1,1.8,54,59.0427,-15.9474,43.0953,0.31586,MAX_STEPS,2,F0:36|F1:11|F2:7,28227,1,0,0,0,0,0,0,0,28226,40,0,false,false,32,0.3029,1.0000,20
2026-05-06 02:05:38,run_1778011901552,61,149,9200,v3,16,true,32,14,0,0.0,13,6.7400,-11.4384,-4.6984,0.31547,AGENT_STOP,0,F0:13,7839,0,0,0,0,0,0,0,0,7839,7,0,false,false,32,0.2714,1.0000,16
2026-05-06 02:05:56,run_1778011901552,62,9,9210,v3,16,true,32,55,0,0.0,57,68.9920,-21.7692,47.2228,0.31508,MAX_STEPS,2,F0:37|F1:16|F2:4,28183,0,0,0,0,0,0,0,0,28183,54,0,false,false,32,0.3144,1.0000,19
2026-05-06 02:06:10,run_1778011901552,62,19,9220,v3,16,true,32,41,0,0.0,40,39.6440,-18.2868,21.3572,0.31469,AGENT_STOP,1,F0:29|F1:11,21424,0,0,0,0,0,0,0,0,21424,34,0,false,false,32,0.3240,1.0000,19
2026-05-06 02:06:21,run_1778011901552,62,29,9230,v3,16,true,32,11,0,0.0,10,5.9000,-6.5391,-0.6391,0.31430,AGENT_STOP,0,F0:10,5647,0,0,0,0,0,0,0,0,5647,8,0,false,false,32,0.2724,1.0000,15
2026-05-06 02:06:37,run_1778011901552,62,39,9240,v3,16,true,32,49,0,0.0,49,58.6043,-11.2241,47.3802,0.31391,AGENT_STOP,2,F0:26|F1:18|F2:5,26073,0,0,0,0,0,0,0,0,26073,41,0,false,false,32,0.3143,1.0000,19
2026-05-06 02:06:56,run_1778011901552,62,49,9250,v3,16,true,32,55,0,0.0,58,69.1560,-9.5924,59.5636,0.31352,MAX_STEPS,2,F0:44|F1:10|F2:4,27788,0,0,0,0,0,1,0,0,27787,48,0,false,false,32,0.3218,1.0000,19
2026-05-06 02:07:10,run_1778011901552,62,59,9260,v3,16,true,32,25,0,0.0,24,18.5016,-8.7202,9.7814,0.31313,AGENT_STOP,2,F0:15|F1:2|F2:7,13356,0,0,0,0,0,1,0,0,13355,17,0,false,false,32,0.2859,1.0000,20
2026-05-06 02:07:23,run_1778011901552,62,69,9270,v3,16,true,32,11,0,0.0,10,5.7400,-8.3670,-2.6270,0.31274,AGENT_STOP,1,F0:7|F1:3,5689,0,0,0,0,0,1,0,0,5688,8,0,false,false,32,0.3129,1.0000,18
2026-05-06 02:07:41,run_1778011901552,62,79,9280,v3,16,true,32,55,0,0.0,55,70.8400,-16.7742,54.0659,0.31236,MAX_STEPS,5,F0:28|F1:8|F2:10|F3:5|F4:3|F5:1,28120,0,0,0,0,0,2,0,0,28118,50,0,false,false,32,0.3332,1.0000,20
2026-05-06 02:07:58,run_1778011901552,62,89,9290,v3,16,true,32,55,0,0.0,56,68.4343,-11.7578,56.6765,0.31197,MAX_STEPS,2,F0:33|F1:12|F2:11,27079,0,0,0,0,0,0,0,0,27079,44,0,false,false,32,0.3134,1.0000,20
2026-05-06 02:08:14,run_1778011901552,62,99,9300,v3,16,true,32,45,1,2.2,44,46.2157,-9.2815,36.9342,0.31158,AGENT_STOP,2,F0:27|F1:14|F2:3,22814,1,0,0,0,0,2,0,0,22811,39,0,false,false,32,0.3263,1.0000,19
2026-05-06 02:08:31,run_1778011901552,62,109,9310,v3,16,true,32,15,0,0.0,15,8.6908,-11.7141,-3.0233,0.31120,AGENT_STOP,1,F0:10|F1:5,7564,0,0,0,0,0,0,0,0,7564,9,0,false,false,32,0.3128,1.0000,19
2026-05-06 02:08:42,run_1778011901552,62,119,9320,v3,16,true,32,11,0,0.0,10,6.4200,-5.5109,0.9091,0.31081,AGENT_STOP,0,F0:10,5456,0,0,0,0,0,0,0,0,5456,8,0,false,false,32,0.2825,1.0000,15
2026-05-06 02:09:00,run_1778011901552,62,129,9330,v3,16,true,32,53,0,0.0,53,64.0200,-9.0418,54.9782,0.31042,AGENT_STOP,2,F0:38|F1:14|F2:1,28193,0,0,0,0,0,0,0,0,28193,41,0,false,false,32,0.3207,1.0000,19
2026-05-06 02:09:14,run_1778011901552,62,139,9340,v3,16,true,32,55,3,5.5,56,56.3960,-7.8531,48.5429,0.31004,MAX_STEPS,3,F0:20|F1:15|F2:13|F3:8,28908,3,0,0,0,0,2,0,0,28903,46,0,false,false,32,0.3283,1.0000,19
2026-05-06 02:09:29,run_1778011901552,62,149,9350,v3,16,true,32,10,0,0.0,10,5.8900,-5.7746,0.1154,0.30966,AGENT_STOP,0,F0:10,5965,0,0,0,0,0,0,0,0,5965,8,0,false,false,32,0.2769,1.0000,15
2026-05-06 02:09:46,run_1778011901552,63,9,9360,v3,16,true,32,19,0,0.0,18,12.8136,-9.5703,3.2433,0.30927,AGENT_STOP,2,F0:12|F1:5|F2:1,9874,0,0,0,0,0,0,0,0,9874,14,0,false,false,32,0.2953,1.0000,18
2026-05-06 02:10:03,run_1778011901552,63,19,9370,v3,16,true,32,55,4,7.3,52,39.1566,-10.9309,28.2256,0.30889,AGENT_STOP,2,F0:28|F1:18|F2:6,27664,4,0,0,0,0,0,0,0,27660,48,0,false,false,32,0.3133,1.0000,20
2026-05-06 02:10:20,run_1778011901552,63,29,9380,v3,16,true,32,10,0,0.0,9,4.7020,-4.7281,-0.0261,0.30851,MASK_EMPTY,1,F0:8|F1:1,5596,0,0,0,0,0,1,0,0,5595,3,0,false,false,32,0.2434,1.0000,17
2026-05-06 02:10:33,run_1778011901552,63,39,9390,v3,16,true,32,14,0,0.0,13,8.5508,-5.5910,2.9598,0.30812,AGENT_STOP,1,F0:7|F1:6,7630,0,0,0,0,0,0,0,0,7630,10,0,false,false,32,0.2867,1.0000,18
2026-05-06 02:10:50,run_1778011901552,63,49,9400,v3,16,true,32,9,0,0.0,8,4.1528,-9.1562,-5.0034,0.30774,AGENT_STOP,1,F0:5|F1:3,5496,0,0,0,0,0,0,0,0,5496,10,0,false,false,32,0.3013,1.0000,19
2026-05-06 02:11:03,run_1778011901552,63,59,9410,v3,16,true,32,27,0,0.0,26,21.1089,-14.0643,7.0446,0.30736,AGENT_STOP,3,F0:15|F1:5|F2:4|F3:2,13404,0,0,0,0,0,0,0,0,13404,21,0,false,false,32,0.3016,1.0000,20
2026-05-06 02:11:19,run_1778011901552,63,69,9420,v3,16,true,32,8,0,0.0,7,4.3780,-5.2745,-0.8965,0.30698,AGENT_STOP,1,F0:5|F1:2,3316,0,0,0,0,0,0,0,0,3316,5,0,false,false,32,0.2768,1.0000,18
2026-05-06 02:11:36,run_1778011901552,63,79,9430,v3,16,true,32,32,0,0.0,31,26.5631,-15.4436,11.1195,0.30660,AGENT_STOP,2,F0:22|F1:6|F2:3,14906,0,0,0,0,0,0,0,0,14906,26,0,false,false,32,0.2895,1.0000,20
2026-05-06 02:11:50,run_1778011901552,63,89,9440,v3,16,true,32,16,0,0.0,15,8.8212,-10.4970,-1.6758,0.30622,AGENT_STOP,1,F0:8|F1:7,7381,0,0,0,0,0,1,0,0,7380,15,0,false,false,32,0.2726,1.0000,20
2026-05-06 02:12:08,run_1778011901552,63,99,9450,v3,16,true,32,17,0,0.0,16,11.5868,-7.1706,4.4162,0.30584,AGENT_STOP,1,F0:11|F1:5,9345,0,0,0,0,0,1,0,0,9344,17,0,false,false,32,0.3198,1.0000,19
2026-05-06 02:12:23,run_1778011901552,63,109,9460,v3,16,true,32,8,0,0.0,7,3.7700,-6.6844,-2.9144,0.30546,AGENT_STOP,0,F0:7,3540,0,0,0,0,0,0,0,0,3540,6,0,false,false,32,0.2607,1.0000,15
2026-05-06 02:12:40,run_1778011901552,63,119,9470,v3,16,true,32,11,0,0.0,10,5.6428,-7.7625,-2.1197,0.30508,AGENT_STOP,1,F0:7|F1:3,5562,0,0,0,0,0,0,0,0,5562,6,0,false,false,32,0.3159,1.0000,19
2026-05-06 02:12:55,run_1778011901552,63,129,9480,v3,16,true,32,21,0,0.0,21,15.0232,-8.0009,7.0223,0.30470,AGENT_STOP,1,F0:10|F1:11,11845,0,0,0,0,0,0,0,0,11845,17,0,false,false,32,0.3062,1.0000,19
2026-05-06 02:13:09,run_1778011901552,63,139,9490,v3,16,true,32,20,0,0.0,19,12.7424,-7.3107,5.4317,0.30432,AGENT_STOP,1,F0:16|F1:3,10048,0,0,0,0,0,0,0,0,10048,12,0,false,false,32,0.2903,1.0000,18
2026-05-06 02:13:25,run_1778011901552,63,149,9500,v3,16,true,32,46,0,0.0,48,48.9321,-13.7806,35.1514,0.30395,AGENT_STOP,2,F0:32|F1:14|F2:2,23034,0,0,0,0,0,0,0,0,23034,41,0,false,false,32,0.3125,1.0000,19
2026-05-06 02:13:40,run_1778011901552,64,9,9510,v3,16,true,32,9,0,0.0,9,4.8620,-6.9908,-2.1288,0.30357,AGENT_STOP,1,F0:8|F1:1,5241,0,0,0,0,0,0,0,0,5241,10,0,false,false,32,0.3134,1.0000,19
2026-05-06 02:13:57,run_1778011901552,64,19,9520,v3,16,true,32,26,1,3.8,24,15.6152,-10.7204,4.8948,0.30319,AGENT_STOP,2,F0:13|F1:9|F2:2,13550,1,0,0,0,0,3,0,0,13546,17,0,false,false,32,0.2930,1.0000,19
2026-05-06 02:14:17,run_1778011901552,64,29,9530,v3,16,true,32,55,2,3.6,54,48.9080,-9.6259,39.2821,0.30282,MAX_STEPS,4,F0:26|F1:14|F2:8|F3:5|F4:1,28292,2,0,0,0,0,0,0,0,28290,52,0,false,false,32,0.3208,1.0000,20
2026-05-06 02:14:32,run_1778011901552,64,39,9540,v3,16,true,32,55,0,0.0,55,71.3135,-18.7047,52.6088,0.30244,MAX_STEPS,3,F0:34|F1:14|F2:6|F3:1,29444,0,0,0,0,0,1,0,0,29443,49,0,false,false,32,0.3310,1.0000,19
2026-05-06 02:14:48,run_1778011901552,64,49,9550,v3,16,true,32,51,0,0.0,51,61.2994,-17.1287,44.1707,0.30207,AGENT_STOP,3,F0:32|F1:9|F2:8|F3:2,25972,0,0,0,0,0,1,0,0,25971,51,0,false,false,32,0.3267,1.0000,19
2026-05-06 02:15:05,run_1778011901552,64,59,9560,v3,16,true,32,34,0,0.0,33,30.8396,-4.4039,26.4357,0.30169,AGENT_STOP,1,F0:17|F1:16,17990,0,0,0,0,0,2,0,0,17988,22,0,false,false,32,0.2821,1.0000,20
2026-05-06 02:15:21,run_1778011901552,64,69,9570,v3,16,true,32,31,0,0.0,31,29.2014,-13.9640,15.2375,0.30132,AGENT_STOP,3,F0:14|F1:9|F2:6|F3:2,16472,0,0,0,0,0,0,0,0,16472,24,0,false,false,32,0.3186,1.0000,19
2026-05-06 02:15:38,run_1778011901552,64,79,9580,v3,16,true,32,8,0,0.0,7,3.7308,-6.5648,-2.8340,0.30095,AGENT_STOP,1,F0:5|F1:2,4223,0,0,0,0,0,0,0,0,4223,9,0,false,false,32,0.3071,1.0000,18
2026-05-06 02:15:50,run_1778011901552,64,89,9590,v3,16,true,32,8,0,0.0,7,4.0500,-5.8976,-1.8476,0.30057,AGENT_STOP,0,F0:7,4115,0,0,0,0,0,0,0,0,4115,0,0,false,false,32,0.2798,1.0000,15
2026-05-06 02:16:05,run_1778011901552,64,99,9600,v3,16,true,32,30,0,0.0,29,24.3240,-11.7140,12.6100,0.30020,AGENT_STOP,1,F0:24|F1:5,15648,0,0,0,0,0,0,0,0,15648,29,0,false,false,32,0.3098,1.0000,19
2026-05-06 02:16:15,run_1778011901552,64,109,9610,v3,16,true,32,11,0,0.0,10,6.0100,-6.3565,-0.3465,0.29983,AGENT_STOP,1,F0:7|F1:3,5619,0,0,0,0,0,0,0,0,5619,9,0,false,false,32,0.3053,1.0000,18
2026-05-06 02:16:30,run_1778011901552,64,119,9620,v3,16,true,32,23,0,0.0,22,16.4365,-11.1582,5.2783,0.29946,AGENT_STOP,2,F0:15|F1:5|F2:2,11339,0,0,0,0,0,0,0,0,11339,17,0,false,false,32,0.3038,1.0000,18
2026-05-06 02:16:48,run_1778011901552,64,129,9630,v3,16,true,32,48,0,0.0,48,57.6019,-13.9012,43.7006,0.29909,AGENT_STOP,3,F0:24|F1:13|F2:10|F3:1,23569,0,0,0,0,0,1,0,0,23568,39,0,false,false,32,0.3214,1.0000,19
2026-05-06 02:17:00,run_1778011901552,64,139,9640,v3,16,true,32,55,0,0.0,55,71.2833,-12.1632,59.1201,0.29872,MAX_STEPS,3,F0:28|F1:12|F2:11|F3:4,26934,0,0,0,0,0,0,0,0,26934,43,0,false,false,32,0.3140,1.0000,20
2026-05-06 02:17:17,run_1778011901552,64,149,9650,v3,16,true,32,55,2,3.6,55,64.9783,-15.8952,49.0831,0.29835,MAX_STEPS,3,F0:29|F1:15|F2:10|F3:1,27260,2,0,0,0,0,1,0,0,27257,50,0,false,false,32,0.3110,1.0000,20
2026-05-06 02:17:33,run_1778011901552,65,9,9660,v3,16,true,32,55,1,1.8,56,49.7930,-18.5622,31.2309,0.29798,MAX_STEPS,3,F0:30|F1:11|F2:11|F3:4,27230,1,0,0,0,0,1,0,0,27228,55,0,false,false,32,0.3192,1.0000,20
2026-05-06 02:17:46,run_1778011901552,65,19,9670,v3,16,true,32,30,0,0.0,29,25.2267,-13.7956,11.4310,0.29761,AGENT_STOP,2,F0:14|F1:11|F2:4,16270,0,0,0,0,0,0,0,0,16270,27,0,false,false,32,0.3104,1.0000,19
2026-05-06 02:18:01,run_1778011901552,65,29,9680,v3,16,true,32,12,0,0.0,11,6.0220,-10.9026,-4.8806,0.29724,AGENT_STOP,1,F0:10|F1:1,5688,0,0,0,0,0,0,0,0,5688,10,0,false,false,32,0.3132,1.0000,19
2026-05-06 02:18:15,run_1778011901552,65,39,9690,v3,16,true,32,10,0,0.0,9,4.8100,-7.6503,-2.8403,0.29687,AGENT_STOP,0,F0:9,4970,0,0,0,0,0,0,0,0,4970,6,0,false,false,32,0.2616,1.0000,15
2026-05-06 02:18:29,run_1778011901552,65,49,9700,v3,16,true,32,11,0,0.0,11,6.4528,-6.0439,0.4089,0.29650,AGENT_STOP,1,F0:8|F1:3,5892,0,0,0,0,0,0,0,0,5892,12,0,false,false,32,0.3015,1.0000,18
2026-05-06 02:18:43,run_1778011901552,65,59,9710,v3,16,true,32,30,0,0.0,29,23.0400,-15.3282,7.7118,0.29613,AGENT_STOP,1,F0:23|F1:6,15795,0,0,0,0,0,0,0,0,15795,24,0,false,false,32,0.2989,1.0000,19
2026-05-06 02:18:58,run_1778011901552,65,69,9720,v3,16,true,32,31,0,0.0,31,27.4286,-10.6666,16.7620,0.29577,AGENT_STOP,2,F0:15|F1:10|F2:6,16007,0,0,0,0,0,2,0,0,16005,27,0,false,false,32,0.2896,1.0000,19
2026-05-06 02:19:15,run_1778011901552,65,79,9730,v3,16,true,32,20,0,0.0,19,14.6752,-5.6394,9.0358,0.29540,AGENT_STOP,1,F0:13|F1:6,9710,0,0,0,0,0,0,0,0,9710,18,0,false,false,32,0.3124,1.0000,18
2026-05-06 02:19:30,run_1778011901552,65,89,9740,v3,16,true,32,13,0,0.0,12,6.8800,-8.9536,-2.0736,0.29503,AGENT_STOP,0,F0:12,7343,0,0,0,0,0,0,0,0,7343,5,0,false,false,32,0.2815,1.0000,16
2026-05-06 02:19:41,run_1778011901552,65,99,9750,v3,16,true,32,10,0,0.0,9,4.6408,-8.0448,-3.4040,0.29467,AGENT_STOP,1,F0:7|F1:2,5172,0,0,0,0,0,0,0,0,5172,10,0,false,false,32,0.3153,1.0000,19
2026-05-06 02:20:00,run_1778011901552,65,109,9760,v3,16,true,32,21,0,0.0,21,14.0608,-9.8387,4.2221,0.29430,AGENT_STOP,1,F0:15|F1:6,10881,0,0,0,0,0,1,0,0,10880,17,0,false,false,32,0.2969,1.0000,18
2026-05-06 02:20:16,run_1778011901552,65,119,9770,v3,16,true,32,51,1,2.0,52,47.6614,-13.7826,33.8788,0.29394,AGENT_STOP,2,F0:34|F1:12|F2:6,25563,1,0,0,0,0,0,0,0,25562,46,0,false,false,32,0.3378,1.0000,19
2026-05-06 02:20:35,run_1778011901552,65,129,9780,v3,16,true,32,52,1,1.9,51,52.3334,-10.7440,41.5893,0.29357,AGENT_STOP,3,F0:24|F1:10|F2:12|F3:5,25945,1,0,0,0,0,1,0,0,25943,47,0,false,false,32,0.3221,1.0000,18
2026-05-06 02:20:48,run_1778011901552,65,139,9790,v3,16,true,32,16,0,0.0,15,9.2340,-11.3946,-2.1606,0.29321,AGENT_STOP,1,F0:13|F1:2,7161,0,0,0,0,0,0,0,0,7161,11,0,false,false,32,0.3036,1.0000,19
2026-05-06 02:21:06,run_1778011901552,65,149,9800,v3,16,true,32,12,0,0.0,12,7.2000,-7.1087,0.0913,0.29285,AGENT_STOP,0,F0:12,5750,0,0,0,0,0,0,0,0,5750,7,0,false,false,32,0.2820,1.0000,15
2026-05-06 02:21:24,run_1778011901552,66,9,9810,v3,16,true,32,36,0,0.0,35,33.4524,-10.6637,22.7887,0.29248,AGENT_STOP,1,F0:23|F1:12,16854,0,0,0,0,0,2,0,0,16852,29,0,false,false,32,0.2856,1.0000,20
2026-05-06 02:21:38,run_1778011901552,66,19,9820,v3,16,true,32,16,0,0.0,15,10.3360,-6.5149,3.8211,0.29212,AGENT_STOP,1,F0:12|F1:3,8432,0,0,0,0,0,0,0,0,8432,15,0,false,false,32,0.3127,1.0000,18
2026-05-06 02:21:56,run_1778011901552,66,29,9830,v3,16,true,32,16,0,0.0,15,9.7192,-8.5810,1.1382,0.29176,AGENT_STOP,1,F0:10|F1:5,7059,0,0,0,0,0,0,0,0,7059,13,0,false,false,32,0.2868,1.0000,20
2026-05-06 02:22:11,run_1778011901552,66,39,9840,v3,16,true,32,27,0,0.0,26,22.0628,-11.1300,10.9328,0.29140,AGENT_STOP,1,F0:17|F1:9,13696,0,0,0,0,0,1,0,0,13695,25,0,false,false,32,0.2943,1.0000,19
2026-05-06 02:22:27,run_1778011901552,66,49,9850,v3,16,true,32,42,0,0.0,42,43.2657,-10.1380,33.1277,0.29104,AGENT_STOP,2,F0:27|F1:10|F2:5,21845,0,0,0,0,0,1,0,0,21844,38,0,false,false,32,0.3027,1.0000,20
2026-05-06 02:22:44,run_1778011901552,66,59,9860,v3,16,true,32,18,0,0.0,17,10.5048,-15.6543,-5.1495,0.29068,AGENT_STOP,1,F0:12|F1:5,9100,0,0,0,0,0,0,0,0,9100,14,0,false,false,32,0.2967,1.0000,19
2026-05-06 02:23:00,run_1778011901552,66,69,9870,v3,16,true,32,22,0,0.0,21,15.3258,-13.1993,2.1265,0.29031,AGENT_STOP,2,F0:13|F1:7|F2:1,12139,0,0,0,0,0,0,0,0,12139,16,0,false,false,32,0.2997,1.0000,19
2026-05-06 02:23:14,run_1778011901552,66,79,9880,v3,16,true,32,27,0,0.0,26,22.6173,-6.4891,16.1281,0.28995,AGENT_STOP,2,F0:15|F1:5|F2:6,12608,0,0,0,0,0,0,0,0,12608,17,0,false,false,32,0.3001,1.0000,19
2026-05-06 02:23:28,run_1778011901552,66,89,9890,v3,16,true,32,15,0,0.0,14,9.3256,-9.7678,-0.4422,0.28960,AGENT_STOP,1,F0:10|F1:4,8159,0,0,0,0,0,0,0,0,8159,11,0,false,false,32,0.3102,1.0000,19
2026-05-06 02:23:44,run_1778011901552,66,99,9900,v3,16,true,32,55,0,0.0,59,71.1535,-13.8794,57.2740,0.28924,MAX_STEPS,2,F0:35|F1:17|F2:7,27982,0,0,0,0,0,1,0,0,27981,53,0,false,false,32,0.3219,1.0000,20
2026-05-06 02:24:01,run_1778011901552,66,109,9910,v3,16,true,32,30,0,0.0,29,25.6620,-11.2505,14.4115,0.28888,AGENT_STOP,3,F0:20|F1:5|F2:2|F3:2,15081,0,0,0,0,0,1,0,0,15080,25,0,false,false,32,0.3211,1.0000,19
2026-05-06 02:24:14,run_1778011901552,66,119,9920,v3,16,true,32,33,0,0.0,32,27.7460,-10.0224,17.7236,0.28852,AGENT_STOP,1,F0:26|F1:6,17145,0,0,0,0,0,0,0,0,17145,42,0,false,false,32,0.2939,1.0000,19
2026-05-06 02:24:28,run_1778011901552,66,129,9930,v3,16,true,32,7,0,0.0,6,2.7800,-7.8276,-5.0476,0.28816,AGENT_STOP,0,F0:6,3745,0,0,0,0,0,0,0,0,3745,3,0,false,false,32,0.2857,1.0000,16
2026-05-06 02:24:40,run_1778011901552,66,139,9940,v3,16,true,32,17,0,0.0,16,11.4127,-10.0801,1.3327,0.28781,AGENT_STOP,2,F0:12|F1:2|F2:2,9858,0,0,0,0,0,0,0,0,9858,14,0,false,false,32,0.3095,1.0000,18
2026-05-06 02:24:56,run_1778011901552,66,149,9950,v3,16,true,32,28,0,0.0,28,25.9040,-6.2202,19.6838,0.28745,AGENT_STOP,3,F0:13|F1:6|F2:6|F3:3,14821,0,0,0,0,0,0,0,0,14821,20,0,false,false,32,0.3095,1.0000,19
2026-05-06 02:25:11,run_1778011901552,67,9,9960,v3,16,true,32,19,0,0.0,18,13.5740,-6.6395,6.9345,0.28709,AGENT_STOP,1,F0:13|F1:5,10135,0,0,0,0,0,0,0,0,10135,18,0,false,false,32,0.2957,1.0000,19
2026-05-06 02:25:27,run_1778011901552,67,19,9970,v3,16,true,32,55,0,0.0,58,72.9397,-15.4948,57.4449,0.28674,MAX_STEPS,5,F0:23|F1:10|F2:9|F3:5|F4:6|F5:5,26682,0,0,0,0,0,0,0,0,26682,45,0,false,false,32,0.3288,1.0000,20
2026-05-06 02:25:39,run_1778011901552,67,29,9980,v3,16,true,32,13,0,0.0,12,8.1924,-5.0482,3.1442,0.28638,AGENT_STOP,1,F0:6|F1:6,7869,0,0,0,0,0,1,0,0,7868,11,0,false,false,32,0.2946,1.0000,18
2026-05-06 02:25:56,run_1778011901552,67,39,9990,v3,16,true,32,37,0,0.0,36,34.1808,-11.1277,23.0531,0.28603,AGENT_STOP,1,F0:26|F1:10,18872,0,0,0,0,0,1,0,0,18871,31,0,false,false,32,0.2907,1.0000,19
2026-05-06 02:26:15,run_1778011901552,67,49,10000,v3,16,true,32,24,0,0.0,23,16.8848,-10.3507,6.5341,0.28567,AGENT_STOP,1,F0:19|F1:4,11588,0,0,0,0,0,0,0,0,11588,15,0,false,false,32,0.3025,1.0000,19
2026-05-06 02:26:35,run_1778011901552,67,59,10010,v3,16,true,32,11,0,0.0,10,6.4320,-5.4565,0.9755,0.28532,AGENT_STOP,1,F0:9|F1:1,5763,0,0,0,0,0,0,0,0,5763,9,0,false,false,32,0.3043,1.0000,18
2026-05-06 02:26:54,run_1778011901552,67,69,10020,v3,16,true,32,14,0,0.0,14,9.7667,-5.0209,4.7459,0.28496,AGENT_STOP,2,F0:4|F1:7|F2:3,7251,0,0,0,0,0,0,0,0,7251,11,0,false,false,32,0.2978,1.0000,18
2026-05-06 02:27:15,run_1778011901552,67,79,10030,v3,16,true,32,55,0,0.0,55,68.9054,-8.4044,60.5010,0.28461,MAX_STEPS,2,F0:38|F1:11|F2:6,27515,0,0,0,0,0,0,0,0,27515,47,0,false,false,32,0.3217,1.0000,19
2026-05-06 02:27:27,run_1778011901552,67,89,10040,v3,16,true,32,33,0,0.0,33,31.7665,-6.2210,25.5455,0.28426,AGENT_STOP,3,F0:22|F1:5|F2:4|F3:2,16950,0,0,0,0,0,0,0,0,16950,27,0,false,false,32,0.3337,1.0000,18
2026-05-06 02:27:43,run_1778011901552,67,99,10050,v3,16,true,32,20,0,0.0,19,14.1434,-6.3542,7.7892,0.28391,AGENT_STOP,2,F0:8|F1:4|F2:7,9030,0,0,0,0,0,0,0,0,9030,19,0,false,false,32,0.2895,1.0000,19
2026-05-06 02:27:58,run_1778011901552,67,109,10060,v3,16,true,32,19,0,0.0,18,11.9488,-10.7119,1.2369,0.28355,AGENT_STOP,1,F0:14|F1:4,8205,0,0,0,0,0,0,0,0,8205,10,0,false,false,32,0.2968,1.0000,19
2026-05-06 02:28:16,run_1778011901552,67,119,10070,v3,16,true,32,6,0,0.0,6,3.2200,-5.0616,-1.8416,0.28320,AGENT_STOP,0,F0:6,3330,0,0,0,0,0,0,0,0,3330,4,0,false,false,32,0.2742,1.0000,15
2026-05-06 02:28:29,run_1778011901552,67,129,10080,v3,16,true,32,11,0,0.0,10,5.5508,-8.7353,-3.1845,0.28285,AGENT_STOP,1,F0:8|F1:2,4855,0,0,0,0,0,0,0,0,4855,11,0,false,false,32,0.3038,1.0000,19
2026-05-06 02:28:46,run_1778011901552,67,139,10090,v3,16,true,32,31,0,0.0,30,26.6908,-9.8892,16.8016,0.28250,AGENT_STOP,1,F0:22|F1:8,15226,0,0,0,0,0,0,0,0,15226,24,0,false,false,32,0.3102,1.0000,18
2026-05-06 02:29:01,run_1778011901552,67,149,10100,v3,16,true,32,8,0,0.0,7,3.4200,-7.2375,-3.8175,0.28215,AGENT_STOP,0,F0:7,3592,0,0,0,0,0,0,0,0,3592,4,0,false,false,32,0.2798,1.0000,15
2026-05-06 02:29:19,run_1778011901552,68,9,10110,v3,16,true,32,11,0,0.0,10,5.7120,-6.9930,-1.2810,0.28180,AGENT_STOP,1,F0:9|F1:1,4591,0,0,0,0,0,0,0,0,4591,8,0,false,false,32,0.3042,1.0000,18
2026-05-06 02:29:33,run_1778011901552,68,19,10120,v3,16,true,32,8,0,0.0,7,4.0500,-5.4729,-1.4229,0.28145,AGENT_STOP,0,F0:7,3419,0,0,0,0,0,0,0,0,3419,8,0,false,false,32,0.2798,1.0000,15
2026-05-06 02:29:46,run_1778011901552,68,29,10130,v3,16,true,32,14,0,0.0,13,8.1008,-2.5385,5.5623,0.28110,MASK_EMPTY,1,F0:8|F1:5,6797,0,0,0,0,0,1,0,0,6796,10,0,false,false,32,0.2954,1.0000,19
2026-05-06 02:30:01,run_1778011901552,68,39,10140,v3,16,true,32,49,0,0.0,50,56.8243,-6.5349,50.2894,0.28075,AGENT_STOP,2,F0:28|F1:15|F2:7,23013,0,0,0,0,0,0,0,0,23013,48,0,false,false,32,0.3237,1.0000,19
2026-05-06 02:30:23,run_1778011901552,68,49,10150,v3,16,true,32,52,0,0.0,52,61.1095,-8.5071,52.6024,0.28041,AGENT_STOP,3,F0:25|F1:22|F2:4|F3:1,16908,0,0,0,0,0,1,0,0,16907,43,0,false,false,32,0.3177,1.0000,20
2026-05-06 02:30:43,run_1778011901552,68,59,10160,v3,16,true,32,29,0,0.0,28,25.2299,-6.8698,18.3601,0.28006,AGENT_STOP,3,F0:19|F1:5|F2:3|F3:1,10395,0,0,0,0,0,0,0,0,10395,23,0,false,false,32,0.3221,1.0000,18
2026-05-06 02:30:58,run_1778011901552,68,69,10170,v3,16,true,32,25,0,0.0,25,18.1640,-10.7554,7.4086,0.27971,AGENT_STOP,1,F0:20|F1:5,9050,0,0,0,0,0,0,0,0,9050,26,0,false,false,32,0.3062,1.0000,19
2026-05-06 02:31:11,run_1778011901552,68,79,10180,v3,16,true,32,42,0,0.0,42,45.2067,-8.9557,36.2510,0.27936,AGENT_STOP,2,F0:18|F1:15|F2:9,15401,0,0,0,0,0,1,0,0,15400,39,0,false,false,32,0.3024,1.0000,18
2026-05-06 02:31:28,run_1778011901552,68,89,10190,v3,16,true,32,55,0,0.0,56,69.1898,-14.2117,54.9781,0.27902,MAX_STEPS,2,F0:32|F1:18|F2:6,19285,0,0,0,0,0,0,0,0,19285,52,0,false,false,32,0.3108,1.0000,20
2026-05-06 02:31:42,run_1778011901552,68,99,10200,v3,16,true,32,50,1,2.0,51,40.2519,-11.3600,28.8919,0.27867,AGENT_STOP,3,F0:23|F1:8|F2:19|F3:1,18698,1,0,0,0,0,0,0,0,18697,54,0,false,false,32,0.3157,1.0000,20
2026-05-06 02:31:59,run_1778011901552,68,109,10210,v3,16,true,32,23,0,0.0,22,16.0298,-9.4794,6.5504,0.27833,AGENT_STOP,2,F0:12|F1:9|F2:1,8467,0,0,0,0,0,0,0,0,8467,16,0,false,false,32,0.2851,1.0000,20
2026-05-06 02:32:15,run_1778011901552,68,119,10220,v3,16,true,32,42,3,7.1,39,21.9592,-14.9120,7.0472,0.27798,AGENT_STOP,3,F0:20|F1:13|F2:5|F3:1,16032,3,0,0,0,0,0,0,0,16029,38,0,false,false,32,0.3126,1.0000,19
2026-05-06 02:32:29,run_1778011901552,68,129,10230,v3,16,true,32,6,0,0.0,5,2.9500,-10.1516,-7.2016,0.27764,AGENT_STOP,0,F0:5,2747,0,0,0,0,0,0,0,0,2747,4,0,false,false,32,0.2803,1.0000,15
2026-05-06 02:32:44,run_1778011901552,68,139,10240,v3,16,true,32,49,0,0.0,49,53.4420,-14.4047,39.0373,0.27729,AGENT_STOP,1,F0:35|F1:14,17571,0,0,0,0,0,0,0,0,17571,48,0,false,false,32,0.3036,1.0000,20
2026-05-06 02:33:02,run_1778011901552,68,149,10250,v3,16,true,32,29,0,0.0,28,23.6104,-9.2390,14.3714,0.27695,AGENT_STOP,3,F0:17|F1:6|F2:3|F3:2,12127,0,0,0,0,0,0,0,0,12127,21,0,false,false,32,0.3101,1.0000,20
2026-05-06 02:33:11,run_1778011901552,69,9,10260,v3,16,true,32,9,0,0.0,9,5.1300,-5.7674,-0.6374,0.27661,AGENT_STOP,0,F0:9,4131,0,0,0,0,0,0,0,0,4131,8,0,false,false,32,0.2705,1.0000,15
2026-05-06 02:33:25,run_1778011901552,69,19,10270,v3,16,true,32,16,0,0.0,15,10.2240,-7.1849,3.0391,0.27626,AGENT_STOP,1,F0:13|F1:2,5918,0,0,0,0,0,0,0,0,5918,15,0,false,false,32,0.3190,1.0000,19
2026-05-06 02:33:41,run_1778011901552,69,29,10280,v3,16,true,32,38,0,0.0,37,37.6998,-10.6359,27.0639,0.27592,AGENT_STOP,3,F0:23|F1:10|F2:2|F3:2,14316,0,0,0,0,0,0,0,0,14316,35,0,false,false,32,0.3158,1.0000,19
2026-05-06 02:33:52,run_1778011901552,69,39,10290,v3,16,true,32,8,0,0.0,7,3.8340,-8.4243,-4.5903,0.27558,AGENT_STOP,1,F0:4|F1:3,2406,0,0,0,0,0,0,0,0,2406,6,0,false,false,32,0.2874,1.0000,19
2026-05-06 02:34:09,run_1778011901552,69,49,10300,v3,16,true,32,19,0,0.0,18,12.2340,-6.3984,5.8356,0.27524,AGENT_STOP,1,F0:16|F1:2,7582,0,0,0,0,0,0,0,0,7582,17,0,false,false,32,0.3213,1.0000,19
2026-05-06 02:34:22,run_1778011901552,69,59,10310,v3,16,true,32,11,0,0.0,10,5.4608,-9.0863,-3.6255,0.27490,AGENT_STOP,1,F0:8|F1:2,3864,0,0,0,0,0,0,0,0,3864,13,0,false,false,32,0.2977,1.0000,18
2026-05-06 02:34:39,run_1778011901552,69,69,10320,v3,16,true,32,13,0,0.0,12,8.1900,-5.2735,2.9165,0.27456,AGENT_STOP,1,F0:9|F1:3,5672,0,0,0,0,0,0,0,0,5672,15,0,false,false,32,0.3154,1.0000,18
2026-05-06 02:34:57,run_1778011901552,69,79,10330,v3,16,true,32,40,0,0.0,40,38.7420,-11.3372,27.4048,0.27422,AGENT_STOP,3,F0:21|F1:10|F2:6|F3:3,14192,0,0,0,0,0,0,0,0,14192,41,0,false,false,32,0.3133,1.0000,20
2026-05-06 02:35:15,run_1778011901552,69,89,10340,v3,16,true,32,18,0,0.0,18,11.9224,-13.9234,-2.0010,0.27388,AGENT_STOP,1,F0:12|F1:6,8068,0,0,0,0,0,0,0,0,8068,17,0,false,false,32,0.3155,1.0000,19
2026-05-06 02:35:32,run_1778011901552,69,99,10350,v3,16,true,32,17,0,0.0,16,10.8640,-8.6799,2.1841,0.27354,AGENT_STOP,1,F0:14|F1:2,7652,0,0,0,0,0,0,0,0,7652,15,0,false,false,32,0.3175,1.0000,18
2026-05-06 02:35:44,run_1778011901552,69,109,10360,v3,16,true,32,12,0,0.0,11,6.0000,-9.8967,-3.8967,0.27320,AGENT_STOP,0,F0:11,4402,0,0,0,0,0,0,0,0,4402,8,0,false,false,32,0.2781,1.0000,16
2026-05-06 02:35:59,run_1778011901552,69,119,10370,v3,16,true,32,34,0,0.0,37,31.9330,-8.3752,23.5579,0.27286,AGENT_STOP,2,F0:17|F1:18|F2:2,14304,0,0,0,0,0,0,0,0,14304,28,0,false,false,32,0.3034,1.0000,20
2026-05-06 02:36:19,run_1778011901552,69,129,10380,v3,16,true,32,14,0,0.0,13,9.0248,-5.4138,3.6110,0.27252,AGENT_STOP,1,F0:8|F1:5,5583,0,0,0,0,0,0,0,0,5583,7,0,false,false,32,0.2846,1.0000,18
2026-05-06 02:36:32,run_1778011901552,69,139,10390,v3,16,true,32,12,0,0.0,11,6.8000,-8.8633,-2.0633,0.27218,AGENT_STOP,1,F0:8|F1:3,5948,0,0,0,0,0,0,0,0,5948,8,0,false,false,32,0.3246,1.0000,19
2026-05-06 02:36:49,run_1778011901552,69,149,10400,v3,16,true,32,30,0,0.0,29,22.7240,-15.0904,7.6336,0.27184,AGENT_STOP,1,F0:27|F1:2,13380,0,0,0,0,0,0,0,0,13380,28,0,false,false,32,0.3205,1.0000,19
2026-05-06 02:37:03,run_1778011901552,70,9,10410,v3,16,true,32,32,0,0.0,31,27.1428,-11.2228,15.9200,0.27151,AGENT_STOP,1,F0:22|F1:9,13162,0,0,0,0,0,0,0,0,13162,25,0,false,false,32,0.2969,1.0000,19
2026-05-06 02:37:18,run_1778011901552,70,19,10420,v3,16,true,32,7,0,0.0,6,3.2000,-5.6683,-2.4683,0.27117,AGENT_STOP,0,F0:6,3214,0,0,0,0,0,0,0,0,3214,7,0,false,false,32,0.2836,1.0000,15
2026-05-06 02:37:29,run_1778011901552,70,29,10430,v3,16,true,32,16,0,0.0,15,8.9400,-8.0751,0.8649,0.27084,AGENT_STOP,1,F0:12|F1:3,7041,0,0,0,0,0,0,0,0,7041,10,0,false,false,32,0.2942,1.0000,18
2026-05-06 02:37:52,run_1778011901552,70,39,10440,v3,16,true,32,48,0,0.0,47,55.2381,-7.5245,47.7136,0.27050,AGENT_STOP,4,F0:25|F1:9|F2:7|F3:4|F4:2,20105,0,0,0,0,0,0,0,0,20105,40,0,false,false,32,0.3167,1.0000,20
2026-05-06 02:38:07,run_1778011901552,70,49,10450,v3,16,true,32,32,0,0.0,31,27.2268,-12.3238,14.9030,0.27016,AGENT_STOP,1,F0:15|F1:16,12193,0,0,0,0,0,0,0,0,12193,25,0,false,false,32,0.2986,1.0000,20
2026-05-06 02:38:27,run_1778011901552,70,59,10460,v3,16,true,32,28,0,0.0,29,23.9356,-10.3369,13.5987,0.26983,AGENT_STOP,2,F0:20|F1:8|F2:1,12447,0,0,0,0,0,0,0,0,12447,26,0,false,false,32,0.3360,1.0000,19
2026-05-06 02:38:42,run_1778011901552,70,69,10470,v3,16,true,32,32,0,0.0,31,28.2721,-9.3456,18.9265,0.26950,AGENT_STOP,2,F0:21|F1:8|F2:2,13926,0,0,0,0,0,0,0,0,13926,27,0,false,false,32,0.2984,1.0000,20
2026-05-06 02:38:55,run_1778011901552,70,79,10480,v3,16,true,32,14,0,0.0,13,7.3700,-8.6725,-1.3025,0.26916,AGENT_STOP,0,F0:13,6054,0,0,0,0,0,0,0,0,6054,10,0,false,false,32,0.2618,1.0000,15
2026-05-06 02:39:17,run_1778011901552,70,89,10490,v3,16,true,32,28,0,0.0,27,25.3437,-10.9848,14.3588,0.26883,AGENT_STOP,2,F0:16|F1:7|F2:4,11924,0,0,0,0,0,1,0,0,11923,27,0,false,false,32,0.2971,1.0000,18
2026-05-06 02:39:33,run_1778011901552,70,99,10500,v3,16,true,32,43,0,0.0,42,44.0886,-8.6655,35.4230,0.26849,AGENT_STOP,3,F0:22|F1:7|F2:10|F3:3,19597,0,0,0,0,0,1,0,0,19596,39,0,false,false,32,0.3026,1.0000,20
2026-05-06 02:39:45,run_1778011901552,70,109,10510,v3,16,true,32,23,0,0.0,22,19.5091,-4.1960,15.3131,0.26816,AGENT_STOP,3,F0:10|F1:7|F2:4|F3:1,10421,0,0,0,0,0,0,0,0,10421,19,0,false,false,32,0.3128,1.0000,19
2026-05-06 02:40:00,run_1778011901552,70,119,10520,v3,16,true,32,6,0,0.0,5,2.1100,-10.1516,-8.0416,0.26783,AGENT_STOP,0,F0:5,3238,0,0,0,0,0,0,0,0,3238,5,0,false,false,32,0.2544,1.0000,15
2026-05-06 02:40:10,run_1778011901552,70,129,10530,v3,16,true,32,11,0,0.0,10,5.9108,-7.3127,-1.4019,0.26750,AGENT_STOP,1,F0:8|F1:2,5821,0,0,0,0,0,0,0,0,5821,8,0,false,false,32,0.3069,1.0000,19
2026-05-06 02:40:23,run_1778011901552,70,139,10540,v3,16,true,32,22,0,0.0,22,18.9090,-4.7786,14.1304,0.26717,AGENT_STOP,3,F0:10|F1:6|F2:5|F3:1,9660,0,0,0,0,0,1,0,0,9659,20,0,false,false,32,0.2978,1.0000,18
2026-05-06 02:40:34,run_1778011901552,70,149,10550,v3,16,true,32,55,3,5.5,52,36.6020,-19.3263,17.2756,0.26683,MAX_STEPS,3,F0:30|F1:13|F2:5|F3:4,24635,3,0,0,0,0,0,0,0,24632,50,0,false,false,32,0.3113,1.0000,20
2026-05-06 02:40:49,run_1778011901552,71,9,10560,v3,16,true,32,16,0,0.0,15,9.8548,-8.0414,1.8134,0.26650,AGENT_STOP,2,F0:10|F1:4|F2:1,7704,0,0,0,0,0,0,0,0,7704,17,0,false,false,32,0.2967,1.0000,18
2026-05-06 02:41:04,run_1778011901552,71,19,10570,v3,16,true,32,18,0,0.0,17,11.9810,-10.1388,1.8422,0.26617,AGENT_STOP,2,F0:11|F1:5|F2:1,8194,0,0,0,0,0,0,0,0,8194,13,0,false,false,32,0.2857,1.0000,20
2026-05-06 02:41:17,run_1778011901552,71,29,10580,v3,16,true,32,13,0,0.0,12,8.1268,-4.7681,3.3587,0.26584,AGENT_STOP,1,F0:7|F1:5,7330,0,0,0,0,0,0,0,0,7330,11,0,false,false,32,0.2832,1.0000,19
2026-05-06 02:41:31,run_1778011901552,71,39,10590,v3,16,true,32,45,0,0.0,44,47.1884,-22.3945,24.7939,0.26551,AGENT_STOP,3,F0:25|F1:9|F2:8|F3:2,20679,0,0,0,0,0,0,0,0,20679,43,0,false,false,32,0.3115,1.0000,20
2026-05-06 02:41:50,run_1778011901552,71,49,10600,v3,16,true,32,24,0,0.0,23,17.2826,-12.0422,5.2404,0.26518,AGENT_STOP,2,F0:12|F1:9|F2:2,10976,0,0,0,0,0,0,0,0,10976,16,0,false,false,32,0.2968,1.0000,20
2026-05-06 02:41:57,run_1778011901552,71,59,10610,v3,16,true,32,29,0,0.0,28,24.5244,-13.6549,10.8695,0.26486,AGENT_STOP,2,F0:20|F1:7|F2:1,14081,0,0,0,0,0,0,0,0,14081,23,0,false,false,32,0.3242,1.0000,19
2026-05-06 02:42:16,run_1778011901552,71,69,10620,v3,16,true,32,22,0,0.0,21,17.6990,-7.7906,9.9084,0.26453,AGENT_STOP,3,F0:9|F1:7|F2:3|F3:2,10216,0,0,0,0,0,0,0,0,10216,21,0,false,false,32,0.3002,1.0000,18
2026-05-06 02:42:30,run_1778011901552,71,79,10630,v3,16,true,32,15,0,0.0,14,9.6888,-7.8309,1.8579,0.26420,AGENT_STOP,2,F0:10|F1:3|F2:1,6819,0,0,0,0,0,0,0,0,6819,8,0,false,false,32,0.3015,1.0000,18
2026-05-06 02:42:43,run_1778011901552,71,89,10640,v3,16,true,32,31,0,0.0,31,28.1717,-8.4140,19.7577,0.26387,AGENT_STOP,2,F0:17|F1:12|F2:2,14495,0,0,0,0,0,1,0,0,14494,24,0,false,false,32,0.3122,1.0000,19
2026-05-06 02:42:58,run_1778011901552,71,99,10650,v3,16,true,32,35,0,0.0,36,33.1599,-12.1191,21.0408,0.26355,AGENT_STOP,3,F0:24|F1:7|F2:3|F3:2,17740,0,0,0,0,0,1,0,0,17739,30,0,false,false,32,0.3270,1.0000,19
2026-05-06 02:43:13,run_1778011901552,71,109,10660,v3,16,true,32,34,0,0.0,33,31.4517,-9.0940,22.3576,0.26322,AGENT_STOP,3,F0:21|F1:5|F2:5|F3:2,16763,0,0,0,0,0,0,0,0,16763,27,0,false,false,32,0.3146,1.0000,18
2026-05-06 02:43:34,run_1778011901552,71,119,10670,v3,16,true,32,39,0,0.0,39,36.4756,-18.9170,17.5586,0.26289,AGENT_STOP,1,F0:30|F1:9,17785,0,0,0,0,0,1,0,0,17784,31,0,false,false,32,0.3012,1.0000,19
2026-05-06 02:43:48,run_1778011901552,71,129,10680,v3,16,true,32,20,0,0.0,20,14.1620,-9.8426,4.3194,0.26257,AGENT_STOP,1,F0:16|F1:4,9731,0,0,0,0,0,0,0,0,9731,15,0,false,false,32,0.2929,1.0000,19
2026-05-06 02:44:00,run_1778011901552,71,139,10690,v3,16,true,32,18,0,0.0,17,11.8420,-8.4700,3.3720,0.26224,AGENT_STOP,1,F0:16|F1:1,9761,0,0,0,0,0,0,0,0,9761,16,0,false,false,32,0.3199,1.0000,19
2026-05-06 02:44:14,run_1778011901552,71,149,10700,v3,16,true,32,42,0,0.0,42,44.1055,-6.5447,37.5608,0.26192,AGENT_STOP,2,F0:20|F1:17|F2:5,20695,0,0,0,0,0,0,0,0,20695,35,0,false,false,32,0.3074,1.0000,20
2026-05-06 02:44:28,run_1778011901552,72,9,10710,v3,16,true,32,39,0,0.0,38,38.4074,-13.3149,25.0924,0.26159,AGENT_STOP,3,F0:21|F1:8|F2:8|F3:1,17856,0,0,0,0,0,0,0,0,17856,32,0,false,false,32,0.2996,1.0000,20
2026-05-06 02:44:46,run_1778011901552,72,19,10720,v3,16,true,32,15,0,0.0,15,9.4340,-10.1857,-0.7517,0.26127,AGENT_STOP,1,F0:13|F1:2,7350,0,0,0,0,0,0,0,0,7350,30,0,false,false,32,0.3140,1.0000,19
2026-05-06 02:45:03,run_1778011901552,72,29,10730,v3,16,true,32,55,0,0.0,57,69.5465,-16.8020,52.7445,0.26094,AGENT_STOP,3,F0:37|F1:9|F2:10|F3:1,27558,0,0,0,0,0,1,0,0,27557,60,0,false,false,32,0.3281,1.0000,20
2026-05-06 02:45:21,run_1778011901552,72,39,10740,v3,16,true,32,55,0,0.0,55,70.7562,-19.0335,51.7227,0.26062,MAX_STEPS,2,F0:32|F1:15|F2:8,26534,0,0,0,0,0,2,0,0,26532,45,0,false,false,32,0.3046,1.0000,20
2026-05-06 02:45:41,run_1778011901552,72,49,10750,v3,16,true,32,14,0,0.0,13,8.5300,-6.0521,2.4779,0.26030,AGENT_STOP,1,F0:10|F1:3,7609,0,0,0,0,0,0,0,0,7609,13,0,false,false,32,0.2814,1.0000,18
2026-05-06 02:46:06,run_1778011901552,72,59,10760,v3,16,true,32,32,0,0.0,32,27.9688,-10.4872,17.4816,0.25997,AGENT_STOP,1,F0:18|F1:14,15521,0,0,0,0,0,0,0,0,15521,23,0,false,false,32,0.3057,1.0000,20
2026-05-06 02:46:22,run_1778011901552,72,69,10770,v3,16,true,32,16,0,0.0,15,10.0931,-10.7977,-0.7045,0.25965,AGENT_STOP,2,F0:9|F1:3|F2:3,7009,0,0,0,0,0,0,0,0,7009,10,0,false,false,32,0.2880,1.0000,19
2026-05-06 02:46:39,run_1778011901552,72,79,10780,v3,16,true,32,55,0,0.0,55,69.6990,-12.5722,57.1268,0.25933,MAX_STEPS,3,F0:29|F1:15|F2:10|F3:1,25388,0,0,0,0,0,0,0,0,25388,59,0,false,false,32,0.3145,1.0000,20
2026-05-06 02:46:52,run_1778011901552,72,89,10790,v3,16,true,32,10,0,0.0,9,4.6300,-8.1263,-3.4963,0.25901,AGENT_STOP,0,F0:9,5090,0,0,0,0,0,0,0,0,5090,8,0,false,false,32,0.2720,1.0000,15
2026-05-06 02:47:06,run_1778011901552,72,99,10800,v3,16,true,32,12,0,0.0,11,6.4940,-5.8883,0.6057,0.25869,AGENT_STOP,1,F0:9|F1:2,5809,0,0,0,0,0,0,0,0,5809,7,0,false,false,32,0.3120,1.0000,18
2026-05-06 02:47:25,run_1778011901552,72,109,10810,v3,16,true,32,30,0,0.0,30,25.7773,-9.1415,16.6358,0.25837,AGENT_STOP,2,F0:13|F1:6|F2:11,13581,0,0,0,0,0,0,0,0,13581,24,0,false,false,32,0.3038,1.0000,20
2026-05-06 02:47:43,run_1778011901552,72,119,10820,v3,16,true,32,13,0,0.0,13,8.5796,-4.7216,3.8580,0.25805,AGENT_STOP,1,F0:7|F1:6,7590,0,0,0,0,0,0,0,0,7590,7,0,false,false,32,0.3120,1.0000,18
2026-05-06 02:47:56,run_1778011901552,72,129,10830,v3,16,true,32,45,0,0.0,44,50.8107,-10.7160,40.0947,0.25773,AGENT_STOP,3,F0:19|F1:19|F2:2|F3:4,22081,0,0,0,0,0,0,0,0,22081,38,0,false,false,32,0.3049,1.0000,20
2026-05-06 02:48:09,run_1778011901552,72,139,10840,v3,16,true,32,29,2,6.9,27,17.2322,-8.2445,8.9876,0.25741,AGENT_STOP,2,F0:15|F1:9|F2:3,14863,2,0,0,0,0,1,0,0,14860,27,0,false,false,32,0.3152,1.0000,19
2026-05-06 02:48:28,run_1778011901552,72,149,10850,v3,16,true,32,16,0,0.0,16,10.1120,-7.2083,2.9037,0.25709,AGENT_STOP,1,F0:15|F1:1,7249,0,0,0,0,0,0,0,0,7249,16,0,false,false,32,0.3210,1.0000,19
2026-05-06 02:48:51,run_1778011901552,73,9,10860,v3,16,true,32,20,0,0.0,20,14.6428,-7.4302,7.2126,0.25677,AGENT_STOP,1,F0:14|F1:6,9260,0,0,0,0,0,0,0,0,9260,15,0,false,false,32,0.3073,1.0000,19
2026-05-06 02:49:07,run_1778011901552,73,19,10870,v3,16,true,32,21,0,0.0,20,15.4254,-6.6791,8.7463,0.25645,AGENT_STOP,2,F0:12|F1:3|F2:5,10118,0,0,0,0,0,0,0,0,10118,13,0,false,false,32,0.3137,1.0000,18
2026-05-06 02:49:26,run_1778011901552,73,29,10880,v3,16,true,32,55,0,0.0,58,75.3565,-11.3308,64.0257,0.25613,MAX_STEPS,3,F0:25|F1:13|F2:14|F3:6,25046,0,0,0,0,0,0,0,0,25046,40,0,false,false,32,0.3184,1.0000,20
2026-05-06 02:49:37,run_1778011901552,73,39,10890,v3,16,true,32,13,0,0.0,12,6.8260,-9.4324,-2.6064,0.25582,AGENT_STOP,1,F0:9|F1:3,6682,0,0,0,0,0,0,0,0,6682,13,0,false,false,32,0.3112,1.0000,19
2026-05-06 02:49:55,run_1778011901552,73,49,10900,v3,16,true,32,15,0,0.0,14,9.4380,-7.0755,2.3625,0.25550,AGENT_STOP,1,F0:12|F1:2,7774,0,0,0,0,0,0,0,0,7774,11,0,false,false,32,0.3205,1.0000,19
2026-05-06 02:50:13,run_1778011901552,73,59,10910,v3,16,true,32,45,2,4.4,44,32.5528,-10.9850,21.5678,0.25518,AGENT_STOP,3,F0:21|F1:11|F2:7|F3:5,21636,2,0,0,0,0,0,0,0,21634,40,0,false,false,32,0.3131,1.0000,19
2026-05-06 02:50:29,run_1778011901552,73,69,10920,v3,16,true,32,45,0,0.0,44,47.2531,-27.3682,19.8849,0.25487,AGENT_STOP,2,F0:33|F1:9|F2:2,21839,0,0,0,0,0,0,0,0,21839,41,0,false,false,32,0.3090,1.0000,20
2026-05-06 02:50:47,run_1778011901552,73,79,10930,v3,16,true,32,36,0,0.0,35,32.8140,-12.3947,20.4193,0.25455,AGENT_STOP,2,F0:20|F1:13|F2:2,17550,0,0,0,0,0,0,0,0,17550,38,0,false,false,32,0.3194,1.0000,19
2026-05-06 02:51:07,run_1778011901552,73,89,10940,v3,16,true,32,55,0,0.0,55,67.9372,-9.5259,58.4113,0.25423,MAX_STEPS,3,F0:27|F1:14|F2:12|F3:2,24222,0,0,0,0,0,0,0,0,24222,57,0,false,false,32,0.3017,1.0000,20
2026-05-06 02:51:21,run_1778011901552,73,99,10950,v3,16,true,32,55,0,0.0,55,71.3959,-11.6580,59.7380,0.25392,MAX_STEPS,3,F0:32|F1:18|F2:4|F3:1,26622,0,0,0,0,0,0,0,0,26622,41,0,false,false,32,0.3223,1.0000,19
2026-05-06 02:51:40,run_1778011901552,73,109,10960,v3,16,true,32,55,2,3.6,53,51.4838,-10.5369,40.9469,0.25360,MAX_STEPS,3,F0:37|F1:6|F2:7|F3:3,25741,2,0,0,0,0,2,0,0,25737,50,0,false,false,32,0.3165,1.0000,20
2026-05-06 02:51:55,run_1778011901552,73,119,10970,v3,16,true,32,16,0,0.0,15,9.1660,-13.7739,-4.6079,0.25329,AGENT_STOP,1,F0:12|F1:3,7665,0,0,0,0,0,0,0,0,7665,13,0,false,false,32,0.2954,1.0000,18
2026-05-06 02:52:10,run_1778011901552,73,129,10980,v3,16,true,32,51,0,0.0,51,60.0840,-12.1497,47.9343,0.25298,AGENT_STOP,4,F0:27|F1:13|F2:8|F3:2|F4:1,24317,0,0,0,0,0,0,0,0,24317,47,0,false,false,32,0.3277,1.0000,20
2026-05-06 02:52:24,run_1778011901552,73,139,10990,v3,16,true,32,9,0,0.0,8,4.5808,-6.8560,-2.2752,0.25266,AGENT_STOP,1,F0:6|F1:2,5587,0,0,0,0,0,0,0,0,5587,6,0,false,false,32,0.3099,1.0000,18
2026-05-06 02:52:36,run_1778011901552,73,149,11000,v3,16,true,32,11,0,0.0,10,5.6300,-6.5121,-0.8821,0.25235,AGENT_STOP,0,F0:10,5185,0,0,0,0,0,0,0,0,5185,9,0,false,false,32,0.2847,1.0000,15
2026-05-06 02:52:56,run_1778011901552,74,9,11010,v3,16,true,32,35,0,0.0,34,34.5433,-7.6380,26.9053,0.25204,AGENT_STOP,3,F0:22|F1:6|F2:5|F3:1,15413,0,0,0,0,0,2,0,0,15411,24,0,false,false,32,0.3027,1.0000,20
2026-05-06 02:53:15,run_1778011901552,74,19,11020,v3,16,true,32,42,0,0.0,41,42.6538,-13.7760,28.8778,0.25172,AGENT_STOP,2,F0:31|F1:9|F2:1,17036,0,0,0,0,0,0,0,0,17036,34,0,false,false,32,0.3104,1.0000,20
2026-05-06 02:53:29,run_1778011901552,74,29,11030,v3,16,true,32,14,0,0.0,13,8.0820,-6.9564,1.1256,0.25141,AGENT_STOP,1,F0:12|F1:1,5803,0,0,0,0,0,0,0,0,5803,12,0,false,false,32,0.3090,1.0000,18
2026-05-06 02:53:50,run_1778011901552,74,39,11040,v3,16,true,32,55,1,1.8,55,67.8190,-14.0579,53.7611,0.25110,MAX_STEPS,3,F0:35|F1:10|F2:8|F3:2,22296,1,0,0,0,0,0,0,0,22295,52,0,false,false,32,0.3270,1.0000,20
2026-05-06 02:54:11,run_1778011901552,74,49,11050,v3,16,true,32,30,1,3.3,30,23.0914,-10.0703,13.0211,0.25079,AGENT_STOP,2,F0:18|F1:11|F2:1,13875,1,0,0,0,0,0,0,0,13874,26,0,false,false,32,0.3118,1.0000,19
2026-05-06 02:54:31,run_1778011901552,74,59,11060,v3,16,true,32,16,0,0.0,15,10.2228,-9.4818,0.7410,0.25048,AGENT_STOP,1,F0:11|F1:4,6727,0,0,0,0,0,0,0,0,6727,14,0,false,false,32,0.2952,1.0000,19
2026-05-06 02:54:53,run_1778011901552,74,69,11070,v3,16,true,32,17,0,0.0,16,10.6940,-7.7152,2.9788,0.25017,AGENT_STOP,1,F0:14|F1:2,8495,0,0,0,0,0,0,0,0,8495,10,0,false,false,32,0.3002,1.0000,19
2026-05-06 02:55:13,run_1778011901552,74,79,11080,v3,16,true,32,55,1,1.8,55,54.3498,-16.6600,37.6899,0.24986,MAX_STEPS,3,F0:31|F1:13|F2:10|F3:1,24350,1,0,0,0,0,0,0,0,24349,55,0,false,false,32,0.3103,1.0000,20
2026-05-06 02:55:30,run_1778011901552,74,89,11090,v3,16,true,32,11,0,0.0,10,5.8828,-4.1388,1.7440,0.24955,MASK_EMPTY,1,F0:7|F1:3,4856,0,0,0,0,0,1,0,0,4855,12,0,false,false,32,0.2971,1.0000,19
2026-05-06 02:55:45,run_1778011901552,74,99,11100,v3,16,true,32,44,0,0.0,43,45.4976,-7.6899,37.8077,0.24924,AGENT_STOP,2,F0:26|F1:16|F2:1,19916,0,0,0,0,0,0,0,0,19916,37,0,false,false,32,0.2951,1.0000,20
2026-05-06 02:56:02,run_1778011901552,74,109,11110,v3,16,true,32,32,0,0.0,32,30.0859,-5.1905,24.8954,0.24893,AGENT_STOP,2,F0:16|F1:14|F2:2,13806,0,0,0,0,0,0,0,0,13806,22,0,false,false,32,0.2981,1.0000,20
2026-05-06 02:56:21,run_1778011901552,74,119,11120,v3,16,true,32,51,0,0.0,51,58.5561,-7.8875,50.6686,0.24862,MASK_EMPTY,2,F0:36|F1:12|F2:3,21201,0,0,0,0,0,1,0,0,21200,37,0,false,false,32,0.3048,1.0000,20
2026-05-06 02:56:36,run_1778011901552,74,129,11130,v3,16,true,32,12,0,0.0,11,7.1984,-5.3916,1.8068,0.24831,AGENT_STOP,1,F0:7|F1:4,5116,0,0,0,0,0,1,0,0,5115,10,0,false,false,32,0.3128,1.0000,18
2026-05-06 02:56:52,run_1778011901552,74,139,11140,v3,16,true,32,55,0,0.0,59,76.4658,-8.9337,67.5321,0.24801,MAX_STEPS,5,F0:28|F1:15|F2:9|F3:4|F4:2|F5:1,24323,0,0,0,0,0,0,0,0,24323,50,0,false,false,32,0.3348,1.0000,20
2026-05-06 02:57:10,run_1778011901552,74,149,11150,v3,16,true,32,37,0,0.0,38,39.9102,-10.3903,29.5200,0.24770,AGENT_STOP,4,F0:18|F1:4|F2:6|F3:7|F4:3,18226,0,0,0,0,0,1,0,0,18225,42,0,false,false,32,0.3263,1.0000,19
2026-05-06 02:57:26,run_1778011901552,75,9,11160,v3,16,true,32,53,0,0.0,55,64.2140,-10.5345,53.6795,0.24739,AGENT_STOP,5,F0:31|F1:5|F2:5|F3:4|F4:5|F5:5,25440,0,0,0,0,0,0,0,0,25440,48,0,false,false,32,0.3285,1.0000,20
2026-05-06 02:57:42,run_1778011901552,75,19,11170,v3,16,true,32,9,0,0.0,8,4.1720,-7.7210,-3.5490,0.24708,AGENT_STOP,1,F0:7|F1:1,5526,0,0,0,0,0,0,0,0,5526,4,0,false,false,32,0.3020,1.0000,18
2026-05-06 02:58:02,run_1778011901552,75,29,11180,v3,16,true,32,41,3,7.3,38,22.8682,-15.8266,7.0417,0.24678,AGENT_STOP,2,F0:30|F1:7|F2:1,19624,3,0,0,0,0,0,0,0,19621,34,0,false,false,32,0.3103,1.0000,19
2026-05-06 02:58:15,run_1778011901552,75,39,11190,v3,16,true,32,34,0,0.0,34,30.6277,-21.4220,9.2057,0.24647,AGENT_STOP,3,F0:16|F1:5|F2:10|F3:3,17409,0,0,0,0,0,0,0,0,17409,28,0,false,false,32,0.3225,1.0000,19
2026-05-06 02:58:33,run_1778011901552,75,49,11200,v3,16,true,32,38,1,2.6,37,25.4577,-15.2576,10.2001,0.24617,AGENT_STOP,2,F0:18|F1:8|F2:11,18440,1,0,0,0,0,0,0,0,18439,37,0,false,false,32,0.3079,1.0000,19
2026-05-06 02:58:53,run_1778011901552,75,59,11210,v3,16,true,32,22,0,0.0,21,13.5912,-12.5800,1.0112,0.24586,AGENT_STOP,1,F0:17|F1:4,10531,0,0,0,0,0,0,0,0,10531,19,0,false,false,32,0.2853,1.0000,19
2026-05-06 02:59:12,run_1778011901552,75,69,11220,v3,16,true,32,55,0,0.0,57,69.4920,-13.2105,56.2815,0.24556,MAX_STEPS,2,F0:36|F1:13|F2:8,25542,0,0,0,0,0,0,0,0,25542,45,0,false,false,32,0.3205,1.0000,20
2026-05-06 02:59:30,run_1778011901552,75,79,11230,v3,16,true,32,29,0,0.0,28,23.3194,-14.8663,8.4531,0.24525,AGENT_STOP,2,F0:18|F1:6|F2:4,15298,0,0,0,0,0,0,0,0,15298,26,0,false,false,32,0.3202,1.0000,19
2026-05-06 02:59:46,run_1778011901552,75,89,11240,v3,16,true,32,55,1,1.8,55,66.3010,-8.1909,58.1101,0.24495,MAX_STEPS,5,F0:24|F1:9|F2:9|F3:2|F4:9|F5:2,26037,1,0,0,0,0,0,0,0,26036,45,0,false,false,32,0.3254,1.0000,20
2026-05-06 03:00:10,run_1778011901552,75,99,11250,v3,16,true,32,55,0,0.0,56,71.7924,-8.7056,63.0869,0.24465,MAX_STEPS,3,F0:25|F1:19|F2:9|F3:3,25494,0,0,0,0,0,1,0,0,25493,56,0,false,false,32,0.3155,1.0000,20
2026-05-06 03:00:24,run_1778011901552,75,109,11260,v3,16,true,32,22,0,0.0,21,15.0687,-11.1631,3.9056,0.24434,AGENT_STOP,2,F0:12|F1:6|F2:3,10974,0,0,0,0,0,0,0,0,10974,22,0,false,false,32,0.2892,1.0000,20
2026-05-06 03:00:40,run_1778011901552,75,119,11270,v3,16,true,32,6,0,0.0,5,2.9500,-10.1516,-7.2016,0.24404,AGENT_STOP,0,F0:5,3236,0,0,0,0,0,1,0,0,3235,4,0,false,false,32,0.2803,1.0000,15
2026-05-06 03:00:53,run_1778011901552,75,129,11280,v3,16,true,32,10,0,0.0,9,6.2728,-5.2446,1.0282,0.24374,AGENT_STOP,2,F0:5|F1:3|F2:1,5040,0,0,0,0,0,0,0,0,5040,5,0,false,false,32,0.2851,1.0000,18
2026-05-06 03:01:15,run_1778011901552,75,139,11290,v3,16,true,32,55,0,0.0,56,68.4839,-14.6216,53.8623,0.24343,MAX_STEPS,2,F0:38|F1:8|F2:10,26056,0,0,0,0,0,3,0,0,26053,52,0,false,false,32,0.3236,1.0000,19
2026-05-06 03:01:34,run_1778011901552,75,149,11300,v3,16,true,32,10,0,0.0,9,4.6408,-8.9864,-4.3456,0.24313,AGENT_STOP,1,F0:7|F1:2,5503,0,0,0,0,0,0,0,0,5503,4,0,false,false,32,0.3153,1.0000,19
2026-05-06 03:01:48,run_1778011901552,76,9,11310,v3,16,true,32,34,0,0.0,34,31.2164,-7.9579,23.2585,0.24283,MASK_EMPTY,1,F0:23|F1:11,17400,0,0,0,0,0,1,0,0,17399,30,0,false,false,32,0.2994,1.0000,20
2026-05-06 03:01:59,run_1778011901552,76,19,11320,v3,16,true,32,13,1,7.7,11,6.8006,-6.0601,0.7406,0.24253,AGENT_STOP,2,F0:5|F1:5|F2:1,7754,1,0,0,0,0,1,0,0,7752,9,0,false,false,32,0.2822,1.0000,18
2026-05-06 03:02:18,run_1778011901552,76,29,11330,v3,16,true,32,15,0,0.0,14,7.9900,-17.9557,-9.9657,0.24223,AGENT_STOP,1,F0:11|F1:3,8101,0,0,0,0,0,0,0,0,8101,14,0,false,false,32,0.3233,1.0000,19
2026-05-06 03:02:34,run_1778011901552,76,39,11340,v3,16,true,32,9,0,0.0,8,4.3900,-6.6891,-2.2991,0.24193,AGENT_STOP,0,F0:8,5491,0,0,0,0,0,0,0,0,5491,2,0,false,false,32,0.2748,1.0000,15
2026-05-06 03:02:50,run_1778011901552,76,49,11350,v3,16,true,32,55,0,0.0,59,69.9424,-10.0743,59.8681,0.24163,MAX_STEPS,1,F0:37|F1:22,28771,0,0,0,0,0,0,0,0,28771,48,0,false,false,32,0.3092,1.0000,20
2026-05-06 03:03:06,run_1778011901552,76,59,11360,v3,16,true,32,44,0,0.0,44,49.3148,-8.1515,41.1633,0.24133,AGENT_STOP,2,F0:27|F1:15|F2:2,22329,0,0,0,0,0,0,0,0,22329,37,0,false,false,32,0.3055,1.0000,20
2026-05-06 03:03:22,run_1778011901552,76,69,11370,v3,16,true,32,48,0,0.0,47,53.2551,-13.2941,39.9610,0.24103,AGENT_STOP,4,F0:23|F1:9|F2:10|F3:4|F4:1,23488,0,0,0,0,0,2,0,0,23486,40,0,false,false,32,0.3082,1.0000,20
2026-05-06 03:03:37,run_1778011901552,76,79,11380,v3,16,true,32,29,3,10.3,26,17.6844,-15.8471,1.8373,0.24073,AGENT_STOP,2,F0:18|F1:3|F2:5,14703,3,0,0,0,0,0,0,0,14700,23,0,false,false,32,0.2881,1.0000,20
2026-05-06 03:03:49,run_1778011901552,76,89,11390,v3,16,true,32,10,0,0.0,9,4.6220,-9.4371,-4.8151,0.24043,AGENT_STOP,1,F0:8|F1:1,5048,0,0,0,0,0,0,0,0,5048,4,0,false,false,32,0.2926,1.0000,19
2026-05-06 03:04:07,run_1778011901552,76,99,11400,v3,16,true,32,12,0,0.0,11,7.3979,-6.6447,0.7533,0.24014,AGENT_STOP,2,F0:4|F1:3|F2:4,5936,0,0,0,0,0,0,0,0,5936,10,0,false,false,32,0.2946,1.0000,18
2026-05-06 03:04:21,run_1778011901552,76,109,11410,v3,16,true,32,7,0,0.0,6,3.2000,-5.6910,-2.4910,0.23984,AGENT_STOP,0,F0:6,4032,0,0,0,0,0,0,0,0,4032,7,0,false,false,32,0.2836,1.0000,15
2026-05-06 03:04:39,run_1778011901552,76,119,11420,v3,16,true,32,9,0,0.0,8,4.2600,-7.0224,-2.7624,0.23954,AGENT_STOP,0,F0:8,5373,0,0,0,0,0,1,0,0,5372,7,0,false,false,32,0.2839,1.0000,16
2026-05-06 03:04:56,run_1778011901552,76,129,11430,v3,16,true,32,55,0,0.0,55,69.1663,-17.7469,51.4193,0.23924,MAX_STEPS,4,F0:23|F1:13|F2:10|F3:7|F4:2,25799,0,0,0,0,0,0,0,0,25799,37,0,false,false,32,0.3235,1.0000,20
2026-05-06 03:05:13,run_1778011901552,76,139,11440,v3,16,true,32,55,0,0.0,55,70.8290,-13.6805,57.1486,0.23895,MAX_STEPS,2,F0:35|F1:16|F2:4,28362,0,0,0,0,0,0,0,0,28362,44,0,false,false,32,0.3119,1.0000,20
2026-05-06 03:05:26,run_1778011901552,76,149,11450,v3,16,true,32,12,0,0.0,11,6.1720,-7.6689,-1.4969,0.23865,AGENT_STOP,1,F0:10|F1:1,6035,0,0,0,0,0,0,0,0,6035,8,0,false,false,32,0.2996,1.0000,18
2026-05-06 03:05:40,run_1778011901552,77,9,11460,v3,16,true,32,10,0,0.0,9,4.5620,-9.4189,-4.8569,0.23836,AGENT_STOP,1,F0:8|F1:1,5285,0,0,0,0,0,0,0,0,5285,10,0,false,false,32,0.2860,1.0000,19
2026-05-06 03:05:54,run_1778011901552,77,19,11470,v3,16,true,32,28,0,0.0,27,21.9718,-9.5588,12.4130,0.23806,AGENT_STOP,2,F0:12|F1:14|F2:1,14216,0,0,0,0,0,0,0,0,14216,24,0,false,false,32,0.3010,1.0000,19
2026-05-06 03:06:07,run_1778011901552,77,29,11480,v3,16,true,32,9,0,0.0,9,4.8400,-6.4701,-1.6301,0.23777,AGENT_STOP,0,F0:9,5623,0,0,0,0,0,0,0,0,5623,10,0,false,false,32,0.2906,1.0000,15
2026-05-06 03:06:19,run_1778011901552,77,39,11490,v3,16,true,32,38,0,0.0,37,40.0605,-6.4705,33.5900,0.23747,AGENT_STOP,3,F0:16|F1:15|F2:5|F3:1,20262,0,0,0,0,0,0,0,0,20262,35,0,false,false,32,0.3069,1.0000,20
2026-05-06 03:06:35,run_1778011901552,77,49,11500,v3,16,true,32,15,0,0.0,14,9.7502,-8.2806,1.4696,0.23718,AGENT_STOP,2,F0:8|F1:5|F2:1,7361,0,0,0,0,0,0,0,0,7361,11,0,false,false,32,0.2914,1.0000,18
2026-05-06 03:06:48,run_1778011901552,77,59,11510,v3,16,true,32,26,0,0.0,26,21.1488,-9.7472,11.4016,0.23688,AGENT_STOP,2,F0:19|F1:6|F2:1,13797,0,0,0,0,0,0,0,0,13797,20,0,false,false,32,0.3201,1.0000,18
2026-05-06 03:07:04,run_1778011901552,77,69,11520,v3,16,true,32,30,0,0.0,29,23.5726,-11.9146,11.6581,0.23659,AGENT_STOP,2,F0:22|F1:6|F2:1,15501,0,0,0,0,0,0,0,0,15501,26,0,false,false,32,0.3087,1.0000,19
2026-05-06 03:07:21,run_1778011901552,77,79,11530,v3,16,true,32,24,0,0.0,24,17.4164,-11.0618,6.3546,0.23630,AGENT_STOP,2,F0:16|F1:4|F2:4,11548,0,0,0,0,0,0,0,0,11548,22,0,false,false,32,0.2875,1.0000,20
2026-05-06 03:07:41,run_1778011901552,77,89,11540,v3,16,true,32,31,0,0.0,30,30.3082,-7.1382,23.1699,0.23600,AGENT_STOP,3,F0:15|F1:10|F2:4|F3:1,17034,0,0,0,0,0,0,0,0,17034,30,0,false,false,32,0.3333,1.0000,19
2026-05-06 03:08:00,run_1778011901552,77,99,11550,v3,16,true,32,8,0,0.0,7,3.8620,-7.5133,-3.6513,0.23571,AGENT_STOP,1,F0:6|F1:1,3495,0,0,0,0,0,0,0,0,3495,9,0,false,false,32,0.3033,1.0000,19
2026-05-06 03:08:19,run_1778011901552,77,109,11560,v3,16,true,32,10,0,0.0,9,4.3900,-10.3073,-5.9173,0.23542,AGENT_STOP,0,F0:9,5562,0,0,0,0,0,0,0,0,5562,9,0,false,false,32,0.2858,1.0000,16
2026-05-06 03:08:37,run_1778011901552,77,119,11570,v3,16,true,32,39,0,0.0,40,40.4758,-10.4448,30.0310,0.23513,AGENT_STOP,3,F0:18|F1:13|F2:8|F3:1,20095,0,0,0,0,0,0,0,0,20095,31,0,false,false,32,0.3189,1.0000,20
2026-05-06 03:08:52,run_1778011901552,77,129,11580,v3,16,true,32,18,0,0.0,17,11.2779,-12.4686,-1.1907,0.23483,AGENT_STOP,3,F0:10|F1:3|F2:3|F3:1,10000,0,0,0,0,0,0,0,0,10000,19,0,false,false,32,0.2957,1.0000,18
2026-05-06 03:09:07,run_1778011901552,77,139,11590,v3,16,true,32,19,0,0.0,19,12.3720,-9.8616,2.5104,0.23454,AGENT_STOP,1,F0:15|F1:4,10058,0,0,0,0,0,0,0,0,10058,15,0,false,false,32,0.3166,1.0000,18
2026-05-06 03:09:30,run_1778011901552,77,149,11600,v3,16,true,32,22,0,0.0,23,15.6960,-11.7348,3.9612,0.23425,AGENT_STOP,1,F0:19|F1:4,11410,0,0,0,0,0,0,0,0,11410,17,0,false,false,32,0.2900,1.0000,18
2026-05-06 03:09:51,run_1778011901552,78,9,11610,v3,16,true,32,34,0,0.0,33,33.0593,-10.1240,22.9353,0.23396,AGENT_STOP,3,F0:11|F1:8|F2:10|F3:4,18325,0,0,0,0,0,0,0,0,18325,32,0,false,false,32,0.3213,1.0000,20
2026-05-06 03:10:08,run_1778011901552,78,19,11620,v3,16,true,32,12,0,0.0,11,7.1020,-6.2448,0.8572,0.23367,AGENT_STOP,1,F0:10|F1:1,5962,0,0,0,0,0,0,0,0,5962,7,0,false,false,32,0.3059,1.0000,18
2026-05-06 03:10:22,run_1778011901552,78,29,11630,v3,16,true,32,30,0,0.0,30,26.8826,-16.1786,10.7041,0.23338,AGENT_STOP,2,F0:23|F1:6|F2:1,17280,0,0,0,0,0,0,0,0,17280,22,0,false,false,32,0.3126,1.0000,19
2026-05-06 03:10:35,run_1778011901552,78,39,11640,v3,16,true,32,55,9,16.4,46,32.8290,-16.3569,16.4720,0.23309,MAX_STEPS,2,F0:30|F1:10|F2:6,28714,9,0,0,0,0,0,0,0,28705,43,0,false,false,32,0.3097,1.0000,20
2026-05-06 03:10:47,run_1778011901552,78,49,11650,v3,16,true,32,29,0,0.0,29,23.9595,-12.5465,11.4130,0.23280,AGENT_STOP,3,F0:15|F1:10|F2:3|F3:1,14793,0,0,0,0,0,0,0,0,14793,27,0,false,false,32,0.2984,1.0000,19
2026-05-06 03:11:00,run_1778011901552,78,59,11660,v3,16,true,32,14,0,0.0,13,7.8828,-10.5931,-2.7103,0.23252,AGENT_STOP,1,F0:10|F1:3,7506,0,0,0,0,0,0,0,0,7506,12,0,false,false,32,0.2998,1.0000,19
2026-05-06 03:11:15,run_1778011901552,78,69,11670,v3,16,true,32,15,0,0.0,14,8.8260,-10.7825,-1.9565,0.23223,AGENT_STOP,1,F0:11|F1:3,7766,0,0,0,0,0,0,0,0,7766,10,0,false,false,32,0.3082,1.0000,18
2026-05-06 03:11:31,run_1778011901552,78,79,11680,v3,16,true,32,33,0,0.0,33,29.6574,-19.1198,10.5375,0.23194,AGENT_STOP,2,F0:23|F1:7|F2:3,17508,0,0,0,0,0,0,0,0,17508,24,0,false,false,32,0.3217,1.0000,19
2026-05-06 03:11:48,run_1778011901552,78,89,11690,v3,16,true,32,10,0,0.0,9,5.4640,-6.2229,-0.7589,0.23165,AGENT_STOP,1,F0:7|F1:2,5900,0,0,0,0,0,0,0,0,5900,5,0,false,false,32,0.2984,1.0000,18
2026-05-06 03:12:09,run_1778011901552,78,99,11700,v3,16,true,32,55,1,1.8,56,71.5120,-9.3463,62.1657,0.23137,MAX_STEPS,3,F0:24|F1:14|F2:13|F3:5,27620,1,0,0,0,0,0,0,0,27619,51,0,false,false,32,0.3272,1.0000,19
2026-05-06 03:12:27,run_1778011901552,78,109,11710,v3,16,true,32,21,1,4.8,19,13.6484,-5.1178,8.5306,0.23108,AGENT_STOP,2,F0:9|F1:3|F2:7,11452,1,0,0,0,0,0,0,0,11451,17,0,false,false,32,0.2990,1.0000,19
2026-05-06 03:12:46,run_1778011901552,78,119,11720,v3,16,true,32,39,0,0.0,40,38.5840,-19.9009,18.6831,0.23079,AGENT_STOP,2,F0:30|F1:8|F2:2,20486,0,0,0,0,0,1,0,0,20485,37,0,false,false,32,0.3298,1.0000,19
2026-05-06 03:13:02,run_1778011901552,78,129,11730,v3,16,true,32,6,0,0.0,5,2.5900,-10.1516,-7.5616,0.23051,AGENT_STOP,0,F0:5,3796,0,0,0,0,0,0,0,0,3796,6,0,false,false,32,0.2803,1.0000,15
2026-05-06 03:13:16,run_1778011901552,78,139,11740,v3,16,true,32,13,0,0.0,12,8.3078,-5.4993,2.8086,0.23022,AGENT_STOP,2,F0:7|F1:4|F2:1,8472,0,0,0,0,0,0,0,0,8472,11,0,false,false,32,0.3082,1.0000,18
2026-05-06 03:13:38,run_1778011901552,78,149,11750,v3,16,true,32,18,0,0.0,17,11.8060,-10.5910,1.2150,0.22993,AGENT_STOP,3,F0:8|F1:4|F2:3|F3:2,10416,0,0,0,0,0,0,0,0,10416,18,0,false,false,32,0.2985,1.0000,19
2026-05-06 03:13:55,run_1778011901552,79,9,11760,v3,16,true,32,12,0,0.0,11,6.6300,-7.8020,-1.1720,0.22965,AGENT_STOP,0,F0:11,5724,0,0,0,0,0,1,0,0,5723,11,0,false,false,32,0.2723,1.0000,16
2026-05-06 03:14:13,run_1778011901552,79,19,11770,v3,16,true,32,26,0,0.0,25,19.3241,-31.2647,-11.9406,0.22937,AGENT_STOP,2,F0:16|F1:6|F2:3,13939,0,0,0,0,0,0,0,0,13939,23,0,false,false,32,0.3161,1.0000,19
2026-05-06 03:14:31,run_1778011901552,79,29,11780,v3,16,true,32,17,0,0.0,16,10.4736,-11.8541,-1.3805,0.22908,AGENT_STOP,1,F0:9|F1:7,9301,0,0,0,0,0,0,0,0,9301,12,0,false,false,32,0.2983,1.0000,19
2026-05-06 03:14:51,run_1778011901552,79,39,11790,v3,16,true,32,21,0,0.0,21,15.7773,-9.9416,5.8357,0.22880,AGENT_STOP,3,F0:13|F1:4|F2:3|F3:1,11525,0,0,0,0,0,0,0,0,11525,17,0,false,false,32,0.3083,1.0000,18
2026-05-06 03:15:07,run_1778011901552,79,49,11800,v3,16,true,32,41,0,0.0,40,40.3382,-15.4879,24.8503,0.22851,AGENT_STOP,2,F0:30|F1:7|F2:3,21401,0,0,0,0,0,0,0,0,21401,40,0,false,false,32,0.3124,1.0000,19
2026-05-06 03:15:21,run_1778011901552,79,59,11810,v3,16,true,32,20,0,0.0,19,12.8476,-11.0760,1.7716,0.22823,AGENT_STOP,1,F0:14|F1:5,10201,0,0,0,0,0,0,0,0,10201,16,0,false,false,32,0.3110,1.0000,19
2026-05-06 03:15:33,run_1778011901552,79,69,11820,v3,16,true,32,38,0,0.0,37,36.8407,-15.1752,21.6655,0.22795,AGENT_STOP,3,F0:29|F1:2|F2:2|F3:4,19919,0,0,0,0,0,0,0,0,19919,33,0,false,false,32,0.3189,1.0000,20
2026-05-06 03:15:48,run_1778011901552,79,79,11830,v3,16,true,32,8,0,0.0,7,3.6000,-6.8844,-3.2844,0.22766,AGENT_STOP,0,F0:7,3822,0,0,0,0,0,0,0,0,3822,4,0,false,false,32,0.2694,1.0000,15
2026-05-06 03:16:06,run_1778011901552,79,89,11840,v3,16,true,32,40,0,0.0,41,41.1229,-9.5864,31.5365,0.22738,AGENT_STOP,2,F0:24|F1:14|F2:3,21277,0,0,0,0,0,0,0,0,21277,37,0,false,false,32,0.3089,1.0000,19
2026-05-06 03:16:26,run_1778011901552,79,99,11850,v3,16,true,32,55,4,7.3,52,46.8839,-14.3033,32.5807,0.22710,MAX_STEPS,3,F0:33|F1:7|F2:9|F3:3,28933,4,0,0,0,0,0,0,0,28929,50,0,false,false,32,0.3131,1.0000,20
2026-05-06 03:16:44,run_1778011901552,79,109,11860,v3,16,true,32,55,0,0.0,58,69.9090,-6.5306,63.3784,0.22682,MAX_STEPS,2,F0:40|F1:17|F2:1,28074,0,0,0,0,0,2,0,0,28072,46,0,false,false,32,0.3192,1.0000,19
2026-05-06 03:16:58,run_1778011901552,79,119,11870,v3,16,true,32,17,0,0.0,16,11.5168,-7.2379,4.2789,0.22654,AGENT_STOP,2,F0:8|F1:7|F2:1,10146,0,0,0,0,0,0,0,0,10146,13,0,false,false,32,0.3215,1.0000,19
2026-05-06 03:17:19,run_1778011901552,79,129,11880,v3,16,true,32,51,1,2.0,50,48.0129,-9.4177,38.5952,0.22626,AGENT_STOP,2,F0:30|F1:15|F2:5,27585,1,0,0,0,0,1,0,0,27583,50,0,false,false,32,0.3165,1.0000,19
2026-05-06 03:17:35,run_1778011901552,79,139,11890,v3,16,true,32,7,0,0.0,6,2.6220,-8.8536,-6.2316,0.22598,AGENT_STOP,1,F0:5|F1:1,3687,0,0,0,0,0,0,0,0,3687,5,0,false,false,32,0.2873,1.0000,18
2026-05-06 03:17:54,run_1778011901552,79,149,11900,v3,16,true,32,29,0,0.0,28,22.7068,-10.4996,12.2072,0.22570,AGENT_STOP,1,F0:23|F1:5,16087,0,0,0,0,0,2,0,0,16085,31,0,false,false,32,0.2900,1.0000,20
2026-05-06 03:18:03,run_1778011901552,80,9,11910,v3,16,true,32,15,0,0.0,14,8.4000,-9.8249,-1.4249,0.22542,AGENT_STOP,0,F0:14,7540,0,0,0,0,0,0,0,0,7540,15,0,false,false,32,0.2716,1.0000,16
2026-05-06 03:18:22,run_1778011901552,80,19,11920,v3,16,true,32,51,0,0.0,51,62.2945,-13.0378,49.2567,0.22514,AGENT_STOP,3,F0:27|F1:14|F2:4|F3:6,26183,0,0,0,0,0,3,0,0,26180,48,0,false,false,32,0.3174,1.0000,20
2026-05-06 03:18:41,run_1778011901552,80,29,11930,v3,16,true,32,55,0,0.0,58,75.4071,-16.4469,58.9601,0.22486,MAX_STEPS,4,F0:28|F1:11|F2:5|F3:12|F4:2,29515,0,0,0,0,0,0,0,0,29515,49,0,false,false,32,0.3254,1.0000,20
2026-05-06 03:18:56,run_1778011901552,80,39,11940,v3,16,true,32,24,0,0.0,24,17.2107,-11.4333,5.7775,0.22458,AGENT_STOP,2,F0:17|F1:6|F2:1,12299,0,0,0,0,0,0,0,0,12299,19,0,false,false,32,0.3052,1.0000,20
2026-05-06 03:19:15,run_1778011901552,80,49,11950,v3,16,true,32,55,2,3.6,55,75.5535,-8.0843,67.4692,0.22430,MAX_STEPS,5,F0:23|F1:9|F2:3|F3:10|F4:9|F5:1,30656,2,0,0,0,0,3,0,0,30651,47,0,false,false,32,0.3350,1.0000,20
2026-05-06 03:19:32,run_1778011901552,80,59,11960,v3,16,true,32,55,0,0.0,57,71.0694,-15.5145,55.5549,0.22402,MAX_STEPS,3,F0:29|F1:13|F2:8|F3:7,29403,0,0,0,0,0,3,0,0,29400,84,0,false,false,32,0.3302,1.0000,19
2026-05-06 03:19:51,run_1778011901552,80,69,11970,v3,16,true,32,29,0,0.0,30,24.2228,-10.5637,13.6591,0.22375,AGENT_STOP,1,F0:21|F1:9,16278,0,0,0,0,0,1,0,0,16277,21,0,false,false,32,0.3058,1.0000,19
2026-05-06 03:20:06,run_1778011901552,80,79,11980,v3,16,true,32,55,0,0.0,55,69.5404,-14.6543,54.8861,0.22347,MAX_STEPS,3,F0:32|F1:12|F2:9|F3:2,27493,0,0,0,0,0,0,0,0,27493,45,0,false,false,32,0.3165,1.0000,20
2026-05-06 03:20:19,run_1778011901552,80,89,11990,v3,16,true,32,27,0,0.0,26,20.6942,-12.5826,8.1117,0.22319,AGENT_STOP,2,F0:19|F1:6|F2:1,14594,0,0,0,0,0,1,0,0,14593,24,0,false,false,32,0.2970,1.0000,20
2026-05-06 03:20:34,run_1778011901552,80,99,12000,v3,16,true,32,9,0,0.0,8,4.5080,-6.3569,-1.8489,0.22291,AGENT_STOP,1,F0:6|F1:2,5527,0,0,0,0,0,0,0,0,5527,5,0,false,false,32,0.2731,1.0000,18
2026-05-06 03:20:45,run_1778011901552,80,109,12010,v3,16,true,32,55,0,0.0,57,74.2535,-10.3650,63.8885,0.22264,MAX_STEPS,2,F0:36|F1:14|F2:7,29070,0,0,0,0,0,2,0,0,29068,55,0,false,false,32,0.3224,1.0000,20
2026-05-06 03:20:58,run_1778011901552,80,119,12020,v3,16,true,32,11,0,0.0,10,5.3742,-7.2400,-1.8657,0.22236,AGENT_STOP,2,F0:5|F1:4|F2:1,5883,0,0,0,0,0,0,0,0,5883,9,0,false,false,32,0.2875,1.0000,19
2026-05-06 03:21:17,run_1778011901552,80,129,12030,v3,16,true,32,40,0,0.0,39,40.9953,-11.6915,29.3038,0.22209,AGENT_STOP,4,F0:20|F1:8|F2:5|F3:5|F4:1,20808,0,0,0,0,0,0,0,0,20808,37,0,false,false,32,0.3177,1.0000,20
2026-05-06 03:21:34,run_1778011901552,80,139,12040,v3,16,true,32,30,0,0.0,29,28.3872,-1.5741,26.8131,0.22181,AGENT_STOP,2,F0:19|F1:9|F2:1,16724,0,0,0,0,0,1,0,0,16723,26,0,false,false,32,0.3013,1.0000,18
2026-05-06 03:21:50,run_1778011901552,80,149,12050,v3,16,true,32,8,0,0.0,7,3.7400,-5.6449,-1.9049,0.22154,AGENT_STOP,0,F0:7,3838,0,0,0,0,0,0,0,0,3838,6,0,false,false,32,0.2607,1.0000,15
2026-05-06 03:22:00,run_1778011901552,81,9,12060,v3,16,true,32,10,0,0.0,9,5.4200,-5.2600,0.1600,0.22126,AGENT_STOP,0,F0:9,5914,0,0,0,0,0,0,0,0,5914,7,0,false,false,32,0.2875,1.0000,15
2026-05-06 03:22:16,run_1778011901552,81,19,12070,v3,16,true,32,6,0,0.0,5,2.9720,-10.1516,-7.1796,0.22099,AGENT_STOP,1,F0:4|F1:1,3881,0,0,0,0,0,0,0,0,3881,4,0,false,false,32,0.2856,1.0000,18
2026-05-06 03:22:41,run_1778011901552,81,29,12080,v3,16,true,32,55,2,3.6,55,68.5526,-25.3705,43.1820,0.22071,MAX_STEPS,5,F0:18|F1:5|F2:4|F3:13|F4:10|F5:5,28925,2,0,0,0,0,0,0,0,28923,51,0,false,false,32,0.3339,1.0000,20
2026-05-06 03:23:01,run_1778011901552,81,39,12090,v3,16,true,32,55,1,1.8,58,54.6056,-20.6340,33.9716,0.22044,MAX_STEPS,4,F0:32|F1:13|F2:8|F3:3|F4:2,31909,1,0,0,0,0,1,0,0,31907,54,0,false,false,32,0.3432,1.0000,20
2026-05-06 03:23:21,run_1778011901552,81,49,12100,v3,16,true,32,29,0,0.0,28,21.3377,-14.4960,6.8418,0.22017,MASK_EMPTY,2,F0:22|F1:3|F2:3,13886,0,0,0,0,0,1,0,0,13885,27,0,false,false,32,0.2984,1.0000,20
2026-05-06 03:23:38,run_1778011901552,81,59,12110,v3,16,true,32,30,0,0.0,29,26.0456,-9.9786,16.0670,0.21989,AGENT_STOP,2,F0:19|F1:7|F2:3,15856,0,0,0,0,0,1,0,0,15855,35,0,false,false,32,0.2929,1.0000,19
2026-05-06 03:23:59,run_1778011901552,81,69,12120,v3,16,true,32,55,1,1.8,56,53.4384,-12.5862,40.8522,0.21962,MAX_STEPS,2,F0:29|F1:18|F2:9,29323,1,0,0,0,0,0,0,0,29322,52,0,false,false,32,0.3130,1.0000,20
2026-05-06 03:24:14,run_1778011901552,81,79,12130,v3,16,true,32,21,0,0.0,22,14.3164,-10.4495,3.8669,0.21935,AGENT_STOP,1,F0:14|F1:8,11618,0,0,0,0,0,0,0,0,11618,19,0,false,false,32,0.2826,1.0000,20
2026-05-06 03:24:31,run_1778011901552,81,89,12140,v3,16,true,32,24,0,0.0,23,17.2975,-9.0407,8.2568,0.21908,AGENT_STOP,2,F0:13|F1:8|F2:2,11411,0,0,0,0,0,0,0,0,11411,19,0,false,false,32,0.2854,1.0000,20
2026-05-06 03:24:50,run_1778011901552,81,99,12150,v3,16,true,32,55,0,0.0,56,70.5524,-15.9000,54.6523,0.21881,MAX_STEPS,3,F0:35|F1:13|F2:5|F3:3,29317,0,0,0,0,0,0,0,0,29317,47,0,false,false,32,0.3193,1.0000,20
2026-05-06 03:25:00,run_1778011901552,81,109,12160,v3,16,true,32,12,0,0.0,11,6.7068,-7.2519,-0.5451,0.21853,AGENT_STOP,1,F0:8|F1:3,6161,0,0,0,0,0,0,0,0,6161,11,0,false,false,32,0.3211,1.0000,19
2026-05-06 03:25:17,run_1778011901552,81,119,12170,v3,16,true,32,46,0,0.0,46,50.4293,-11.7770,38.6523,0.21826,AGENT_STOP,2,F0:27|F1:17|F2:2,23534,0,0,0,0,0,1,0,0,23533,39,0,false,false,32,0.3064,1.0000,20
2026-05-06 03:25:33,run_1778011901552,81,129,12180,v3,16,true,32,15,0,0.0,15,9.5719,-5.7638,3.8081,0.21799,AGENT_STOP,2,F0:7|F1:5|F2:3,7844,0,0,0,0,0,0,0,0,7844,13,0,false,false,32,0.2900,1.0000,19
2026-05-06 03:25:49,run_1778011901552,81,139,12190,v3,16,true,32,32,0,0.0,31,28.8272,-7.2950,21.5323,0.21772,AGENT_STOP,2,F0:14|F1:7|F2:10,16489,0,0,0,0,0,0,0,0,16489,27,0,false,false,32,0.2922,1.0000,19
2026-05-06 03:26:04,run_1778011901552,81,149,12200,v3,16,true,32,25,0,0.0,24,21.4154,-6.0296,15.3858,0.21745,AGENT_STOP,2,F0:10|F1:6|F2:8,14662,0,0,0,0,0,0,0,0,14662,22,0,false,false,32,0.2991,1.0000,18
2026-05-06 03:26:22,run_1778011901552,82,9,12210,v3,16,true,32,10,0,0.0,9,4.7740,-7.2379,-2.4639,0.21718,AGENT_STOP,1,F0:7|F1:2,5923,0,0,0,0,0,0,0,0,5923,4,0,false,false,32,0.3116,1.0000,18
2026-05-06 03:26:40,run_1778011901552,82,19,12220,v3,16,true,32,36,0,0.0,36,33.7189,-16.7832,16.9357,0.21691,AGENT_STOP,4,F0:19|F1:6|F2:6|F3:4|F4:1,18218,0,0,0,0,0,1,0,0,18217,33,0,false,false,32,0.3148,1.0000,20
2026-05-06 03:26:57,run_1778011901552,82,29,12230,v3,16,true,32,14,0,0.0,13,8.7727,-7.3945,1.3783,0.21665,AGENT_STOP,2,F0:9|F1:2|F2:2,7707,0,0,0,0,0,0,0,0,7707,13,0,false,false,32,0.3078,1.0000,19
2026-05-06 03:27:15,run_1778011901552,82,39,12240,v3,16,true,32,55,0,0.0,56,68.6684,-21.5174,47.1510,0.21638,MAX_STEPS,2,F0:33|F1:20|F2:3,28935,0,0,0,0,0,0,0,0,28935,54,0,false,false,32,0.3121,1.0000,20
2026-05-06 03:27:33,run_1778011901552,82,49,12250,v3,16,true,32,55,0,0.0,55,71.6524,-8.5272,63.1252,0.21611,MAX_STEPS,2,F0:33|F1:10|F2:12,26793,0,0,0,0,0,0,0,0,26793,78,0,false,false,32,0.3134,1.0000,19
2026-05-06 03:27:49,run_1778011901552,82,59,12260,v3,16,true,32,55,0,0.0,58,72.9105,-9.0163,63.8942,0.21584,MAX_STEPS,4,F0:28|F1:15|F2:5|F3:8|F4:2,28720,0,0,0,0,0,1,0,0,28719,50,0,false,false,32,0.3234,1.0000,20
2026-05-06 03:28:04,run_1778011901552,82,69,12270,v3,16,true,32,37,0,0.0,37,36.0765,-10.1941,25.8824,0.21557,AGENT_STOP,3,F0:20|F1:13|F2:3|F3:1,19438,0,0,0,0,0,0,0,0,19438,27,0,false,false,32,0.3079,1.0000,20
2026-05-06 03:28:21,run_1778011901552,82,79,12280,v3,16,true,32,20,0,0.0,21,13.5824,-11.9880,1.5944,0.21531,AGENT_STOP,1,F0:14|F1:7,9791,0,0,0,0,0,0,0,0,9791,49,0,false,false,32,0.3008,1.0000,19
2026-05-06 03:28:39,run_1778011901552,82,89,12290,v3,16,true,32,11,0,0.0,10,6.2600,-5.1380,1.1220,0.21504,AGENT_STOP,0,F0:10,5692,0,0,0,0,0,1,0,0,5691,5,0,false,false,32,0.2847,1.0000,15
2026-05-06 03:28:57,run_1778011901552,82,99,12300,v3,16,true,32,16,0,0.0,15,10.6468,-7.0763,3.5705,0.21477,AGENT_STOP,2,F0:12|F1:2|F2:1,8285,0,0,0,0,0,0,0,0,8285,12,0,false,false,32,0.3133,1.0000,19
2026-05-06 03:29:12,run_1778011901552,82,109,12310,v3,16,true,32,22,0,0.0,21,16.2500,-6.5290,9.7210,0.21451,AGENT_STOP,1,F0:10|F1:11,12943,0,0,0,0,0,0,0,0,12943,22,0,false,false,32,0.2909,1.0000,20
2026-05-06 03:29:34,run_1778011901552,82,119,12320,v3,16,true,32,55,0,0.0,58,69.6131,-13.0234,56.5897,0.21424,MAX_STEPS,3,F0:33|F1:17|F2:6|F3:2,25478,0,0,0,0,0,0,0,0,25478,45,0,false,false,32,0.3134,1.0000,20
2026-05-06 03:29:49,run_1778011901552,82,129,12330,v3,16,true,32,31,0,0.0,31,28.0084,-9.8891,18.1193,0.21398,AGENT_STOP,3,F0:15|F1:8|F2:6|F3:2,15178,0,0,0,0,0,0,0,0,15178,24,0,false,false,32,0.3216,1.0000,20
2026-05-06 03:30:13,run_1778011901552,82,139,12340,v3,16,true,32,42,0,0.0,43,44.5048,-9.6604,34.8444,0.21371,AGENT_STOP,2,F0:33|F1:9|F2:1,24613,0,0,0,0,0,0,0,0,24613,37,0,false,false,32,0.3417,1.0000,19
2026-05-06 03:30:34,run_1778011901552,82,149,12350,v3,16,true,32,55,0,0.0,58,71.4622,-32.2625,39.1996,0.21345,MAX_STEPS,4,F0:25|F1:10|F2:8|F3:9|F4:6,28903,0,0,0,0,0,0,0,0,28903,50,0,false,false,32,0.3262,1.0000,20
2026-05-06 03:30:54,run_1778011901552,83,9,12360,v3,16,true,32,11,0,0.0,10,5.7008,-11.6008,-5.9000,0.21318,AGENT_STOP,1,F0:8|F1:2,5775,0,0,0,0,0,0,0,0,5775,8,0,false,false,32,0.2895,1.0000,18
2026-05-06 03:31:10,run_1778011901552,83,19,12370,v3,16,true,32,16,0,0.0,15,11.9028,-4.6659,7.2369,0.21292,AGENT_STOP,2,F0:7|F1:6|F2:2,8481,0,0,0,0,0,0,0,0,8481,17,0,false,false,32,0.2974,1.0000,18
2026-05-06 03:31:24,run_1778011901552,83,29,12380,v3,16,true,32,9,0,0.0,8,4.1800,-8.5999,-4.4199,0.21265,AGENT_STOP,0,F0:8,5638,0,0,0,0,0,0,0,0,5638,7,0,false,false,32,0.2821,1.0000,15
2026-05-06 03:31:41,run_1778011901552,83,39,12390,v3,16,true,32,55,0,0.0,58,71.4509,-6.2674,65.1835,0.21239,MAX_STEPS,3,F0:31|F1:20|F2:5|F3:2,29620,0,0,0,0,0,1,0,0,29619,42,0,false,false,32,0.3312,1.0000,19
2026-05-06 03:32:00,run_1778011901552,83,49,12400,v3,16,true,32,55,0,0.0,56,73.9427,-9.3606,64.5821,0.21213,MAX_STEPS,3,F0:30|F1:9|F2:10|F3:7,27919,0,0,0,0,0,0,0,0,27919,52,0,false,false,32,0.3173,1.0000,19
2026-05-06 03:32:20,run_1778011901552,83,59,12410,v3,16,true,32,55,0,0.0,57,70.6386,-20.6021,50.0364,0.21186,MAX_STEPS,3,F0:25|F1:14|F2:11|F3:7,28862,0,0,0,0,0,0,0,0,28862,49,0,false,false,32,0.3144,1.0000,20
2026-05-06 03:32:36,run_1778011901552,83,69,12420,v3,16,true,32,8,0,0.0,7,3.6108,-6.9467,-3.3359,0.21160,AGENT_STOP,1,F0:5|F1:2,3852,0,0,0,0,0,0,0,0,3852,6,0,false,false,32,0.2932,1.0000,18
2026-05-06 03:32:54,run_1778011901552,83,79,12430,v3,16,true,32,20,0,0.0,19,12.7768,-11.5819,1.1949,0.21134,AGENT_STOP,1,F0:16|F1:3,10571,0,0,0,0,0,0,0,0,10571,17,0,false,false,32,0.3168,1.0000,19
2026-05-06 03:33:13,run_1778011901552,83,89,12440,v3,16,true,32,34,0,0.0,34,32.3238,-8.9083,23.4155,0.21108,AGENT_STOP,3,F0:20|F1:7|F2:6|F3:1,18771,0,0,0,0,0,0,0,0,18771,32,0,false,false,32,0.3224,1.0000,20
2026-05-06 03:33:28,run_1778011901552,83,99,12450,v3,16,true,32,16,0,0.0,15,10.5168,-8.1906,2.3262,0.21081,AGENT_STOP,1,F0:12|F1:3,8209,0,0,0,0,0,0,0,0,8209,15,0,false,false,32,0.3260,1.0000,19
2026-05-06 03:33:46,run_1778011901552,83,109,12460,v3,16,true,32,34,0,0.0,34,28.5808,-16.7940,11.7868,0.21055,AGENT_STOP,2,F0:27|F1:4|F2:3,17862,0,0,0,0,0,0,0,0,17862,35,0,false,false,32,0.3061,1.0000,19
2026-05-06 03:34:03,run_1778011901552,83,119,12470,v3,16,true,32,38,0,0.0,37,37.1674,-13.6732,23.4942,0.21029,AGENT_STOP,4,F0:19|F1:9|F2:4|F3:4|F4:1,20438,0,0,0,0,0,0,0,0,20438,32,0,false,false,32,0.3194,1.0000,20
2026-05-06 03:34:16,run_1778011901552,83,129,12480,v3,16,true,32,24,0,0.0,24,18.4508,-9.9717,8.4791,0.21003,AGENT_STOP,2,F0:16|F1:7|F2:1,12417,0,0,0,0,0,0,0,0,12417,21,0,false,false,32,0.3167,1.0000,19
2026-05-06 03:34:34,run_1778011901552,83,139,12490,v3,16,true,32,45,0,0.0,45,48.9655,-10.1479,38.8176,0.20977,AGENT_STOP,3,F0:26|F1:9|F2:9|F3:1,25121,0,0,0,0,0,0,0,0,25121,40,0,false,false,32,0.3057,1.0000,18
2026-05-06 03:34:54,run_1778011901552,83,149,12500,v3,16,true,32,15,0,0.0,14,9.6476,-6.8193,2.8283,0.20951,AGENT_STOP,2,F0:7|F1:4|F2:3,7593,0,0,0,0,0,0,0,0,7593,12,0,false,false,32,0.2853,1.0000,18
2026-05-06 03:35:13,run_1778011901552,84,9,12510,v3,16,true,32,53,0,0.0,55,64.3427,-18.6310,45.7117,0.20925,AGENT_STOP,3,F0:37|F1:8|F2:4|F3:6,28380,0,0,0,0,0,0,0,0,28380,49,0,false,false,32,0.3233,1.0000,20
2026-05-06 03:35:32,run_1778011901552,84,19,12520,v3,16,true,32,34,0,0.0,33,33.3335,-5.5567,27.7768,0.20899,AGENT_STOP,3,F0:11|F1:11|F2:3|F3:8,17534,0,0,0,0,0,0,0,0,17534,30,0,false,false,32,0.3047,1.0000,20
2026-05-06 03:35:49,run_1778011901552,84,29,12530,v3,16,true,32,49,2,4.1,46,42.0420,-17.5268,24.5152,0.20873,AGENT_STOP,2,F0:30|F1:11|F2:5,26114,2,0,0,0,0,0,0,0,26112,41,0,false,false,32,0.3147,1.0000,19
2026-05-06 03:36:03,run_1778011901552,84,39,12540,v3,16,true,32,36,0,0.0,37,35.8402,-10.5930,25.2471,0.20847,AGENT_STOP,3,F0:19|F1:7|F2:8|F3:3,17703,0,0,0,0,0,0,0,0,17703,36,0,false,false,32,0.3241,1.0000,19
2026-05-06 03:36:24,run_1778011901552,84,49,12550,v3,16,true,32,55,0,0.0,58,71.2371,-13.4433,57.7938,0.20822,MAX_STEPS,3,F0:33|F1:13|F2:7|F3:5,28460,0,0,0,0,0,1,0,0,28459,52,0,false,false,32,0.3115,1.0000,20
2026-05-06 03:36:45,run_1778011901552,84,59,12560,v3,16,true,32,55,1,1.8,55,63.5884,-8.1554,55.4330,0.20796,MAX_STEPS,2,F0:26|F1:16|F2:13,28657,1,0,0,0,0,0,0,0,28656,57,0,false,false,32,0.3165,1.0000,19
2026-05-06 03:36:59,run_1778011901552,84,69,12570,v3,16,true,32,43,0,0.0,42,41.7127,-20.7516,20.9611,0.20770,AGENT_STOP,2,F0:24|F1:9|F2:9,23221,0,0,0,0,0,0,0,0,23221,39,0,false,false,32,0.3037,1.0000,20
2026-05-06 03:37:17,run_1778011901552,84,79,12580,v3,16,true,32,16,0,0.0,15,10.9184,-4.7886,6.1298,0.20744,AGENT_STOP,2,F0:5|F1:9|F2:1,8116,0,0,0,0,0,0,0,0,8116,14,0,false,false,32,0.2845,1.0000,19
2026-05-06 03:37:35,run_1778011901552,84,89,12590,v3,16,true,32,55,1,1.8,55,46.3218,-8.2883,38.0336,0.20719,MAX_STEPS,3,F0:30|F1:15|F2:6|F3:4,28532,1,0,0,0,0,0,0,0,28531,56,0,false,false,32,0.3069,1.0000,20
2026-05-06 03:37:52,run_1778011901552,84,99,12600,v3,16,true,32,41,0,0.0,40,45.6592,-12.9845,32.6747,0.20693,AGENT_STOP,3,F0:16|F1:12|F2:7|F3:5,22994,0,0,0,0,0,0,0,0,22994,38,0,false,false,32,0.3099,1.0000,20
2026-05-06 03:38:10,run_1778011901552,84,109,12610,v3,16,true,32,55,1,1.8,55,58.4986,-10.2306,48.2680,0.20667,MAX_STEPS,3,F0:26|F1:12|F2:13|F3:4,28497,1,0,0,0,0,3,0,0,28493,53,0,false,false,32,0.3231,1.0000,20
2026-05-06 03:38:34,run_1778011901552,84,119,12620,v3,16,true,32,46,0,0.0,47,50.4079,-15.1796,35.2282,0.20642,AGENT_STOP,3,F0:32|F1:10|F2:4|F3:1,24795,0,0,0,0,0,0,0,0,24795,42,0,false,false,32,0.3258,1.0000,19
2026-05-06 03:38:49,run_1778011901552,84,129,12630,v3,16,true,32,36,0,0.0,35,35.1930,-12.1009,23.0921,0.20616,AGENT_STOP,2,F0:22|F1:7|F2:6,18145,0,0,0,0,0,0,0,0,18145,33,0,false,false,32,0.3120,1.0000,20
2026-05-06 03:39:08,run_1778011901552,84,139,12640,v3,16,true,32,7,0,0.0,6,3.7700,-4.9357,-1.1657,0.20590,AGENT_STOP,0,F0:6,3920,0,0,0,0,0,0,0,0,3920,6,0,false,false,32,0.2742,1.0000,15
2026-05-06 03:39:26,run_1778011901552,84,149,12650,v3,16,true,32,53,0,0.0,53,61.6484,-12.9938,48.6546,0.20565,AGENT_STOP,2,F0:26|F1:19|F2:8,28251,0,0,0,0,0,1,0,0,28250,52,0,false,false,32,0.3070,1.0000,20
2026-05-06 03:39:45,run_1778011901552,85,9,12660,v3,16,true,32,35,0,0.0,36,34.6564,-8.7093,25.9471,0.20539,AGENT_STOP,2,F0:21|F1:12|F2:3,19448,0,0,0,0,0,1,0,0,19447,32,0,false,false,32,0.3150,1.0000,19
2026-05-06 03:40:00,run_1778011901552,85,19,12670,v3,16,true,32,28,0,0.0,27,20.9980,-13.5541,7.4439,0.20514,AGENT_STOP,1,F0:22|F1:5,14167,0,0,0,0,0,1,0,0,14166,22,0,false,false,32,0.2899,1.0000,18
2026-05-06 03:40:13,run_1778011901552,85,29,12680,v3,16,true,32,6,0,0.0,5,2.5900,-10.1516,-7.5616,0.20489,AGENT_STOP,0,F0:5,3552,0,0,0,0,0,0,0,0,3552,9,0,false,false,32,0.2803,1.0000,15
2026-05-06 03:40:25,run_1778011901552,85,39,12690,v3,16,true,32,50,1,2.0,50,43.4051,-12.5900,30.8151,0.20463,AGENT_STOP,2,F0:25|F1:14|F2:11,25879,1,0,0,0,0,0,0,0,25878,43,0,false,false,32,0.3068,1.0000,20
2026-05-06 03:40:48,run_1778011901552,85,49,12700,v3,16,true,32,41,0,0.0,41,44.4158,-6.5214,37.8945,0.20438,AGENT_STOP,5,F0:22|F1:9|F2:2|F3:4|F4:3|F5:1,23068,0,0,0,0,0,0,0,0,23068,40,0,false,false,32,0.3270,1.0000,19
2026-05-06 03:41:02,run_1778011901552,85,59,12710,v3,16,true,32,23,0,0.0,22,16.5556,-7.4856,9.0700,0.20412,AGENT_STOP,1,F0:16|F1:6,12682,0,0,0,0,0,0,0,0,12682,22,0,false,false,32,0.3125,1.0000,19
2026-05-06 03:41:20,run_1778011901552,85,69,12720,v3,16,true,32,6,0,0.0,5,2.9500,-10.1516,-7.2016,0.20387,AGENT_STOP,0,F0:5,3665,0,0,0,0,0,0,0,0,3665,2,0,false,false,32,0.2803,1.0000,15
2026-05-06 03:41:42,run_1778011901552,85,79,12730,v3,16,true,32,38,0,0.0,39,39.3856,-9.1708,30.2148,0.20362,AGENT_STOP,2,F0:17|F1:13|F2:9,19520,0,0,0,0,0,1,0,0,19519,30,0,false,false,32,0.2995,1.0000,20
2026-05-06 03:41:56,run_1778011901552,85,89,12740,v3,16,true,32,21,0,0.0,21,16.0752,-6.3465,9.7287,0.20337,AGENT_STOP,2,F0:15|F1:4|F2:2,12232,0,0,0,0,0,0,0,0,12232,17,0,false,false,32,0.3009,1.0000,19
2026-05-06 03:42:19,run_1778011901552,85,99,12750,v3,16,true,32,55,1,1.8,55,53.1320,-12.6609,40.4711,0.20311,MAX_STEPS,3,F0:32|F1:9|F2:13|F3:1,25822,1,0,0,0,0,1,0,0,25820,53,0,false,false,32,0.3194,1.0000,20
2026-05-06 03:42:40,run_1778011901552,85,109,12760,v3,16,true,32,16,0,0.0,15,9.3320,-11.8493,-2.5173,0.20286,AGENT_STOP,1,F0:14|F1:1,8455,0,0,0,0,0,0,0,0,8455,14,0,false,false,32,0.3136,1.0000,19
2026-05-06 03:42:56,run_1778011901552,85,119,12770,v3,16,true,32,55,0,0.0,55,72.3126,-15.6182,56.6944,0.20261,MAX_STEPS,4,F0:28|F1:12|F2:9|F3:2|F4:4,28005,0,0,0,0,0,0,0,0,28005,55,0,false,false,32,0.3165,1.0000,20
2026-05-06 03:43:14,run_1778011901552,85,129,12780,v3,16,true,32,37,2,5.4,36,26.7453,-2.7024,24.0429,0.20236,AGENT_STOP,2,F0:21|F1:11|F2:4,19968,2,0,0,0,0,0,0,0,19966,34,0,false,false,32,0.3074,1.0000,19
2026-05-06 03:43:33,run_1778011901552,85,139,12790,v3,16,true,32,55,0,0.0,55,69.3464,-9.6070,59.7394,0.20211,MAX_STEPS,3,F0:31|F1:19|F2:4|F3:1,28656,0,0,0,0,0,0,0,0,28656,43,0,false,false,32,0.3131,1.0000,20
2026-05-06 03:43:54,run_1778011901552,85,149,12800,v3,16,true,32,17,0,0.0,18,12.0076,-8.9368,3.0708,0.20186,AGENT_STOP,1,F0:12|F1:6,9895,0,0,0,0,0,0,0,0,9895,14,0,false,false,32,0.3084,1.0000,18
2026-05-06 03:44:11,run_1778011901552,86,9,12810,v3,16,true,32,45,0,0.0,44,50.6654,-8.2454,42.4200,0.20161,AGENT_STOP,2,F0:26|F1:10|F2:8,23378,0,0,0,0,0,0,0,0,23378,38,0,false,false,32,0.3012,1.0000,20
2026-05-06 03:44:26,run_1778011901552,86,19,12820,v3,16,true,32,44,0,0.0,44,50.9885,-8.2093,42.7792,0.20136,AGENT_STOP,3,F0:19|F1:13|F2:11|F3:1,21883,0,0,0,0,0,0,0,0,21883,41,0,false,false,32,0.3148,1.0000,19
2026-05-06 03:44:41,run_1778011901552,86,29,12830,v3,16,true,32,42,0,0.0,44,43.8788,-18.6134,25.2654,0.20111,AGENT_STOP,2,F0:30|F1:12|F2:2,22896,0,0,0,0,0,0,0,0,22896,38,0,false,false,32,0.3328,1.0000,19
2026-05-06 03:44:57,run_1778011901552,86,39,12840,v3,16,true,32,42,4,9.5,39,29.6246,-12.1860,17.4387,0.20086,AGENT_STOP,2,F0:24|F1:10|F2:5,22287,4,0,0,0,0,0,0,0,22283,38,0,false,false,32,0.3294,1.0000,19
2026-05-06 03:45:11,run_1778011901552,86,49,12850,v3,16,true,32,16,0,0.0,15,10.3132,-11.5953,-1.2821,0.20061,AGENT_STOP,2,F0:9|F1:4|F2:2,7937,0,0,0,0,0,0,0,0,7937,12,0,false,false,32,0.2963,1.0000,18
2026-05-06 03:45:29,run_1778011901552,86,59,12860,v3,16,true,32,46,0,0.0,46,47.8712,-13.0052,34.8660,0.20036,AGENT_STOP,1,F0:25|F1:21,24251,0,0,0,0,0,0,0,0,24251,47,0,false,false,32,0.2991,1.0000,20
2026-05-06 03:45:49,run_1778011901552,86,69,12870,v3,16,true,32,35,0,0.0,35,31.0850,-27.2877,3.7974,0.20011,AGENT_STOP,2,F0:19|F1:14|F2:2,18800,0,0,0,0,0,2,0,0,18798,25,0,false,false,32,0.2964,1.0000,20
2026-05-06 03:46:05,run_1778011901552,86,79,12880,v3,16,true,32,50,0,0.0,50,57.7494,-11.1671,46.5824,0.19987,AGENT_STOP,3,F0:21|F1:15|F2:8|F3:6,24223,0,0,0,0,0,0,0,0,24223,43,0,false,false,32,0.3124,1.0000,20
2026-05-06 03:46:27,run_1778011901552,86,89,12890,v3,16,true,32,34,0,0.0,37,32.6808,-7.5069,25.1739,0.19962,AGENT_STOP,1,F0:26|F1:11,17585,0,0,0,0,0,0,0,0,17585,32,0,false,false,32,0.3032,1.0000,18
2026-05-06 03:46:44,run_1778011901552,86,99,12900,v3,16,true,32,38,0,0.0,37,37.9490,-15.6022,22.3468,0.19937,AGENT_STOP,3,F0:22|F1:10|F2:2|F3:3,19309,0,0,0,0,0,1,0,0,19308,37,0,false,false,32,0.3076,1.0000,20
2026-05-06 03:46:58,run_1778011901552,86,109,12910,v3,16,true,32,53,0,0.0,53,65.2352,-7.8126,57.4226,0.19912,AGENT_STOP,2,F0:30|F1:17|F2:6,29259,0,0,0,0,0,0,0,0,29259,44,0,false,false,32,0.3125,1.0000,20
2026-05-06 03:47:13,run_1778011901552,86,119,12920,v3,16,true,32,28,0,0.0,27,22.2128,-13.2207,8.9921,0.19888,AGENT_STOP,1,F0:24|F1:3,14883,0,0,0,0,0,0,0,0,14883,30,0,false,false,32,0.3264,1.0000,19
2026-05-06 03:47:29,run_1778011901552,86,129,12930,v3,16,true,32,53,0,0.0,56,65.8333,-12.5839,53.2495,0.19863,AGENT_STOP,4,F0:28|F1:8|F2:11|F3:6|F4:3,27381,0,0,0,0,0,2,0,0,27379,56,0,false,false,32,0.3243,1.0000,20
2026-05-06 03:47:47,run_1778011901552,86,139,12940,v3,16,true,32,7,0,0.0,6,3.0308,-8.1510,-5.1202,0.19838,AGENT_STOP,1,F0:4|F1:2,3937,0,0,0,0,0,0,0,0,3937,4,0,false,false,32,0.3130,1.0000,19
2026-05-06 03:48:10,run_1778011901552,86,149,12950,v3,16,true,32,55,1,1.8,55,62.0461,-14.4183,47.6278,0.19814,MAX_STEPS,3,F0:31|F1:12|F2:9|F3:3,27399,1,0,0,0,0,0,0,0,27398,46,0,false,false,32,0.3143,1.0000,20
2026-05-06 03:48:30,run_1778011901552,87,9,12960,v3,16,true,32,16,0,0.0,15,9.9076,-14.6956,-4.7880,0.19789,AGENT_STOP,2,F0:10|F1:3|F2:2,8372,0,0,0,0,0,0,0,0,8372,12,0,false,false,32,0.3254,1.0000,18
2026-05-06 03:48:45,run_1778011901552,87,19,12970,v3,16,true,32,7,0,0.0,6,3.2180,-7.0425,-3.8245,0.19765,AGENT_STOP,1,F0:4|F1:2,3661,0,0,0,0,0,0,0,0,3661,7,0,false,false,32,0.3166,1.0000,19
2026-05-06 03:49:04,run_1778011901552,87,29,12980,v3,16,true,32,55,0,0.0,55,69.3726,-26.6731,42.6995,0.19740,MAX_STEPS,2,F0:38|F1:13|F2:4,27523,0,0,0,0,0,0,0,0,27523,86,0,false,false,32,0.3085,1.0000,20
2026-05-06 03:49:23,run_1778011901552,87,39,12990,v3,16,true,32,36,0,0.0,35,33.9804,-11.9426,22.0378,0.19716,AGENT_STOP,2,F0:20|F1:14|F2:1,17820,0,0,0,0,0,0,0,0,17820,36,0,false,false,32,0.3002,1.0000,20
2026-05-06 03:49:44,run_1778011901552,87,49,13000,v3,16,true,32,50,1,2.0,48,46.7357,-11.6537,35.0820,0.19691,AGENT_STOP,3,F0:31|F1:8|F2:7|F3:2,25519,1,0,0,0,0,4,0,0,25514,53,0,false,false,32,0.3172,1.0000,20
2026-05-06 03:50:01,run_1778011901552,87,59,13010,v3,16,true,32,18,0,0.0,17,12.6709,-9.7846,2.8863,0.19667,AGENT_STOP,3,F0:9|F1:3|F2:4|F3:1,9385,0,0,0,0,0,1,0,0,9384,16,0,false,false,32,0.2934,1.0000,20
2026-05-06 03:50:20,run_1778011901552,87,69,13020,v3,16,true,32,24,0,0.0,23,16.9521,-16.4307,0.5214,0.19643,AGENT_STOP,2,F0:17|F1:3|F2:3,12035,0,0,0,0,0,1,0,0,12034,23,0,false,false,32,0.3045,1.0000,20
2026-05-06 03:50:38,run_1778011901552,87,79,13030,v3,16,true,32,14,0,0.0,13,6.5300,-14.1009,-7.5709,0.19618,AGENT_STOP,0,F0:13,7573,0,0,0,0,0,1,0,0,7572,12,0,false,false,32,0.2791,1.0000,16
2026-05-06 03:50:54,run_1778011901552,87,89,13040,v3,16,true,32,22,0,0.0,21,17.0278,-8.0990,8.9289,0.19594,AGENT_STOP,2,F0:11|F1:6|F2:4,11901,0,0,0,0,0,0,0,0,11901,21,0,false,false,32,0.3108,1.0000,19
2026-05-06 03:51:13,run_1778011901552,87,99,13050,v3,16,true,32,44,2,4.5,41,26.9582,-12.1764,14.7819,0.19570,AGENT_STOP,3,F0:25|F1:10|F2:3|F3:3,22149,2,0,0,0,0,0,0,0,22147,35,0,false,false,32,0.3096,1.0000,20
2026-05-06 03:51:25,run_1778011901552,87,109,13060,v3,16,true,32,8,0,0.0,7,3.7980,-7.3582,-3.5602,0.19545,AGENT_STOP,1,F0:5|F1:2,3765,0,0,0,0,0,0,0,0,3765,5,0,false,false,32,0.2966,1.0000,18
2026-05-06 03:51:45,run_1778011901552,87,119,13070,v3,16,true,32,55,0,0.0,57,69.1782,-22.4162,46.7620,0.19521,MAX_STEPS,4,F0:33|F1:7|F2:5|F3:9|F4:3,28912,0,0,0,0,0,0,0,0,28912,50,0,false,false,32,0.3288,1.0000,20
2026-05-06 03:52:00,run_1778011901552,87,129,13080,v3,16,true,32,19,0,0.0,18,12.5900,-9.7825,2.8075,0.19497,AGENT_STOP,1,F0:15|F1:3,10397,0,0,0,0,0,0,0,0,10397,16,0,false,false,32,0.3054,1.0000,18
2026-05-06 03:52:20,run_1778011901552,87,139,13090,v3,16,true,32,30,0,0.0,29,26.3235,-6.1508,20.1727,0.19473,AGENT_STOP,2,F0:19|F1:6|F2:4,16356,0,0,0,0,0,0,0,0,16356,25,0,false,false,32,0.3015,1.0000,19
2026-05-06 03:52:40,run_1778011901552,87,149,13100,v3,16,true,32,24,0,0.0,23,18.4749,-16.3360,2.1388,0.19449,AGENT_STOP,2,F0:12|F1:7|F2:4,12309,0,0,0,0,0,0,0,0,12309,59,0,false,false,32,0.2909,1.0000,20
2026-05-06 03:52:53,run_1778011901552,88,9,13110,v3,16,true,32,32,0,0.0,31,27.7051,-13.3956,14.3095,0.19425,AGENT_STOP,3,F0:19|F1:7|F2:3|F3:2,16834,0,0,0,0,0,0,0,0,16834,25,0,false,false,32,0.3007,1.0000,19
2026-05-06 03:53:12,run_1778011901552,88,19,13120,v3,16,true,32,49,6,12.2,44,38.2546,-11.4404,26.8142,0.19400,NO_VALID_ACTIONS,4,F0:21|F1:8|F2:7|F3:5|F4:3,26222,6,0,0,0,0,1,0,0,26215,45,0,false,false,32,0.3257,1.0000,20
2026-05-06 03:53:35,run_1778011901552,88,29,13130,v3,16,true,32,14,0,0.0,13,8.8700,-7.5617,1.3083,0.19376,AGENT_STOP,2,F0:8|F1:3|F2:2,7499,0,0,0,0,0,0,0,0,7499,11,0,false,false,32,0.2808,1.0000,18
2026-05-06 03:53:55,run_1778011901552,88,39,13140,v3,16,true,32,27,0,0.0,27,21.5424,-13.9159,7.6265,0.19352,AGENT_STOP,2,F0:15|F1:9|F2:3,14048,0,0,0,0,0,0,0,0,14048,24,0,false,false,32,0.2852,1.0000,20
2026-05-06 03:54:11,run_1778011901552,88,49,13150,v3,16,true,32,12,0,0.0,12,7.1380,-6.1531,0.9849,0.19328,AGENT_STOP,1,F0:10|F1:2,5573,0,0,0,0,0,0,0,0,5573,10,0,false,false,32,0.3201,1.0000,18
2026-05-06 03:54:29,run_1778011901552,88,59,13160,v3,16,true,32,13,0,0.0,12,7.7080,-7.1259,0.5821,0.19304,AGENT_STOP,1,F0:10|F1:2,7762,0,0,0,0,0,0,0,0,7762,13,0,false,false,32,0.3036,1.0000,19
2026-05-06 03:54:46,run_1778011901552,88,69,13170,v3,16,true,32,14,0,0.0,14,9.4732,-7.5194,1.9538,0.19280,AGENT_STOP,2,F0:6|F1:5|F2:3,7084,0,0,0,0,0,0,0,0,7084,12,0,false,false,32,0.2935,1.0000,19
2026-05-06 03:55:03,run_1778011901552,88,79,13180,v3,16,true,32,15,0,0.0,15,9.5056,-7.0202,2.4854,0.19257,AGENT_STOP,1,F0:10|F1:5,7732,0,0,0,0,0,0,0,0,7732,10,0,false,false,32,0.3138,1.0000,18
2026-05-06 03:55:17,run_1778011901552,88,89,13190,v3,16,true,32,36,0,0.0,36,38.3135,-5.9118,32.4017,0.19233,AGENT_STOP,3,F0:14|F1:12|F2:5|F3:5,18823,0,0,0,0,0,1,0,0,18822,28,0,false,false,32,0.3020,1.0000,20
2026-05-06 03:55:33,run_1778011901552,88,99,13200,v3,16,true,32,13,0,0.0,12,7.5096,-7.2798,0.2298,0.19209,AGENT_STOP,1,F0:9|F1:3,8253,0,0,0,0,0,0,0,0,8253,13,0,false,false,32,0.3061,1.0000,18
2026-05-06 03:55:50,run_1778011901552,88,109,13210,v3,16,true,32,30,0,0.0,31,29.5298,-4.3760,25.1538,0.19185,AGENT_STOP,3,F0:14|F1:5|F2:9|F3:3,16238,0,0,0,0,0,0,0,0,16238,26,0,false,false,32,0.3139,1.0000,19
2026-05-06 03:56:07,run_1778011901552,88,119,13220,v3,16,true,32,40,0,0.0,39,41.4474,-13.9124,27.5349,0.19161,AGENT_STOP,3,F0:25|F1:8|F2:3|F3:3,20607,0,0,0,0,0,0,0,0,20607,36,0,false,false,32,0.3188,1.0000,19
2026-05-06 03:56:25,run_1778011901552,88,129,13230,v3,16,true,32,11,0,0.0,10,6.3220,-6.0266,0.2954,0.19138,AGENT_STOP,1,F0:9|F1:1,5740,0,0,0,0,0,0,0,0,5740,10,0,false,false,32,0.3043,1.0000,18
2026-05-06 03:56:45,run_1778011901552,88,139,13240,v3,16,true,32,55,0,0.0,55,68.9786,-11.4102,57.5684,0.19114,MAX_STEPS,2,F0:36|F1:15|F2:4,28035,0,0,0,0,0,1,0,0,28034,47,0,false,false,32,0.3108,1.0000,20
2026-05-06 03:57:09,run_1778011901552,88,149,13250,v3,16,true,32,42,0,0.0,41,43.2385,-10.1995,33.0390,0.19090,AGENT_STOP,2,F0:23|F1:16|F2:2,22045,0,0,0,0,0,0,0,0,22045,41,0,false,false,32,0.2992,1.0000,20
2026-05-06 03:57:31,run_1778011901552,89,9,13260,v3,16,true,32,49,0,0.0,49,55.7178,-18.4840,37.2338,0.19066,AGENT_STOP,2,F0:33|F1:15|F2:1,27667,0,0,0,0,0,1,0,0,27666,40,0,false,false,32,0.3200,1.0000,20
2026-05-06 03:57:51,run_1778011901552,89,19,13270,v3,16,true,32,27,0,0.0,26,21.4457,-10.7157,10.7300,0.19043,AGENT_STOP,2,F0:15|F1:8|F2:3,13735,0,0,0,0,0,0,0,0,13735,28,0,false,false,32,0.2879,1.0000,20
2026-05-06 03:58:09,run_1778011901552,89,29,13280,v3,16,true,32,19,0,0.0,18,12.4240,-7.3450,5.0790,0.19019,AGENT_STOP,1,F0:13|F1:5,10870,0,0,0,0,0,0,0,0,10870,11,0,false,false,32,0.3214,1.0000,18
2026-05-06 03:58:25,run_1778011901552,89,39,13290,v3,16,true,32,30,0,0.0,30,26.5181,-9.9441,16.5740,0.18996,AGENT_STOP,2,F0:16|F1:11|F2:3,16021,0,0,0,0,0,0,0,0,16021,26,0,false,false,32,0.2994,1.0000,20
2026-05-06 03:58:41,run_1778011901552,89,49,13300,v3,16,true,32,21,0,0.0,21,15.3745,-8.6491,6.7254,0.18972,AGENT_STOP,2,F0:14|F1:5|F2:2,11921,0,0,0,0,0,1,0,0,11920,19,0,false,false,32,0.3070,1.0000,19
2026-05-06 03:59:00,run_1778011901552,89,59,13310,v3,16,true,32,44,0,0.0,44,46.2745,-11.0976,35.1769,0.18949,AGENT_STOP,3,F0:18|F1:9|F2:13|F3:4,21939,0,0,0,0,0,0,0,0,21939,42,0,false,false,32,0.3038,1.0000,20
2026-05-06 03:59:17,run_1778011901552,89,69,13320,v3,16,true,32,20,0,0.0,19,12.6940,-11.6545,1.0395,0.18925,AGENT_STOP,1,F0:17|F1:2,10297,0,0,0,0,0,0,0,0,10297,18,0,false,false,32,0.3074,1.0000,19
2026-05-06 03:59:35,run_1778011901552,89,79,13330,v3,16,true,32,38,0,0.0,37,41.0005,-10.6070,30.3935,0.18902,AGENT_STOP,4,F0:19|F1:10|F2:4|F3:3|F4:1,19052,0,0,0,0,0,1,0,0,19051,34,0,false,false,32,0.3252,1.0000,20
2026-05-06 03:59:52,run_1778011901552,89,89,13340,v3,16,true,32,32,0,0.0,33,28.7997,-10.4004,18.3993,0.18878,AGENT_STOP,2,F0:18|F1:13|F2:2,16723,0,0,0,0,0,0,0,0,16723,29,0,false,false,32,0.2954,1.0000,20
2026-05-06 04:00:14,run_1778011901552,89,99,13350,v3,16,true,32,23,0,0.0,22,17.4828,-7.0161,10.4667,0.18855,AGENT_STOP,1,F0:19|F1:3,12142,0,0,0,0,0,0,0,0,12142,25,0,false,false,32,0.3161,1.0000,18
2026-05-06 04:00:31,run_1778011901552,89,109,13360,v3,16,true,32,16,0,0.0,16,11.8344,-5.1172,6.7172,0.18831,AGENT_STOP,2,F0:10|F1:5|F2:1,7945,0,0,0,0,0,0,0,0,7945,13,0,false,false,32,0.3226,1.0000,18
2026-05-06 04:00:51,run_1778011901552,89,119,13370,v3,16,true,32,25,0,0.0,24,18.4880,-7.2178,11.2702,0.18808,AGENT_STOP,1,F0:20|F1:4,13913,0,0,0,0,0,1,0,0,13912,20,0,false,false,32,0.3204,1.0000,19
2026-05-06 04:01:10,run_1778011901552,89,129,13380,v3,16,true,32,36,0,0.0,35,32.9774,-19.1172,13.8602,0.18785,AGENT_STOP,3,F0:20|F1:6|F2:4|F3:5,18241,0,0,0,0,0,1,0,0,18240,28,0,false,false,32,0.3046,1.0000,20
2026-05-06 04:01:29,run_1778011901552,89,139,13390,v3,16,true,32,55,13,23.6,43,36.6783,-10.5536,26.1247,0.18762,MAX_STEPS,4,F0:22|F1:10|F2:7|F3:2|F4:2,28666,13,0,0,0,0,2,0,0,28651,51,0,false,false,32,0.3239,1.0000,20
2026-05-06 04:01:49,run_1778011901552,89,149,13400,v3,16,true,32,39,0,0.0,38,37.9539,-9.0112,28.9428,0.18738,AGENT_STOP,3,F0:20|F1:8|F2:9|F3:1,19613,0,0,0,0,0,1,0,0,19612,35,0,false,false,32,0.2982,1.0000,20
2026-05-06 04:02:11,run_1778011901552,90,9,13410,v3,16,true,32,44,0,0.0,45,51.0457,-10.5197,40.5260,0.18715,AGENT_STOP,3,F0:18|F1:10|F2:11|F3:6,22854,0,0,0,0,0,0,0,0,22854,33,0,false,false,32,0.3161,1.0000,20
2026-05-06 04:02:28,run_1778011901552,90,19,13420,v3,16,true,32,50,0,0.0,50,56.6174,-17.7181,38.8993,0.18692,AGENT_STOP,2,F0:39|F1:8|F2:3,26327,0,0,0,0,0,0,0,0,26327,42,0,false,false,32,0.3223,1.0000,19
2026-05-06 04:02:53,run_1778011901552,90,29,13430,v3,16,true,32,55,2,3.6,53,54.2838,-11.7489,42.5349,0.18669,MAX_STEPS,3,F0:26|F1:12|F2:13|F3:2,28978,2,0,0,0,0,0,0,0,28976,45,0,false,false,32,0.3114,1.0000,20
2026-05-06 04:03:09,run_1778011901552,90,39,13440,v3,16,true,32,55,0,0.0,56,71.8492,-11.1116,60.7376,0.18646,MAX_STEPS,3,F0:41|F1:7|F2:7|F3:1,29154,0,0,0,0,0,0,0,0,29154,48,0,false,false,32,0.3278,1.0000,20
2026-05-06 04:03:26,run_1778011901552,90,49,13450,v3,16,true,32,55,1,1.8,54,44.8566,-12.6026,32.2540,0.18622,MAX_STEPS,4,F0:31|F1:11|F2:7|F3:3|F4:2,28573,1,0,0,0,0,0,0,0,28572,52,0,false,false,32,0.3150,1.0000,20
2026-05-06 04:03:48,run_1778011901552,90,59,13460,v3,16,true,32,45,0,0.0,46,47.9469,-16.1201,31.8268,0.18599,MASK_EMPTY,4,F0:30|F1:6|F2:3|F3:5|F4:2,21235,0,0,0,0,0,1,0,0,21234,39,0,false,false,32,0.3139,1.0000,20
2026-05-06 04:04:07,run_1778011901552,90,69,13470,v3,16,true,32,55,0,0.0,56,69.2161,-19.4606,49.7555,0.18576,MAX_STEPS,3,F0:34|F1:9|F2:8|F3:5,29400,0,0,0,0,0,0,0,0,29400,46,0,false,false,32,0.3244,1.0000,20
2026-05-06 04:04:24,run_1778011901552,90,79,13480,v3,16,true,32,8,0,0.0,7,4.4700,-4.8403,-0.3703,0.18553,AGENT_STOP,0,F0:7,3752,0,0,0,0,0,0,0,0,3752,3,0,false,false,32,0.2798,1.0000,15
2026-05-06 04:04:39,run_1778011901552,90,89,13490,v3,16,true,32,54,0,0.0,54,68.3672,-7.6979,60.6693,0.18530,AGENT_STOP,3,F0:25|F1:14|F2:11|F3:4,28792,0,0,0,0,0,1,0,0,28791,48,0,false,false,32,0.3094,1.0000,20
2026-05-06 04:04:55,run_1778011901552,90,99,13500,v3,16,true,32,29,0,0.0,28,23.9936,-7.0428,16.9508,0.18507,AGENT_STOP,1,F0:17|F1:11,16294,0,0,0,0,0,0,0,0,16294,25,0,false,false,32,0.3054,1.0000,20
2026-05-06 04:05:09,run_1778011901552,90,109,13510,v3,16,true,32,37,0,0.0,37,35.7031,-29.7539,5.9493,0.18484,AGENT_STOP,2,F0:21|F1:9|F2:7,21203,0,0,0,0,0,1,0,0,21202,31,0,false,false,32,0.3218,1.0000,19
2026-05-06 04:05:33,run_1778011901552,90,119,13520,v3,16,true,32,14,0,0.0,13,8.4000,-7.2561,1.1439,0.18461,AGENT_STOP,1,F0:10|F1:3,7937,0,0,0,0,0,0,0,0,7937,16,0,false,false,32,0.2965,1.0000,18
2026-05-06 04:05:49,run_1778011901552,90,129,13530,v3,16,true,32,6,0,0.0,5,3.0700,-10.1516,-7.0816,0.18439,AGENT_STOP,0,F0:5,3995,0,0,0,0,0,0,0,0,3995,6,0,false,false,32,0.2678,1.0000,15
2026-05-06 04:06:06,run_1778011901552,90,139,13540,v3,16,true,32,9,0,0.0,8,4.6708,-5.9929,-1.3221,0.18416,AGENT_STOP,1,F0:6|F1:2,5821,0,0,0,0,0,0,0,0,5821,8,0,false,false,32,0.3130,1.0000,18
2026-05-06 04:06:25,run_1778011901552,90,149,13550,v3,16,true,32,22,0,0.0,21,15.3860,-10.2644,5.1216,0.18393,AGENT_STOP,1,F0:15|F1:6,12088,0,0,0,0,0,0,0,0,12088,16,0,false,false,32,0.3050,1.0000,19
2026-05-06 04:06:41,run_1778011901552,91,9,13560,v3,16,true,32,17,0,0.0,16,11.6496,-7.8533,3.7963,0.18370,AGENT_STOP,1,F0:10|F1:6,10235,0,0,0,0,0,0,0,0,10235,15,0,false,false,32,0.2954,1.0000,19
2026-05-06 04:06:59,run_1778011901552,91,19,13570,v3,16,true,32,15,0,0.0,15,9.7640,-7.0352,2.7288,0.18347,AGENT_STOP,1,F0:13|F1:2,8130,0,0,0,0,0,0,0,0,8130,10,0,false,false,32,0.3331,1.0000,19
2026-05-06 04:07:14,run_1778011901552,91,29,13580,v3,16,true,32,55,1,1.8,55,67.2622,-15.6763,51.5859,0.18325,MAX_STEPS,3,F0:29|F1:15|F2:6|F3:5,29078,1,0,0,0,0,0,0,0,29077,52,0,false,false,32,0.3096,1.0000,21
2026-05-06 04:07:32,run_1778011901552,91,39,13590,v3,16,true,32,10,0,0.0,9,5.8798,-5.6942,0.1856,0.18302,AGENT_STOP,2,F0:5|F1:2|F2:2,5886,0,0,0,0,0,0,0,0,5886,7,0,false,false,32,0.3079,1.0000,18
2026-05-06 04:07:51,run_1778011901552,91,49,13600,v3,16,true,32,18,0,0.0,18,13.2976,-4.1575,9.1401,0.18279,AGENT_STOP,1,F0:11|F1:7,10296,0,0,0,0,0,0,0,0,10296,12,0,false,false,32,0.3303,1.0000,18
2026-05-06 04:08:08,run_1778011901552,91,59,13610,v3,16,true,32,55,2,3.6,54,39.9812,-13.7452,26.2360,0.18257,MAX_STEPS,2,F0:39|F1:14|F2:1,26420,2,0,0,0,0,0,0,0,26418,81,0,false,false,32,0.3098,1.0000,21
2026-05-06 04:08:30,run_1778011901552,91,69,13620,v3,16,true,32,55,0,0.0,57,71.8675,-10.1717,61.6959,0.18234,MAX_STEPS,3,F0:30|F1:14|F2:11|F3:2,27476,0,0,0,0,0,0,0,0,27476,58,0,false,false,32,0.3151,1.0000,20
2026-05-06 04:08:54,run_1778011901552,91,79,13630,v3,16,true,32,55,0,0.0,57,72.0781,-9.5842,62.4939,0.18211,MAX_STEPS,3,F0:29|F1:10|F2:12|F3:6,27950,0,0,0,0,0,0,0,0,27950,47,0,false,false,32,0.3240,1.0000,20
2026-05-06 04:09:16,run_1778011901552,91,89,13640,v3,16,true,32,55,0,0.0,56,68.0493,-10.8601,57.1892,0.18189,MAX_STEPS,4,F0:30|F1:15|F2:6|F3:3|F4:2,28893,0,0,0,0,0,0,0,0,28893,46,0,false,false,32,0.3238,1.0000,20
2026-05-06 04:09:30,run_1778011901552,91,99,13650,v3,16,true,32,24,0,0.0,23,20.1486,-9.3038,10.8447,0.18166,AGENT_STOP,2,F0:15|F1:5|F2:3,12036,0,0,0,0,0,0,0,0,12036,18,0,false,false,32,0.3145,1.0000,18
2026-05-06 04:09:48,run_1778011901552,91,109,13660,v3,16,true,32,19,0,0.0,19,13.6128,-10.1059,3.5069,0.18144,AGENT_STOP,2,F0:13|F1:5|F2:1,10647,0,0,0,0,0,0,0,0,10647,13,0,false,false,32,0.3144,1.0000,19
2026-05-06 04:10:07,run_1778011901552,91,119,13670,v3,16,true,32,22,0,0.0,21,17.4457,-8.7737,8.6720,0.18121,AGENT_STOP,2,F0:13|F1:5|F2:3,12523,0,0,0,0,0,1,0,0,12522,18,0,false,false,32,0.3012,1.0000,18
2026-05-06 04:10:26,run_1778011901552,91,129,13680,v3,16,true,32,55,0,0.0,57,71.8930,-6.6541,65.2389,0.18099,MAX_STEPS,3,F0:36|F1:7|F2:12|F3:2,29894,0,0,0,0,0,0,0,0,29894,59,0,false,false,32,0.3321,1.0000,19
2026-05-06 04:10:51,run_1778011901552,91,139,13690,v3,16,true,32,28,0,0.0,28,21.3604,-19.7303,1.6301,0.18076,AGENT_STOP,1,F0:22|F1:6,14446,0,0,0,0,0,1,0,0,14445,25,0,false,false,32,0.2959,1.0000,20
2026-05-06 04:11:10,run_1778011901552,91,149,13700,v3,16,true,32,55,1,1.8,57,66.5004,-9.8741,56.6263,0.18054,MAX_STEPS,4,F0:27|F1:13|F2:6|F3:5|F4:6,27746,1,0,0,0,0,1,0,0,27744,53,0,false,false,32,0.3155,1.0000,20
2026-05-06 04:11:31,run_1778011901552,92,9,13710,v3,16,true,32,16,0,0.0,15,9.2380,-10.5738,-1.3358,0.18031,AGENT_STOP,1,F0:10|F1:5,7690,0,0,0,0,0,0,0,0,7690,12,0,false,false,32,0.2671,1.0000,20
2026-05-06 04:11:51,run_1778011901552,92,19,13720,v3,16,true,32,55,19,34.5,36,24.4740,-22.8674,1.6066,0.18009,MAX_STEPS,3,F0:19|F1:8|F2:6|F3:3,28335,19,0,0,0,0,0,0,0,28316,50,0,false,false,32,0.2953,1.0000,20
2026-05-06 04:12:07,run_1778011901552,92,29,13730,v3,16,true,32,32,0,0.0,31,27.8959,-16.2842,11.6117,0.17987,AGENT_STOP,2,F0:18|F1:6|F2:7,16569,0,0,0,0,0,1,0,0,16568,26,0,false,false,32,0.3037,1.0000,19
2026-05-06 04:12:22,run_1778011901552,92,39,13740,v3,16,true,32,6,0,0.0,5,2.1700,-10.1516,-7.9816,0.17965,AGENT_STOP,0,F0:5,3989,0,0,0,0,0,0,0,0,3989,5,0,false,false,32,0.2803,1.0000,15
2026-05-06 04:12:38,run_1778011901552,92,49,13750,v3,16,true,32,25,0,0.0,25,20.6604,-7.4021,13.2583,0.17942,AGENT_STOP,2,F0:15|F1:7|F2:3,14366,0,0,0,0,0,0,0,0,14366,22,0,false,false,32,0.3028,1.0000,20
2026-05-06 04:12:55,run_1778011901552,92,59,13760,v3,16,true,32,15,0,0.0,14,9.3192,-7.4470,1.8722,0.17920,AGENT_STOP,2,F0:6|F1:4|F2:4,7948,0,0,0,0,0,0,0,0,7948,14,0,false,false,32,0.3176,1.0000,19
2026-05-06 04:13:13,run_1778011901552,92,69,13770,v3,16,true,32,10,0,0.0,9,5.1040,-7.2255,-2.1215,0.17898,AGENT_STOP,1,F0:7|F1:2,5883,0,0,0,0,0,0,0,0,5883,7,0,false,false,32,0.3038,1.0000,18
2026-05-06 04:13:33,run_1778011901552,92,79,13780,v3,16,true,32,29,0,0.0,29,25.9624,-7.2409,18.7215,0.17876,AGENT_STOP,1,F0:16|F1:13,16772,0,0,0,0,0,0,0,0,16772,27,0,false,false,32,0.3144,1.0000,18
2026-05-06 04:13:50,run_1778011901552,92,89,13790,v3,16,true,32,31,4,12.9,26,17.0300,-5.9310,11.0990,0.17853,AGENT_STOP,1,F0:15|F1:11,15677,4,0,0,0,0,0,0,0,15673,31,0,false,false,32,0.2792,1.0000,19
2026-05-06 04:14:07,run_1778011901552,92,99,13800,v3,16,true,32,30,0,0.0,30,27.8807,-6.4863,21.3944,0.17831,AGENT_STOP,3,F0:14|F1:10|F2:4|F3:2,15287,0,0,0,0,0,0,0,0,15287,27,0,false,false,32,0.3144,1.0000,19
2026-05-06 04:14:23,run_1778011901552,92,109,13810,v3,16,true,32,9,0,0.0,8,5.0528,-5.1596,-0.1068,0.17809,AGENT_STOP,1,F0:5|F1:3,5870,0,0,0,0,0,0,0,0,5870,8,0,false,false,32,0.2975,1.0000,18
2026-05-06 04:14:40,run_1778011901552,92,119,13820,v3,16,true,32,16,0,0.0,15,10.5920,-6.1854,4.4066,0.17787,AGENT_STOP,1,F0:14|F1:1,7978,0,0,0,0,0,0,0,0,7978,11,0,false,false,32,0.3074,1.0000,18
2026-05-06 04:15:01,run_1778011901552,92,129,13830,v3,16,true,32,55,0,0.0,59,74.0781,-9.2651,64.8130,0.17765,MAX_STEPS,3,F0:28|F1:21|F2:9|F3:1,29773,0,0,0,0,0,0,0,0,29773,52,0,false,false,32,0.3192,1.0000,20
2026-05-06 04:15:17,run_1778011901552,92,139,13840,v3,16,true,32,27,0,0.0,26,23.2395,-7.5686,15.6709,0.17743,AGENT_STOP,2,F0:12|F1:9|F2:5,14513,0,0,0,0,0,1,0,0,14512,27,0,false,false,32,0.3020,1.0000,18
2026-05-06 04:15:37,run_1778011901552,92,149,13850,v3,16,true,32,14,0,0.0,13,7.2500,-12.6004,-5.3504,0.17721,AGENT_STOP,0,F0:13,8271,0,0,0,0,0,0,0,0,8271,13,0,false,false,32,0.2766,1.0000,16
2026-05-06 04:15:59,run_1778011901552,93,9,13860,v3,16,true,32,50,11,22.0,39,25.8431,-19.6624,6.1807,0.17699,NO_VALID_ACTIONS,2,F0:27|F1:11|F2:1,26019,11,0,0,0,0,0,0,0,26008,36,0,false,false,32,0.3096,1.0000,20
2026-05-06 04:16:22,run_1778011901552,93,19,13870,v3,16,true,32,16,0,0.0,15,9.8280,-8.0089,1.8191,0.17677,MASK_EMPTY,1,F0:10|F1:5,7838,0,0,0,0,0,1,0,0,7837,10,0,false,false,32,0.2871,1.0000,19
2026-05-06 04:16:45,run_1778011901552,93,29,13880,v3,16,true,32,43,0,0.0,43,53.2752,-7.1287,46.1465,0.17655,AGENT_STOP,4,F0:18|F1:6|F2:7|F3:5|F4:7,23102,0,0,0,0,0,0,0,0,23102,37,0,false,false,32,0.3318,1.0000,20
2026-05-06 04:17:04,run_1778011901552,93,39,13890,v3,16,true,32,46,0,0.0,45,51.0995,-19.7724,31.3272,0.17633,AGENT_STOP,3,F0:25|F1:10|F2:9|F3:1,24302,0,0,0,0,0,1,0,0,24301,43,0,false,false,32,0.3144,1.0000,20
2026-05-06 04:17:24,run_1778011901552,93,49,13900,v3,16,true,32,10,0,0.0,9,5.2568,-3.3265,1.9303,0.17612,MASK_EMPTY,1,F0:6|F1:3,5739,0,0,0,0,0,1,0,0,5738,7,0,false,false,32,0.3133,1.0000,19
2026-05-06 04:17:44,run_1778011901552,93,59,13910,v3,16,true,32,22,0,0.0,21,15.8796,-6.4709,9.4087,0.17590,AGENT_STOP,1,F0:15|F1:6,12042,0,0,0,0,0,0,0,0,12042,17,0,false,false,32,0.2952,1.0000,19
2026-05-06 04:17:58,run_1778011901552,93,69,13920,v3,16,true,32,8,0,0.0,7,3.5320,-8.6445,-5.1125,0.17568,AGENT_STOP,1,F0:6|F1:1,3942,0,0,0,0,0,0,0,0,3942,3,0,false,false,32,0.2962,1.0000,19
2026-05-06 04:18:19,run_1778011901552,93,79,13930,v3,16,true,32,55,3,5.5,54,41.9067,-12.3624,29.5443,0.17546,MAX_STEPS,3,F0:30|F1:15|F2:7|F3:2,27315,3,0,0,0,0,0,0,0,27312,53,0,false,false,32,0.3092,1.0000,20
2026-05-06 04:18:33,run_1778011901552,93,89,13940,v3,16,true,32,12,0,0.0,11,7.1420,-7.0766,0.0654,0.17524,AGENT_STOP,1,F0:10|F1:1,5730,0,0,0,0,0,0,0,0,5730,8,0,false,false,32,0.3139,1.0000,18
2026-05-06 04:18:53,run_1778011901552,93,99,13950,v3,16,true,32,15,0,0.0,14,9.2040,-8.4111,0.7929,0.17503,AGENT_STOP,1,F0:10|F1:4,8056,0,0,0,0,0,0,0,0,8056,12,0,false,false,32,0.2819,1.0000,19
2026-05-06 04:19:12,run_1778011901552,93,109,13960,v3,16,true,32,38,0,0.0,38,40.3349,-9.4528,30.8821,0.17481,AGENT_STOP,4,F0:19|F1:5|F2:3|F3:7|F4:4,19724,0,0,0,0,0,2,0,0,19722,33,0,false,false,32,0.3117,1.0000,20
2026-05-06 04:19:32,run_1778011901552,93,119,13970,v3,16,true,32,55,0,0.0,56,69.1648,-14.6157,54.5491,0.17459,MAX_STEPS,2,F0:38|F1:16|F2:2,28266,0,0,0,0,0,0,0,0,28266,53,0,false,false,32,0.3265,1.0000,19
2026-05-06 04:19:53,run_1778011901552,93,129,13980,v3,16,true,32,55,4,7.3,53,43.6924,-7.9092,35.7832,0.17438,MAX_STEPS,4,F0:19|F1:12|F2:8|F3:10|F4:4,28896,4,0,0,0,0,0,0,0,28892,55,0,false,false,32,0.3262,1.0000,20
2026-05-06 04:20:13,run_1778011901552,93,139,13990,v3,16,true,32,55,0,0.0,60,72.7056,-5.6526,67.0530,0.17416,MAX_STEPS,3,F0:46|F1:3|F2:7|F3:4,28596,0,0,0,0,0,0,0,0,28596,51,0,false,false,32,0.3298,1.0000,20
2026-05-06 04:20:34,run_1778011901552,93,149,14000,v3,16,true,32,55,1,1.8,57,51.5046,-14.6685,36.8361,0.17394,MAX_STEPS,5,F0:27|F1:9|F2:12|F3:4|F4:3|F5:2,29475,1,0,0,0,0,1,0,0,29473,48,0,false,false,32,0.3349,1.0000,20
2026-05-06 04:20:55,run_1778011901552,94,9,14010,v3,16,true,32,22,0,0.0,23,17.6559,-9.7391,7.9168,0.17373,AGENT_STOP,2,F0:10|F1:7|F2:6,11846,0,0,0,0,0,0,0,0,11846,19,0,false,false,32,0.3079,1.0000,19
2026-05-06 04:21:17,run_1778011901552,94,19,14020,v3,16,true,32,55,1,1.8,55,68.1345,-8.9367,59.1978,0.17351,MAX_STEPS,3,F0:31|F1:14|F2:7|F3:3,26021,1,0,0,0,0,1,0,0,26019,47,0,false,false,32,0.3142,1.0000,20
2026-05-06 04:21:32,run_1778011901552,94,29,14030,v3,16,true,32,55,22,40.0,34,21.5914,-6.3055,15.2860,0.17330,MAX_STEPS,3,F0:16|F1:10|F2:3|F3:5,27956,22,0,0,0,0,0,0,0,27934,52,0,false,false,32,0.3027,1.0000,19
2026-05-06 04:21:51,run_1778011901552,94,39,14040,v3,16,true,32,53,0,0.0,54,70.0647,-8.2085,61.8562,0.17308,AGENT_STOP,4,F0:32|F1:10|F2:4|F3:4|F4:4,28730,0,0,0,0,0,0,0,0,28730,46,0,false,false,32,0.3374,1.0000,19
2026-05-06 04:22:04,run_1778011901552,94,49,14050,v3,16,true,32,15,0,0.0,14,9.3288,-8.4423,0.8865,0.17287,AGENT_STOP,2,F0:10|F1:3|F2:1,7989,0,0,0,0,0,0,0,0,7989,18,0,false,false,32,0.3072,1.0000,18
2026-05-06 04:22:25,run_1778011901552,94,59,14060,v3,16,true,32,55,0,0.0,56,70.3382,-15.9578,54.3803,0.17265,AGENT_STOP,3,F0:32|F1:20|F2:3|F3:1,28895,0,0,0,0,0,0,0,0,28895,52,0,false,false,32,0.3190,1.0000,20
2026-05-06 04:22:38,run_1778011901552,94,69,14070,v3,16,true,32,8,0,0.0,7,3.9220,-5.9788,-2.0568,0.17244,AGENT_STOP,1,F0:6|F1:1,3833,0,0,0,0,0,0,0,0,3833,7,0,false,false,32,0.3009,1.0000,18
2026-05-06 04:22:57,run_1778011901552,94,79,14080,v3,16,true,32,36,1,2.8,35,25.4002,-11.8020,13.5983,0.17223,AGENT_STOP,2,F0:22|F1:12|F2:1,18528,1,0,0,0,0,0,0,0,18527,34,0,false,false,32,0.2912,1.0000,20
2026-05-06 04:23:16,run_1778011901552,94,89,14090,v3,16,true,32,7,0,0.0,6,2.7200,-6.9377,-4.2177,0.17201,AGENT_STOP,0,F0:6,4116,0,0,0,0,0,0,0,0,4116,2,0,false,false,32,0.2744,1.0000,15
2026-05-06 04:23:36,run_1778011901552,94,99,14100,v3,16,true,32,9,0,0.0,8,4.2300,-6.8049,-2.5749,0.17180,AGENT_STOP,0,F0:8,5473,0,0,0,0,0,0,0,0,5473,8,0,false,false,32,0.2703,1.0000,15
2026-05-06 04:23:52,run_1778011901552,94,109,14110,v3,16,true,32,27,0,0.0,26,23.0811,-7.2673,15.8139,0.17159,AGENT_STOP,2,F0:12|F1:8|F2:6,15243,0,0,0,0,0,0,0,0,15243,23,0,false,false,32,0.3058,1.0000,20
2026-05-06 04:24:15,run_1778011901552,94,119,14120,v3,16,true,32,52,1,1.9,50,43.8076,-12.7877,31.0199,0.17137,AGENT_STOP,3,F0:23|F1:14|F2:11|F3:2,27831,1,0,0,0,0,1,0,0,27829,46,0,false,false,32,0.3200,1.0000,19
2026-05-06 04:24:37,run_1778011901552,94,129,14130,v3,16,true,32,35,0,0.0,35,34.1384,-7.7447,26.3937,0.17116,AGENT_STOP,3,F0:14|F1:10|F2:8|F3:3,17996,0,0,0,0,0,0,0,0,17996,33,0,false,false,32,0.3142,1.0000,20
2026-05-06 04:24:54,run_1778011901552,94,139,14140,v3,16,true,32,55,11,20.0,45,42.6565,-12.3146,30.3419,0.17095,MAX_STEPS,3,F0:22|F1:14|F2:7|F3:2,29151,11,0,0,0,0,0,0,0,29140,50,0,false,false,32,0.3153,1.0000,20
2026-05-06 04:25:07,run_1778011901552,94,149,14150,v3,16,true,32,32,0,0.0,31,27.4083,-15.4134,11.9950,0.17074,AGENT_STOP,2,F0:21|F1:8|F2:2,17581,0,0,0,0,0,0,0,0,17581,28,0,false,false,32,0.3201,1.0000,19
2026-05-06 04:25:31,run_1778011901552,95,9,14160,v3,16,true,32,45,0,0.0,44,53.5950,-9.1432,44.4519,0.17053,AGENT_STOP,3,F0:27|F1:10|F2:5|F3:2,25732,0,0,0,0,0,0,0,0,25732,41,0,false,false,32,0.3303,1.0000,19
2026-05-06 04:25:52,run_1778011901552,95,19,14170,v3,16,true,32,51,0,0.0,51,57.6187,-14.6483,42.9704,0.17032,AGENT_STOP,2,F0:30|F1:20|F2:1,25774,0,0,0,0,0,0,0,0,25774,53,0,false,false,32,0.3106,1.0000,20
2026-05-06 04:26:12,run_1778011901552,95,29,14180,v3,16,true,32,33,0,0.0,32,30.0908,-6.1086,23.9823,0.17010,MASK_EMPTY,2,F0:17|F1:12|F2:3,17212,0,0,0,0,0,1,0,0,17211,29,0,false,false,32,0.3055,1.0000,20
2026-05-06 04:26:28,run_1778011901552,95,39,14190,v3,16,true,32,24,0,0.0,24,20.5603,-4.6684,15.8919,0.16989,AGENT_STOP,2,F0:10|F1:10|F2:4,12230,0,0,0,0,0,0,0,0,12230,24,0,false,false,32,0.3073,1.0000,18
2026-05-06 04:26:48,run_1778011901552,95,49,14200,v3,16,true,32,12,0,0.0,11,6.2240,-10.2144,-3.9904,0.16968,AGENT_STOP,1,F0:9|F1:2,5677,0,0,0,0,0,0,0,0,5677,9,0,false,false,32,0.2938,1.0000,18
2026-05-06 04:27:06,run_1778011901552,95,59,14210,v3,16,true,32,11,0,0.0,11,6.0500,-6.6781,-0.6281,0.16947,AGENT_STOP,0,F0:11,5821,0,0,0,0,0,0,0,0,5821,11,0,false,false,32,0.2960,1.0000,16
2026-05-06 04:27:22,run_1778011901552,95,69,14220,v3,16,true,32,19,0,0.0,18,11.9168,-14.0134,-2.0966,0.16926,AGENT_STOP,1,F0:12|F1:6,10276,0,0,0,0,0,0,0,0,10276,16,0,false,false,32,0.2880,1.0000,19
2026-05-06 04:27:39,run_1778011901552,95,79,14230,v3,16,true,32,14,0,0.0,13,9.6696,-5.0925,4.5771,0.16905,AGENT_STOP,2,F0:7|F1:5|F2:1,8020,0,0,0,0,0,0,0,0,8020,13,0,false,false,32,0.3085,1.0000,18
2026-05-06 04:27:54,run_1778011901552,95,89,14240,v3,16,true,32,55,0,0.0,57,71.6197,-8.0387,63.5810,0.16884,MAX_STEPS,2,F0:33|F1:21|F2:3,28844,0,0,0,0,0,0,0,0,28844,40,0,false,false,32,0.3164,1.0000,20
2026-05-06 04:28:17,run_1778011901552,95,99,14250,v3,16,true,32,34,7,20.6,28,10.4934,-10.4763,0.0170,0.16863,NO_VALID_ACTIONS,2,F0:22|F1:4|F2:2,17849,7,0,0,0,0,1,0,0,17841,30,0,false,false,32,0.2979,1.0000,20
2026-05-06 04:28:32,run_1778011901552,95,109,14260,v3,16,true,32,55,2,3.6,55,45.2273,-18.1716,27.0557,0.16842,MAX_STEPS,3,F0:28|F1:9|F2:12|F3:6,27978,2,0,0,0,0,0,0,0,27976,52,0,false,false,32,0.3118,1.0000,20
2026-05-06 04:28:53,run_1778011901552,95,119,14270,v3,16,true,32,19,0,0.0,19,13.4123,-9.4055,4.0068,0.16822,AGENT_STOP,3,F0:12|F1:4|F2:2|F3:1,10357,0,0,0,0,0,0,0,0,10357,19,0,false,false,32,0.3108,1.0000,18
2026-05-06 04:29:10,run_1778011901552,95,129,14280,v3,16,true,32,12,0,0.0,12,6.8700,-7.9858,-1.1158,0.16801,AGENT_STOP,0,F0:12,6122,0,0,0,0,0,1,0,0,6121,8,0,false,false,32,0.2846,1.0000,16
2026-05-06 04:29:33,run_1778011901552,95,139,14290,v3,16,true,32,54,0,0.0,55,68.4313,-9.7807,58.6506,0.16780,AGENT_STOP,3,F0:25|F1:13|F2:11|F3:6,28774,0,0,0,0,0,1,0,0,28773,52,0,false,false,32,0.3250,1.0000,20
2026-05-06 04:29:52,run_1778011901552,95,149,14300,v3,16,true,32,55,0,0.0,56,72.7162,-15.6439,57.0723,0.16759,MAX_STEPS,4,F0:26|F1:15|F2:11|F3:2|F4:2,28892,0,0,0,0,0,0,0,0,28892,48,0,false,false,32,0.3169,1.0000,20
2026-05-06 04:30:12,run_1778011901552,96,9,14310,v3,16,true,32,43,0,0.0,44,48.3753,-12.6203,35.7550,0.16738,AGENT_STOP,4,F0:25|F1:8|F2:4|F3:5|F4:2,22285,0,0,0,0,0,0,0,0,22285,40,0,false,false,32,0.3184,1.0000,20
2026-05-06 04:30:30,run_1778011901552,96,19,14320,v3,16,true,32,32,0,0.0,31,26.6572,-19.8516,6.8056,0.16718,AGENT_STOP,2,F0:19|F1:11|F2:1,16777,0,0,0,0,0,0,0,0,16777,26,0,false,false,32,0.2938,1.0000,20
2026-05-06 04:30:54,run_1778011901552,96,29,14330,v3,16,true,32,28,0,0.0,27,22.3872,-9.0056,13.3816,0.16697,AGENT_STOP,2,F0:14|F1:7|F2:6,14438,0,0,0,0,0,0,0,0,14438,28,0,false,false,32,0.2948,1.0000,20
2026-05-06 04:31:12,run_1778011901552,96,39,14340,v3,16,true,32,38,0,0.0,37,37.3228,-9.4540,27.8687,0.16676,AGENT_STOP,3,F0:16|F1:9|F2:10|F3:2,20736,0,0,0,0,0,0,0,0,20736,68,0,false,false,32,0.3047,1.0000,20
2026-05-06 04:31:33,run_1778011901552,96,49,14350,v3,16,true,32,35,0,0.0,34,30.0376,-13.7720,16.2656,0.16656,AGENT_STOP,2,F0:28|F1:3|F2:3,18211,0,0,0,0,0,0,0,0,18211,32,0,false,false,32,0.3040,1.0000,19
2026-05-06 04:31:47,run_1778011901552,96,59,14360,v3,16,true,32,55,0,0.0,57,73.7490,-9.4799,64.2690,0.16635,MAX_STEPS,4,F0:30|F1:7|F2:6|F3:8|F4:6,28616,0,0,0,0,0,0,0,0,28616,52,0,false,false,32,0.3224,1.0000,20
2026-05-06 04:32:08,run_1778011901552,96,69,14370,v3,16,true,32,19,0,0.0,18,13.0146,-8.2188,4.7959,0.16614,AGENT_STOP,2,F0:10|F1:7|F2:1,10135,0,0,0,0,0,0,0,0,10135,15,0,false,false,32,0.3107,1.0000,19
2026-05-06 04:32:27,run_1778011901552,96,79,14380,v3,16,true,32,41,0,0.0,43,44.2292,-11.2990,32.9301,0.16594,AGENT_STOP,3,F0:19|F1:12|F2:9|F3:3,23352,0,0,0,0,0,0,0,0,23352,33,0,false,false,32,0.3153,1.0000,19
2026-05-06 04:32:45,run_1778011901552,96,89,14390,v3,16,true,32,17,0,0.0,16,12.2775,-5.7582,6.5193,0.16573,AGENT_STOP,2,F0:10|F1:4|F2:2,9982,0,0,0,0,0,1,0,0,9981,13,0,false,false,32,0.3000,1.0000,18
2026-05-06 04:33:02,run_1778011901552,96,99,14400,v3,16,true,32,11,0,0.0,10,6.6147,-5.9118,0.7029,0.16553,AGENT_STOP,2,F0:5|F1:3|F2:2,6162,0,0,0,0,0,0,0,0,6162,8,0,false,false,32,0.3138,1.0000,18
2026-05-06 04:33:17,run_1778011901552,96,109,14410,v3,16,true,32,8,0,0.0,7,4.3720,-5.2645,-0.8925,0.16532,AGENT_STOP,1,F0:6|F1:1,3797,0,0,0,0,0,0,0,0,3797,8,0,false,false,32,0.3041,1.0000,18
2026-05-06 04:33:33,run_1778011901552,96,119,14420,v3,16,true,32,27,0,0.0,28,23.2472,-5.3404,17.9068,0.16512,AGENT_STOP,2,F0:17|F1:7|F2:4,14640,0,0,0,0,0,0,0,0,14640,24,0,false,false,32,0.3191,1.0000,18
2026-05-06 04:33:56,run_1778011901552,96,129,14430,v3,16,true,32,55,22,40.0,34,22.7349,-8.9805,13.7544,0.16491,MAX_STEPS,3,F0:18|F1:8|F2:5|F3:3,28198,22,0,0,0,0,0,0,0,28176,55,0,false,false,32,0.3085,1.0000,20
2026-05-06 04:34:16,run_1778011901552,96,139,14440,v3,16,true,32,33,0,0.0,33,31.1991,-7.0052,24.1939,0.16471,AGENT_STOP,2,F0:20|F1:9|F2:4,18552,0,0,0,0,0,0,0,0,18552,30,0,false,false,32,0.3086,1.0000,20
2026-05-06 04:34:32,run_1778011901552,96,149,14450,v3,16,true,32,30,0,0.0,30,25.3860,-9.5419,15.8441,0.16450,AGENT_STOP,2,F0:14|F1:11|F2:5,16429,0,0,0,0,0,0,0,0,16429,24,0,false,false,32,0.3079,1.0000,19
2026-05-06 04:34:49,run_1778011901552,97,9,14460,v3,16,true,32,21,0,0.0,20,15.6310,-4.6126,11.0185,0.16430,AGENT_STOP,2,F0:7|F1:12|F2:1,12343,0,0,0,0,0,0,0,0,12343,20,0,false,false,32,0.2865,1.0000,19
2026-05-06 04:35:04,run_1778011901552,97,19,14470,v3,16,true,32,12,0,0.0,11,7.6512,-4.8225,2.8287,0.16409,AGENT_STOP,1,F0:7|F1:4,6321,0,0,0,0,0,0,0,0,6321,11,0,false,false,32,0.2901,1.0000,18
2026-05-06 04:35:32,run_1778011901552,97,29,14480,v3,16,true,32,41,5,12.2,35,30.1800,-7.1037,23.0763,0.16389,AGENT_STOP,1,F0:17|F1:18,22142,5,0,0,0,0,0,0,0,22137,35,0,false,false,32,0.2945,1.0000,20
2026-05-06 04:35:57,run_1778011901552,97,39,14490,v3,16,true,32,55,0,0.0,58,75.3773,-10.3383,65.0390,0.16369,MAX_STEPS,4,F0:30|F1:8|F2:15|F3:3|F4:2,30307,0,0,0,0,0,0,0,0,30307,50,0,false,false,32,0.3271,1.0000,19
2026-05-06 04:36:17,run_1778011901552,97,49,14500,v3,16,true,32,27,2,7.4,24,20.9636,-6.2413,14.7223,0.16349,AGENT_STOP,2,F0:9|F1:10|F2:5,15239,2,0,0,0,0,0,0,0,15237,22,0,false,false,32,0.3010,1.0000,19
2026-05-06 04:36:38,run_1778011901552,97,59,14510,v3,16,true,32,22,0,0.0,22,16.2284,-6.9052,9.3232,0.16328,AGENT_STOP,1,F0:13|F1:9,12400,0,0,0,0,0,0,0,0,12400,22,0,false,false,32,0.2841,1.0000,20
2026-05-06 04:36:56,run_1778011901552,97,69,14520,v3,16,true,32,29,0,0.0,28,23.6025,-12.8821,10.7204,0.16308,AGENT_STOP,2,F0:20|F1:6|F2:2,16753,0,0,0,0,0,0,0,0,16753,22,0,false,false,32,0.3340,1.0000,19
2026-05-06 04:37:12,run_1778011901552,97,79,14530,v3,16,true,32,18,0,0.0,17,12.1934,-9.8798,2.3135,0.16288,AGENT_STOP,2,F0:9|F1:6|F2:2,10757,0,0,0,0,0,0,0,0,10757,22,0,false,false,32,0.3055,1.0000,19
2026-05-06 04:37:27,run_1778011901552,97,89,14540,v3,16,true,32,30,1,3.3,29,18.1914,-8.7693,9.4221,0.16268,AGENT_STOP,2,F0:19|F1:5|F2:5,16748,1,0,0,0,0,0,0,0,16747,28,0,false,false,32,0.2989,1.0000,20
2026-05-06 04:37:48,run_1778011901552,97,99,14550,v3,16,true,32,55,0,0.0,56,78.3590,-8.0377,70.3213,0.16247,MAX_STEPS,5,F0:19|F1:10|F2:7|F3:14|F4:5|F5:1,29099,0,0,0,0,0,0,0,0,29099,53,0,false,false,32,0.3320,1.0000,20
2026-05-06 04:38:08,run_1778011901552,97,109,14560,v3,16,true,32,34,0,0.0,34,29.6597,-16.2362,13.4235,0.16227,AGENT_STOP,3,F0:21|F1:8|F2:4|F3:1,18416,0,0,0,0,0,0,0,0,18416,27,0,false,false,32,0.3150,1.0000,19
2026-05-06 04:38:31,run_1778011901552,97,119,14570,v3,16,true,32,36,1,2.8,35,29.0114,-5.9690,23.0424,0.16207,AGENT_STOP,2,F0:17|F1:17|F2:1,20080,1,0,0,0,0,0,0,0,20079,33,0,false,false,32,0.3066,1.0000,19
2026-05-06 04:38:55,run_1778011901552,97,129,14580,v3,16,true,32,7,0,0.0,6,2.3800,-11.0309,-8.6509,0.16187,AGENT_STOP,0,F0:6,3753,0,0,0,0,0,0,0,0,3753,8,0,false,false,32,0.2671,1.0000,15
2026-05-06 04:39:10,run_1778011901552,97,139,14590,v3,16,true,32,36,0,0.0,35,34.2932,-11.4082,22.8850,0.16167,AGENT_STOP,3,F0:21|F1:9|F2:4|F3:1,18729,0,0,0,0,0,0,0,0,18729,28,0,false,false,32,0.3120,1.0000,19
2026-05-06 04:39:28,run_1778011901552,97,149,14600,v3,16,true,32,22,0,0.0,21,15.2096,-26.3060,-11.0964,0.16147,AGENT_STOP,2,F0:15|F1:5|F2:1,12382,0,0,0,0,0,0,0,0,12382,20,0,false,false,32,0.3135,1.0000,19
2026-05-06 04:39:47,run_1778011901552,98,9,14610,v3,16,true,32,55,0,0.0,60,74.1568,-13.6044,60.5524,0.16127,MAX_STEPS,3,F0:23|F1:15|F2:15|F3:7,28381,0,0,0,0,0,0,0,0,28381,50,0,false,false,32,0.3174,1.0000,20
2026-05-06 04:40:12,run_1778011901552,98,19,14620,v3,16,true,32,55,0,0.0,59,73.6838,-10.2812,63.4026,0.16107,MAX_STEPS,3,F0:31|F1:21|F2:3|F3:4,29554,0,0,0,0,0,0,0,0,29554,54,0,false,false,32,0.3305,1.0000,20
2026-05-06 04:40:32,run_1778011901552,98,29,14630,v3,16,true,32,55,0,0.0,58,72.1054,-13.9823,58.1231,0.16087,MAX_STEPS,3,F0:25|F1:14|F2:18|F3:1,28855,0,0,0,0,0,0,0,0,28855,48,0,false,false,32,0.3257,1.0000,20
2026-05-06 04:40:50,run_1778011901552,98,39,14640,v3,16,true,32,55,0,0.0,58,77.2742,-9.4156,67.8586,0.16067,MAX_STEPS,4,F0:22|F1:18|F2:6|F3:5|F4:7,28122,0,0,0,0,0,0,0,0,28122,48,0,false,false,32,0.3201,1.0000,20
2026-05-06 04:41:06,run_1778011901552,98,49,14650,v3,16,true,32,12,0,0.0,11,7.5728,-4.8242,2.7486,0.16047,AGENT_STOP,1,F0:8|F1:3,6256,0,0,0,0,0,0,0,0,6256,9,0,false,false,32,0.3071,1.0000,18
2026-05-06 04:41:28,run_1778011901552,98,59,14660,v3,16,true,32,22,0,0.0,21,14.5060,-10.5297,3.9763,0.16027,AGENT_STOP,1,F0:18|F1:3,11423,0,0,0,0,0,0,0,0,11423,20,0,false,false,32,0.3072,1.0000,19
2026-05-06 04:41:51,run_1778011901552,98,69,14670,v3,16,true,32,47,0,0.0,46,52.8329,-13.7042,39.1288,0.16007,AGENT_STOP,4,F0:20|F1:8|F2:8|F3:7|F4:3,23500,0,0,0,0,0,1,0,0,23499,38,0,false,false,32,0.3074,1.0000,20
2026-05-06 04:42:07,run_1778011901552,98,79,14680,v3,16,true,32,18,0,0.0,17,12.0524,-6.6670,5.3854,0.15988,AGENT_STOP,1,F0:11|F1:6,9124,0,0,0,0,0,0,0,0,9124,17,0,false,false,32,0.2657,1.0000,19
2026-05-06 04:42:27,run_1778011901552,98,89,14690,v3,16,true,32,31,0,0.0,30,27.6801,-8.7296,18.9505,0.15968,AGENT_STOP,2,F0:18|F1:10|F2:2,17416,0,0,0,0,0,0,0,0,17416,27,0,false,false,32,0.3183,1.0000,19
2026-05-06 04:42:47,run_1778011901552,98,99,14700,v3,16,true,32,15,0,0.0,14,10.5896,-4.7749,5.8147,0.15948,AGENT_STOP,1,F0:8|F1:6,8458,0,0,0,0,0,0,0,0,8458,10,0,false,false,32,0.3035,1.0000,18
2026-05-06 04:43:07,run_1778011901552,98,109,14710,v3,16,true,32,24,0,0.0,23,18.2232,-7.4433,10.7799,0.15928,AGENT_STOP,2,F0:17|F1:4|F2:2,12784,0,0,0,0,0,0,0,0,12784,28,0,false,false,32,0.3213,1.0000,18
2026-05-06 04:43:26,run_1778011901552,98,119,14720,v3,16,true,32,20,0,0.0,21,14.6024,-6.5294,8.0730,0.15908,AGENT_STOP,1,F0:11|F1:10,10460,0,0,0,0,0,0,0,0,10460,19,0,false,false,32,0.3140,1.0000,19
2026-05-06 04:43:48,run_1778011901552,98,129,14730,v3,16,true,32,55,2,3.6,56,56.0614,-6.3136,49.7478,0.15889,MAX_STEPS,4,F0:32|F1:8|F2:8|F3:4|F4:4,28622,2,0,0,0,0,0,0,0,28620,55,0,false,false,32,0.3254,1.0000,20
2026-05-06 04:44:09,run_1778011901552,98,139,14740,v3,16,true,32,30,0,0.0,29,26.3860,-8.6944,17.6916,0.15869,AGENT_STOP,1,F0:23|F1:6,16143,0,0,0,0,0,1,0,0,16142,23,0,false,false,32,0.3309,1.0000,19
2026-05-06 04:44:30,run_1778011901552,98,149,14750,v3,16,true,32,55,0,0.0,58,69.7862,-13.0827,56.7035,0.15849,MAX_STEPS,3,F0:31|F1:15|F2:8|F3:4,28373,0,0,0,0,0,1,0,0,28372,43,0,false,false,32,0.3117,1.0000,20
2026-05-06 04:44:48,run_1778011901552,99,9,14760,v3,16,true,32,28,0,0.0,27,23.2340,-8.4992,14.7348,0.15830,AGENT_STOP,4,F0:12|F1:7|F2:4|F3:3|F4:1,15338,0,0,0,0,0,0,0,0,15338,22,0,false,false,32,0.3201,1.0000,20
2026-05-06 04:45:03,run_1778011901552,99,19,14770,v3,16,true,32,13,0,0.0,12,6.0700,-11.6452,-5.5752,0.15810,AGENT_STOP,0,F0:12,7591,0,0,0,0,0,0,0,0,7591,9,0,false,false,32,0.2704,1.0000,16
2026-05-06 04:45:22,run_1778011901552,99,29,14780,v3,16,true,32,55,0,0.0,57,71.1603,-17.3954,53.7649,0.15791,MAX_STEPS,3,F0:39|F1:9|F2:5|F3:4,29535,0,0,0,0,0,0,0,0,29535,53,0,false,false,32,0.3299,1.0000,19
2026-05-06 04:45:42,run_1778011901552,99,39,14790,v3,16,true,32,18,0,0.0,17,11.6106,-9.8599,1.7507,0.15771,AGENT_STOP,2,F0:9|F1:7|F2:1,10450,0,0,0,0,0,1,0,0,10449,15,0,false,false,32,0.2928,1.0000,20
2026-05-06 04:46:04,run_1778011901552,99,49,14800,v3,16,true,32,55,0,0.0,56,69.2027,-13.4335,55.7692,0.15751,MAX_STEPS,3,F0:31|F1:17|F2:6|F3:2,29276,0,0,0,0,0,0,0,0,29276,54,0,false,false,32,0.3188,1.0000,20
2026-05-06 04:46:26,run_1778011901552,99,59,14810,v3,16,true,32,19,0,0.0,18,13.3876,-7.0349,6.3527,0.15732,AGENT_STOP,1,F0:13|F1:5,9903,0,0,0,0,0,0,0,0,9903,14,0,false,false,32,0.2871,1.0000,18
2026-05-06 04:46:50,run_1778011901552,99,69,14820,v3,16,true,32,44,0,0.0,46,46.9408,-14.0446,32.8962,0.15712,AGENT_STOP,2,F0:32|F1:8|F2:6,22852,0,0,0,0,0,1,0,0,22851,44,0,false,false,32,0.3110,1.0000,20
2026-05-06 04:47:10,run_1778011901552,99,79,14830,v3,16,true,32,48,1,2.1,47,45.3915,-7.7442,37.6473,0.15693,AGENT_STOP,3,F0:22|F1:7|F2:15|F3:3,24894,1,0,0,0,0,1,0,0,24892,45,0,false,false,32,0.3149,1.0000,20
2026-05-06 04:47:28,run_1778011901552,99,89,14840,v3,16,true,32,7,0,0.0,6,3.6720,-5.3557,-1.6837,0.15673,AGENT_STOP,1,F0:5|F1:1,3966,0,0,0,0,0,0,0,0,3966,8,0,false,false,32,0.2914,1.0000,18
2026-05-06 04:47:39,run_1778011901552,99,99,14850,v3,16,true,32,10,0,0.0,9,5.6920,-5.0718,0.6202,0.15654,AGENT_STOP,1,F0:5|F1:4,5253,0,0,0,0,0,0,0,0,5253,9,0,false,false,32,0.2640,1.0000,19
2026-05-06 04:47:58,run_1778011901552,99,109,14860,v3,16,true,32,24,0,0.0,24,18.7604,-8.2968,10.4636,0.15635,AGENT_STOP,1,F0:14|F1:10,12507,0,0,0,0,0,0,0,0,12507,18,0,false,false,32,0.3107,1.0000,18
2026-05-06 04:48:15,run_1778011901552,99,119,14870,v3,16,true,32,55,0,0.0,57,79.7226,-8.7377,70.9849,0.15615,MAX_STEPS,4,F0:25|F1:7|F2:7|F3:7|F4:11,27372,0,0,0,0,0,0,0,0,27372,41,0,false,false,32,0.3240,1.0000,20
2026-05-06 04:48:26,run_1778011901552,99,129,14880,v3,16,true,32,8,0,0.0,7,3.9140,-6.4164,-2.5024,0.15596,AGENT_STOP,1,F0:5|F1:2,4162,0,0,0,0,0,0,0,0,4162,5,0,false,false,32,0.3114,1.0000,18
2026-05-06 04:48:43,run_1778011901552,99,139,14890,v3,16,true,32,8,0,0.0,7,4.1000,-5.7869,-1.6869,0.15577,AGENT_STOP,0,F0:7,3629,0,0,0,0,0,0,0,0,3629,4,0,false,false,32,0.2607,1.0000,15
2026-05-06 04:49:06,run_1778011901552,99,149,14900,v3,16,true,32,37,1,2.7,36,29.6781,-8.8810,20.7971,0.15557,AGENT_STOP,3,F0:15|F1:10|F2:10|F3:1,21454,1,0,0,0,0,0,0,0,21453,38,0,false,false,32,0.3063,1.0000,19
2026-05-06 04:49:26,run_1778011901552,100,9,14910,v3,16,true,32,15,0,0.0,14,9.8628,-9.0195,0.8433,0.15538,AGENT_STOP,2,F0:10|F1:3|F2:1,7753,0,0,0,0,0,1,0,0,7752,12,0,false,false,32,0.2946,1.0000,19
2026-05-06 04:49:50,run_1778011901552,100,19,14920,v3,16,true,32,50,0,0.0,49,57.1906,-19.4136,37.7770,0.15519,AGENT_STOP,4,F0:26|F1:11|F2:3|F3:4|F4:5,26092,0,0,0,0,0,0,0,0,26092,47,0,false,false,32,0.3092,1.0000,20
2026-05-06 04:50:09,run_1778011901552,100,29,14930,v3,16,true,32,23,0,0.0,23,19.4186,-6.9035,12.5151,0.15499,AGENT_STOP,3,F0:11|F1:3|F2:4|F3:5,12545,0,0,0,0,0,1,0,0,12544,24,0,false,false,32,0.3142,1.0000,18
2026-05-06 04:50:23,run_1778011901552,100,39,14940,v3,16,true,32,26,0,0.0,26,23.0602,-8.5361,14.5241,0.15480,AGENT_STOP,4,F0:13|F1:4|F2:6|F3:2|F4:1,14391,0,0,0,0,0,1,0,0,14390,26,0,false,false,32,0.3167,1.0000,18
2026-05-06 04:50:43,run_1778011901552,100,49,14950,v3,16,true,32,17,0,0.0,18,12.4384,-8.4102,4.0282,0.15461,AGENT_STOP,2,F0:10|F1:7|F2:1,9760,0,0,0,0,0,0,0,0,9760,13,0,false,false,32,0.3161,1.0000,19
2026-05-06 04:51:04,run_1778011901552,100,59,14960,v3,16,true,32,39,2,5.1,36,23.3889,-7.1312,16.2576,0.15442,AGENT_STOP,2,F0:20|F1:13|F2:3,20230,2,0,0,0,0,1,0,0,20227,39,0,false,false,32,0.3014,1.0000,20
2026-05-06 04:51:25,run_1778011901552,100,69,14970,v3,16,true,32,31,1,3.2,31,19.4136,-9.6246,9.7890,0.15423,AGENT_STOP,2,F0:17|F1:10|F2:4,17073,1,0,0,0,0,0,0,0,17072,33,0,false,false,32,0.2997,1.0000,20
2026-05-06 04:51:42,run_1778011901552,100,79,14980,v3,16,true,32,17,0,0.0,17,13.0629,-9.8448,3.2181,0.15404,AGENT_STOP,3,F0:7|F1:3|F2:2|F3:5,10616,0,0,0,0,0,0,0,0,10616,17,0,false,false,32,0.3240,1.0000,19
2026-05-06 04:52:00,run_1778011901552,100,89,14990,v3,16,true,32,27,0,0.0,27,22.1102,-8.4450,13.6652,0.15385,AGENT_STOP,2,F0:17|F1:7|F2:3,14899,0,0,0,0,0,1,0,0,14898,20,0,false,false,32,0.3066,1.0000,19
2026-05-06 04:52:20,run_1778011901552,100,99,15000,v3,16,true,32,55,0,0.0,57,79.2177,-7.3470,71.8707,0.15366,MAX_STEPS,5,F0:30|F1:7|F2:5|F3:6|F4:6|F5:3,29623,0,0,0,0,0,0,0,0,29623,57,0,false,false,32,0.3350,1.0000,19
2026-05-06 04:52:40,run_1778011901552,100,109,15010,v3,16,true,32,7,0,0.0,6,3.2820,-5.9369,-2.6549,0.15346,AGENT_STOP,1,F0:5|F1:1,3797,0,0,0,0,0,1,0,0,3796,5,0,false,false,32,0.2983,1.0000,18
2026-05-06 04:53:01,run_1778011901552,100,119,15020,v3,16,true,32,11,0,0.0,10,5.8240,-8.3325,-2.5085,0.15327,AGENT_STOP,1,F0:8|F1:2,5673,0,0,0,0,0,0,0,0,5673,8,0,false,false,32,0.2871,1.0000,18
2026-05-06 04:53:20,run_1778011901552,100,129,15030,v3,16,true,32,15,0,0.0,15,9.7876,-6.3687,3.4189,0.15308,AGENT_STOP,1,F0:10|F1:5,8179,0,0,0,0,0,0,0,0,8179,13,0,false,false,32,0.3059,1.0000,19
2026-05-06 04:53:37,run_1778011901552,100,139,15040,v3,16,true,32,55,0,0.0,55,71.2494,-12.7932,58.4561,0.15289,MAX_STEPS,4,F0:31|F1:15|F2:4|F3:2|F4:3,28217,0,0,0,0,0,0,0,0,28217,46,0,false,false,32,0.3152,1.0000,20
2026-05-06 04:53:55,run_1778011901552,100,149,15050,v3,16,true,32,15,0,0.0,14,9.4128,-6.9681,2.4447,0.15271,AGENT_STOP,1,F0:7|F1:7,8141,0,0,0,0,0,0,0,0,8141,9,0,false,false,32,0.2797,1.0000,19
2026-05-06 04:54:14,run_1778011901552,101,9,15060,v3,16,true,32,44,0,0.0,43,50.9462,-9.5306,41.4156,0.15252,AGENT_STOP,3,F0:23|F1:12|F2:4|F3:4,23573,0,0,0,0,0,1,0,0,23572,42,0,false,false,32,0.3129,1.0000,19
2026-05-06 04:54:32,run_1778011901552,101,19,15070,v3,16,true,32,28,0,0.0,27,22.9940,-6.7673,16.2267,0.15233,AGENT_STOP,1,F0:22|F1:5,14789,0,0,0,0,0,0,0,0,14789,23,0,false,false,32,0.3044,1.0000,19
2026-05-06 04:54:51,run_1778011901552,101,29,15080,v3,16,true,32,38,1,2.6,36,38.6536,-6.7680,31.8856,0.15214,AGENT_STOP,3,F0:15|F1:13|F2:7|F3:1,20926,1,0,0,0,0,2,0,0,20923,27,0,false,false,32,0.3131,1.0000,18
2026-05-06 04:55:16,run_1778011901552,101,39,15090,v3,16,true,32,52,0,0.0,52,65.5455,-6.9424,58.6031,0.15195,AGENT_STOP,4,F0:27|F1:13|F2:7|F3:3|F4:2,29113,0,0,0,0,0,0,0,0,29113,44,0,false,false,32,0.3423,1.0000,19
2026-05-06 04:55:37,run_1778011901552,101,49,15100,v3,16,true,32,9,0,0.0,8,4.7800,-5.6163,-0.8363,0.15176,AGENT_STOP,0,F0:8,5915,0,0,0,0,0,0,0,0,5915,12,0,false,false,32,0.2821,1.0000,15
2026-05-06 04:55:55,run_1778011901552,101,59,15110,v3,16,true,32,7,0,0.0,6,2.7800,-8.1151,-5.3351,0.15157,AGENT_STOP,0,F0:6,3716,0,0,0,0,0,0,0,0,3716,7,0,false,false,32,0.2671,1.0000,15
2026-05-06 04:56:12,run_1778011901552,101,69,15120,v3,16,true,32,12,0,0.0,11,7.1256,-5.6202,1.5054,0.15139,AGENT_STOP,1,F0:7|F1:4,6112,0,0,0,0,0,0,0,0,6112,10,0,false,false,32,0.2863,1.0000,18
2026-05-06 04:56:36,run_1778011901552,101,79,15130,v3,16,true,32,55,1,1.8,55,66.3187,-14.1182,52.2005,0.15120,MAX_STEPS,4,F0:30|F1:9|F2:9|F3:5|F4:2,29141,1,0,0,0,0,0,0,0,29140,52,0,false,false,32,0.3290,1.0000,20
2026-05-06 04:56:51,run_1778011901552,101,89,15140,v3,16,true,32,41,0,0.0,40,43.4879,-8.2084,35.2795,0.15101,AGENT_STOP,2,F0:24|F1:12|F2:4,22049,0,0,0,0,0,0,0,0,22049,62,0,false,false,32,0.2968,1.0000,19
2026-05-06 04:57:05,run_1778011901552,101,99,15150,v3,16,true,32,9,0,0.0,8,4.9428,-5.8254,-0.8826,0.15082,AGENT_STOP,2,F0:4|F1:3|F2:1,5376,0,0,0,0,0,1,0,0,5375,6,0,false,false,32,0.2798,1.0000,18
2026-05-06 04:57:20,run_1778011901552,101,109,15160,v3,16,true,32,35,0,0.0,35,36.8402,-6.5071,30.3330,0.15064,AGENT_STOP,3,F0:15|F1:11|F2:7|F3:2,18653,0,0,0,0,0,0,0,0,18653,33,0,false,false,32,0.3159,1.0000,19
2026-05-06 04:57:41,run_1778011901552,101,119,15170,v3,16,true,32,24,0,0.0,23,16.5904,-12.7930,3.7974,0.15045,AGENT_STOP,2,F0:16|F1:4|F2:3,11773,0,0,0,0,0,1,0,0,11772,21,0,false,false,32,0.3008,1.0000,19
2026-05-06 04:58:03,run_1778011901552,101,129,15180,v3,16,true,32,52,12,23.1,41,38.8806,-8.3045,30.5761,0.15026,AGENT_STOP,5,F0:18|F1:8|F2:3|F3:8|F4:2|F5:2,26693,12,0,0,0,0,1,0,0,26680,52,0,false,false,32,0.3349,1.0000,20
2026-05-06 04:58:18,run_1778011901552,101,139,15190,v3,16,true,32,20,0,0.0,19,15.5325,-4.9737,10.5588,0.15008,AGENT_STOP,2,F0:8|F1:9|F2:2,10877,0,0,0,0,0,0,0,0,10877,15,0,false,false,32,0.2998,1.0000,18
2026-05-06 04:58:40,run_1778011901552,101,149,15200,v3,16,true,32,33,0,0.0,32,30.7038,-10.2085,20.4954,0.14989,AGENT_STOP,2,F0:18|F1:12|F2:2,17789,0,0,0,0,0,0,0,0,17789,31,0,false,false,32,0.2919,1.0000,20
2026-05-06 04:59:02,run_1778011901552,102,9,15210,v3,16,true,32,30,0,0.0,30,25.7744,-5.1558,20.6186,0.14970,AGENT_STOP,1,F0:19|F1:11,17036,0,0,0,0,0,0,0,0,17036,22,0,false,false,32,0.3222,1.0000,19
2026-05-06 04:59:22,run_1778011901552,102,19,15220,v3,16,true,32,30,0,0.0,29,23.1316,-15.1889,7.9427,0.14952,AGENT_STOP,1,F0:17|F1:12,14833,0,0,0,0,0,0,0,0,14833,26,0,false,false,32,0.2875,1.0000,20
2026-05-06 04:59:45,run_1778011901552,102,29,15230,v3,16,true,32,55,0,0.0,54,71.8741,-12.2083,59.6659,0.14933,AGENT_STOP,4,F0:24|F1:10|F2:9|F3:8|F4:3,29693,0,0,0,0,0,0,0,0,29693,53,0,false,false,32,0.3279,1.0000,19
2026-05-06 05:00:00,run_1778011901552,102,39,15240,v3,16,true,32,7,0,0.0,6,3.7400,-4.9657,-1.2257,0.14915,AGENT_STOP,0,F0:6,3646,0,0,0,0,0,0,0,0,3646,8,0,false,false,32,0.2867,1.0000,15
2026-05-06 05:00:22,run_1778011901552,102,49,15250,v3,16,true,32,28,0,0.0,28,23.4068,-8.4259,14.9809,0.14896,AGENT_STOP,1,F0:20|F1:8,15211,0,0,0,0,0,0,0,0,15211,21,0,false,false,32,0.3265,1.0000,19
2026-05-06 05:00:42,run_1778011901552,102,59,15260,v3,16,true,32,39,0,0.0,38,36.6930,-11.1358,25.5572,0.14878,AGENT_STOP,2,F0:24|F1:13|F2:1,20231,0,0,0,0,0,0,0,0,20231,30,0,false,false,32,0.3052,1.0000,19
2026-05-06 05:00:59,run_1778011901552,102,69,15270,v3,16,true,32,21,0,0.0,20,14.8066,-8.5500,6.2566,0.14859,AGENT_STOP,2,F0:11|F1:6|F2:3,12233,0,0,0,0,0,0,0,0,12233,19,0,false,false,32,0.2893,1.0000,19
2026-05-06 05:01:20,run_1778011901552,102,79,15280,v3,16,true,32,37,0,0.0,36,40.2145,-12.6340,27.5804,0.14841,AGENT_STOP,5,F0:17|F1:5|F2:5|F3:4|F4:3|F5:2,20237,0,0,0,0,0,0,0,0,20237,30,0,false,false,32,0.3221,1.0000,19
2026-05-06 05:01:40,run_1778011901552,102,89,15290,v3,16,true,32,49,0,0.0,48,54.7182,-26.1546,28.5636,0.14823,AGENT_STOP,2,F0:29|F1:15|F2:4,25927,0,0,0,0,0,0,0,0,25927,44,0,false,false,32,0.3031,1.0000,20
2026-05-06 05:02:03,run_1778011901552,102,99,15300,v3,16,true,32,55,0,0.0,58,74.0110,-14.4338,59.5772,0.14804,MAX_STEPS,3,F0:34|F1:12|F2:6|F3:6,28736,0,0,0,0,0,3,0,0,28733,57,0,false,false,32,0.3206,1.0000,20
2026-05-06 05:02:21,run_1778011901552,102,109,15310,v3,16,true,32,11,0,0.0,10,6.1968,-6.1773,0.0195,0.14786,AGENT_STOP,1,F0:7|F1:3,5997,0,0,0,0,0,1,0,0,5996,9,0,false,false,32,0.2854,1.0000,18
2026-05-06 05:02:35,run_1778011901552,102,119,15320,v3,16,true,32,10,0,0.0,9,5.5300,-6.1544,-0.6244,0.14768,AGENT_STOP,0,F0:9,5411,0,0,0,0,0,0,0,0,5411,6,0,false,false,32,0.2798,1.0000,15
2026-05-06 05:02:53,run_1778011901552,102,129,15330,v3,16,true,32,9,0,0.0,8,4.7800,-5.4332,-0.6532,0.14749,AGENT_STOP,0,F0:8,6164,0,0,0,0,0,0,0,0,6164,4,0,false,false,32,0.2965,1.0000,15
2026-05-06 05:03:11,run_1778011901552,102,139,15340,v3,16,true,32,16,0,0.0,15,10.5980,-5.2020,5.3960,0.14731,AGENT_STOP,1,F0:11|F1:4,8298,0,0,0,0,0,0,0,0,8298,13,0,false,false,32,0.3178,1.0000,18
2026-05-06 05:03:33,run_1778011901552,102,149,15350,v3,16,true,32,17,0,0.0,17,11.3520,-6.1708,5.1812,0.14713,AGENT_STOP,1,F0:16|F1:1,10225,0,0,0,0,0,0,0,0,10225,14,0,false,false,32,0.3243,1.0000,18
2026-05-06 05:03:50,run_1778011901552,103,9,15360,v3,16,true,32,13,0,0.0,12,7.1496,-9.0028,-1.8532,0.14695,AGENT_STOP,1,F0:9|F1:3,8128,0,0,0,0,0,0,0,0,8128,10,0,false,false,32,0.3015,1.0000,19
2026-05-06 05:04:15,run_1778011901552,103,19,15370,v3,16,true,32,55,1,1.8,54,54.0437,-17.5207,36.5230,0.14676,MAX_STEPS,4,F0:27|F1:12|F2:10|F3:3|F4:2,29482,1,0,0,0,0,1,0,0,29480,45,0,false,false,32,0.3222,1.0000,20
2026-05-06 05:04:34,run_1778011901552,103,29,15380,v3,16,true,32,45,0,0.0,44,46.8532,-13.3571,33.4961,0.14658,AGENT_STOP,1,F0:28|F1:16,23785,0,0,0,0,0,0,0,0,23785,38,0,false,false,32,0.2921,1.0000,20
2026-05-06 05:04:53,run_1778011901552,103,39,15390,v3,16,true,32,39,0,0.0,40,36.5944,-11.6033,24.9911,0.14640,AGENT_STOP,1,F0:27|F1:13,19937,0,0,0,0,0,1,0,0,19936,44,0,false,false,32,0.3021,1.0000,20
2026-05-06 05:05:13,run_1778011901552,103,49,15400,v3,16,true,32,43,0,0.0,43,44.4994,-6.3585,38.1409,0.14622,AGENT_STOP,2,F0:25|F1:16|F2:2,21894,0,0,0,0,0,0,0,0,21894,39,0,false,false,32,0.3058,1.0000,20
2026-05-06 05:05:38,run_1778011901552,103,59,15410,v3,16,true,32,55,13,23.6,43,24.0872,-7.4104,16.6767,0.14604,MAX_STEPS,3,F0:19|F1:7|F2:15|F3:2,28107,13,0,0,0,0,1,0,0,28093,59,0,false,false,32,0.3185,1.0000,19
2026-05-06 05:06:00,run_1778011901552,103,69,15420,v3,16,true,32,44,2,4.5,41,37.6199,-7.2908,30.3290,0.14586,AGENT_STOP,3,F0:19|F1:13|F2:6|F3:3,22662,2,0,0,0,0,0,0,0,22660,39,0,false,false,32,0.3070,1.0000,20
2026-05-06 05:06:18,run_1778011901552,103,79,15430,v3,16,true,32,55,5,9.1,51,60.8732,-10.6113,50.2619,0.14568,MAX_STEPS,4,F0:25|F1:14|F2:5|F3:6|F4:1,29442,5,0,0,0,0,0,0,0,29437,54,0,false,false,32,0.3171,1.0000,20
2026-05-06 05:06:36,run_1778011901552,103,89,15440,v3,16,true,32,19,0,0.0,18,13.4660,-6.9347,6.5313,0.14549,AGENT_STOP,1,F0:14|F1:4,10419,0,0,0,0,0,0,0,0,10419,17,0,false,false,32,0.2918,1.0000,18
2026-05-06 05:06:56,run_1778011901552,103,99,15450,v3,16,true,32,26,0,0.0,25,19.4640,-16.1209,3.3431,0.14531,AGENT_STOP,1,F0:18|F1:7,14793,0,0,0,0,0,0,0,0,14793,23,0,false,false,32,0.3145,1.0000,19
2026-05-06 05:07:22,run_1778011901552,103,109,15460,v3,16,true,32,55,1,1.8,54,64.8165,-9.0307,55.7858,0.14513,MAX_STEPS,4,F0:29|F1:7|F2:8|F3:7|F4:3,29096,1,0,0,0,0,1,0,0,29094,50,0,false,false,32,0.3141,1.0000,20
2026-05-06 05:07:46,run_1778011901552,103,119,15470,v3,16,true,32,29,0,0.0,29,23.4172,-11.1420,12.2752,0.14495,AGENT_STOP,1,F0:23|F1:6,15858,0,0,0,0,0,1,0,0,15857,26,0,false,false,32,0.2955,1.0000,20
2026-05-06 05:08:05,run_1778011901552,103,129,15480,v3,16,true,32,55,2,3.6,55,56.9350,-17.0519,39.8830,0.14477,MAX_STEPS,4,F0:24|F1:12|F2:7|F3:11|F4:1,28116,2,0,0,0,0,1,0,0,28113,56,0,false,false,32,0.3104,1.0000,20
2026-05-06 05:08:25,run_1778011901552,103,139,15490,v3,16,true,32,55,0,0.0,57,71.5421,-7.7481,63.7940,0.14460,MAX_STEPS,2,F0:32|F1:19|F2:6,29445,0,0,0,0,0,1,0,0,29444,40,0,false,false,32,0.3115,1.0000,20
2026-05-06 05:08:43,run_1778011901552,103,149,15500,v3,16,true,32,44,0,0.0,44,51.3174,-6.6000,44.7175,0.14442,AGENT_STOP,3,F0:26|F1:9|F2:6|F3:3,23210,0,0,0,0,0,0,0,0,23210,35,0,false,false,32,0.3215,1.0000,20
2026-05-06 05:09:05,run_1778011901552,104,9,15510,v3,16,true,32,55,0,0.0,56,75.2732,-9.4877,65.7855,0.14424,MAX_STEPS,3,F0:31|F1:13|F2:8|F3:4,29142,0,0,0,0,0,0,0,0,29142,53,0,false,false,32,0.3199,1.0000,19
2026-05-06 05:09:25,run_1778011901552,104,19,15520,v3,16,true,32,15,0,0.0,14,8.4400,-9.4361,-0.9961,0.14406,AGENT_STOP,1,F0:11|F1:3,8304,0,0,0,0,0,0,0,0,8304,16,0,false,false,32,0.2939,1.0000,18
2026-05-06 05:09:44,run_1778011901552,104,29,15530,v3,16,true,32,55,7,12.7,49,29.4438,-8.4060,21.0378,0.14388,MAX_STEPS,3,F0:22|F1:4|F2:16|F3:7,29661,7,0,0,0,0,0,0,0,29654,55,0,false,false,32,0.3230,1.0000,20
2026-05-06 05:10:01,run_1778011901552,104,39,15540,v3,16,true,32,54,0,0.0,54,68.3401,-9.7079,58.6322,0.14370,AGENT_STOP,3,F0:27|F1:16|F2:7|F3:4,28741,0,0,0,0,0,0,0,0,28741,50,0,false,false,32,0.3223,1.0000,20
2026-05-06 05:10:24,run_1778011901552,104,49,15550,v3,16,true,32,28,0,0.0,28,22.3312,-9.8222,12.5090,0.14352,AGENT_STOP,1,F0:18|F1:10,14084,0,0,0,0,0,0,0,0,14084,26,0,false,false,32,0.2932,1.0000,18
2026-05-06 05:10:46,run_1778011901552,104,59,15560,v3,16,true,32,55,1,1.8,56,45.8981,-22.4534,23.4447,0.14335,MAX_STEPS,4,F0:30|F1:13|F2:7|F3:4|F4:2,30327,1,0,0,0,0,0,0,0,30326,55,0,false,false,32,0.3331,1.0000,20
2026-05-06 05:11:02,run_1778011901552,104,69,15570,v3,16,true,32,10,0,0.0,9,5.1920,-7.5560,-2.3640,0.14317,AGENT_STOP,1,F0:8|F1:1,5736,0,0,0,0,0,0,0,0,5736,10,0,false,false,32,0.3012,1.0000,19
2026-05-06 05:11:21,run_1778011901552,104,79,15580,v3,16,true,32,55,1,1.8,55,65.4341,-7.1227,58.3115,0.14299,MAX_STEPS,5,F0:15|F1:13|F2:11|F3:6|F4:9|F5:1,28467,1,0,0,0,0,0,0,0,28466,52,0,false,false,32,0.3308,1.0000,20
2026-05-06 05:11:46,run_1778011901552,104,89,15590,v3,16,true,32,51,1,2.0,49,57.2233,-4.6479,52.5754,0.14281,AGENT_STOP,2,F0:27|F1:20|F2:2,26077,1,0,0,0,0,0,0,0,26076,49,0,false,false,32,0.2977,1.0000,20
2026-05-06 05:12:06,run_1778011901552,104,99,15600,v3,16,true,32,16,0,0.0,15,9.4028,-11.2954,-1.8926,0.14264,AGENT_STOP,1,F0:12|F1:3,8366,0,0,0,0,0,1,0,0,8365,12,0,false,false,32,0.3094,1.0000,19
2026-05-06 05:12:26,run_1778011901552,104,109,15610,v3,16,true,32,17,0,0.0,16,11.0296,-6.6675,4.3621,0.14246,AGENT_STOP,1,F0:8|F1:8,10781,0,0,0,0,0,0,0,0,10781,13,0,false,false,32,0.2711,1.0000,19
2026-05-06 05:12:47,run_1778011901552,104,119,15620,v3,16,true,32,22,0,0.0,22,17.6988,-5.9550,11.7438,0.14228,AGENT_STOP,3,F0:10|F1:5|F2:5|F3:2,11847,0,0,0,0,0,1,0,0,11846,21,0,false,false,32,0.3031,1.0000,19
2026-05-06 05:13:05,run_1778011901552,104,129,15630,v3,16,true,32,16,0,0.0,15,9.6746,-7.5207,2.1540,0.14211,AGENT_STOP,2,F0:10|F1:4|F2:1,8575,0,0,0,0,0,0,0,0,8575,17,0,false,false,32,0.3009,1.0000,18
2026-05-06 05:13:23,run_1778011901552,104,139,15640,v3,16,true,32,55,18,32.7,37,26.3008,-6.2856,20.0153,0.14193,MAX_STEPS,3,F0:19|F1:5|F2:10|F3:3,28551,18,0,0,0,0,0,0,0,28533,56,0,false,false,32,0.3083,1.0000,20
2026-05-06 05:13:38,run_1778011901552,104,149,15650,v3,16,true,32,11,0,0.0,10,5.6900,-8.1584,-2.4684,0.14175,AGENT_STOP,0,F0:10,5593,0,0,0,0,0,0,0,0,5593,11,0,false,false,32,0.2693,1.0000,15
2026-05-06 05:14:02,run_1778011901552,105,9,15660,v3,16,true,32,21,0,0.0,20,14.4996,-11.4885,3.0111,0.14158,AGENT_STOP,1,F0:14|F1:6,12552,0,0,0,0,0,0,0,0,12552,19,0,false,false,32,0.3053,1.0000,19
2026-05-06 05:14:19,run_1778011901552,105,19,15670,v3,16,true,32,19,0,0.0,18,12.6950,-9.2603,3.4347,0.14140,AGENT_STOP,2,F0:8|F1:9|F2:1,10042,0,0,0,0,0,0,0,0,10042,14,0,false,false,32,0.2837,1.0000,20
2026-05-06 05:14:40,run_1778011901552,105,29,15680,v3,16,true,32,55,0,0.0,56,68.8658,-10.0567,58.8092,0.14123,MAX_STEPS,2,F0:32|F1:22|F2:2,28993,0,0,0,0,0,0,0,0,28993,52,0,false,false,32,0.3063,1.0000,20
2026-05-06 05:14:57,run_1778011901552,105,39,15690,v3,16,true,32,11,0,0.0,10,6.3820,-5.9412,0.4408,0.14105,AGENT_STOP,1,F0:9|F1:1,6072,0,0,0,0,0,0,0,0,6072,7,0,false,false,32,0.3088,1.0000,18
2026-05-06 05:15:17,run_1778011901552,105,49,15700,v3,16,true,32,51,0,0.0,52,66.7034,-9.0694,57.6341,0.14088,AGENT_STOP,4,F0:17|F1:11|F2:12|F3:8|F4:4,25666,0,0,0,0,0,0,0,0,25666,50,0,false,false,32,0.3193,1.0000,20
2026-05-06 05:15:39,run_1778011901552,105,59,15710,v3,16,true,32,30,1,3.3,29,21.5276,-8.4740,13.0536,0.14070,AGENT_STOP,2,F0:17|F1:11|F2:1,16218,1,0,0,0,0,0,0,0,16217,25,0,false,false,32,0.2952,1.0000,20
2026-05-06 05:15:56,run_1778011901552,105,69,15720,v3,16,true,32,9,0,0.0,8,4.7500,-5.3470,-0.5970,0.14053,AGENT_STOP,0,F0:8,5690,0,0,0,0,0,0,0,0,5690,8,0,false,false,32,0.2821,1.0000,15
2026-05-06 05:16:21,run_1778011901552,105,79,15730,v3,16,true,32,28,0,0.0,27,26.0954,-5.0077,21.0876,0.14035,AGENT_STOP,2,F0:14|F1:8|F2:5,14264,0,0,0,0,0,0,0,0,14264,22,0,false,false,32,0.2993,1.0000,18
2026-05-06 05:16:37,run_1778011901552,105,89,15740,v3,16,true,32,13,0,0.0,12,7.6028,-6.7659,0.8369,0.14018,AGENT_STOP,1,F0:9|F1:3,8287,0,0,0,0,0,0,0,0,8287,11,0,false,false,32,0.2968,1.0000,18
2026-05-06 05:16:56,run_1778011901552,105,99,15750,v3,16,true,32,55,5,9.1,50,34.0710,-8.3250,25.7460,0.14001,MAX_STEPS,3,F0:24|F1:15|F2:9|F3:2,28623,5,0,0,0,0,0,0,0,28618,40,0,false,false,32,0.3080,1.0000,20
2026-05-06 05:17:14,run_1778011901552,105,109,15760,v3,16,true,32,30,0,0.0,29,24.5364,-12.4242,12.1122,0.13983,AGENT_STOP,2,F0:22|F1:4|F2:3,16717,0,0,0,0,0,2,0,0,16715,26,0,false,false,32,0.3152,1.0000,19
2026-05-06 05:17:38,run_1778011901552,105,119,15770,v3,16,true,32,38,0,0.0,39,40.1730,-7.0317,33.1413,0.13966,AGENT_STOP,3,F0:24|F1:7|F2:3|F3:5,20729,0,0,0,0,0,0,0,0,20729,36,0,false,false,32,0.3218,1.0000,19
2026-05-06 05:17:55,run_1778011901552,105,129,15780,v3,16,true,32,55,0,0.0,57,71.4592,-12.4707,58.9884,0.13949,MAX_STEPS,3,F0:29|F1:13|F2:8|F3:7,28530,0,0,0,0,0,0,0,0,28530,56,0,false,false,32,0.3121,1.0000,20
2026-05-06 05:18:19,run_1778011901552,105,139,15790,v3,16,true,32,13,0,0.0,12,7.3220,-6.4933,0.8287,0.13931,AGENT_STOP,1,F0:11|F1:1,8543,0,0,0,0,0,1,0,0,8542,11,0,false,false,32,0.3008,1.0000,18
2026-05-06 05:18:37,run_1778011901552,105,149,15800,v3,16,true,32,20,0,0.0,19,13.1790,-11.5515,1.6276,0.13914,AGENT_STOP,2,F0:10|F1:8|F2:1,10213,0,0,0,0,0,0,0,0,10213,15,0,false,false,32,0.2902,1.0000,20
2026-05-06 05:18:56,run_1778011901552,106,9,15810,v3,16,true,32,7,0,0.0,6,3.3200,-5.8720,-2.5520,0.13897,AGENT_STOP,0,F0:6,3727,0,0,0,0,0,0,0,0,3727,6,0,false,false,32,0.2671,1.0000,15
2026-05-06 05:19:19,run_1778011901552,106,19,15820,v3,16,true,32,20,0,0.0,20,14.7076,-7.6678,7.0398,0.13880,AGENT_STOP,2,F0:15|F1:3|F2:2,10844,0,0,0,0,0,0,0,0,10844,17,0,false,false,32,0.3225,1.0000,18
2026-05-06 05:19:32,run_1778011901552,106,29,15830,v3,16,true,32,25,0,0.0,24,20.1166,-6.9200,13.1966,0.13862,AGENT_STOP,3,F0:11|F1:5|F2:7|F3:1,13835,0,0,0,0,0,1,0,0,13834,20,0,false,false,32,0.2935,1.0000,20
2026-05-06 05:19:47,run_1778011901552,106,39,15840,v3,16,true,32,55,0,0.0,57,70.5411,-15.1026,55.4385,0.13845,MAX_STEPS,3,F0:30|F1:6|F2:15|F3:6,29604,0,0,0,0,0,0,0,0,29604,75,0,false,false,32,0.3305,1.0000,20
2026-05-06 05:20:06,run_1778011901552,106,49,15850,v3,16,true,32,26,0,0.0,25,22.1016,-4.6287,17.4729,0.13828,AGENT_STOP,1,F0:15|F1:10,15168,0,0,0,0,0,0,0,0,15168,24,0,false,false,32,0.3079,1.0000,18
2026-05-06 05:20:29,run_1778011901552,106,59,15860,v3,16,true,32,36,0,0.0,35,33.0620,-11.3411,21.7209,0.13811,AGENT_STOP,2,F0:20|F1:11|F2:4,18405,0,0,0,0,0,0,0,0,18405,40,0,false,false,32,0.2894,1.0000,20
2026-05-06 05:20:46,run_1778011901552,106,69,15870,v3,16,true,32,55,10,18.2,46,44.5334,-16.3295,28.2039,0.13794,MAX_STEPS,3,F0:28|F1:9|F2:5|F3:4,28131,10,0,0,0,0,0,0,0,28121,51,0,false,false,32,0.3167,1.0000,20
2026-05-06 05:21:03,run_1778011901552,106,79,15880,v3,16,true,32,55,0,0.0,56,72.8030,-10.5824,62.2206,0.13777,MAX_STEPS,3,F0:29|F1:8|F2:14|F3:5,28877,0,0,0,0,0,0,0,0,28877,62,0,false,false,32,0.3223,1.0000,20
2026-05-06 05:21:30,run_1778011901552,106,89,15890,v3,16,true,32,55,0,0.0,58,70.6267,-12.6724,57.9543,0.13760,MAX_STEPS,3,F0:31|F1:11|F2:12|F3:4,28569,0,0,0,0,0,0,0,0,28569,52,0,false,false,32,0.3310,1.0000,20
2026-05-06 05:21:51,run_1778011901552,106,99,15900,v3,16,true,32,52,0,0.0,51,63.1606,-12.1815,50.9791,0.13743,AGENT_STOP,3,F0:26|F1:15|F2:8|F3:2,27806,0,0,0,0,0,0,0,0,27806,52,0,false,false,32,0.3163,1.0000,20
2026-05-06 05:22:08,run_1778011901552,106,109,15910,v3,16,true,32,15,0,0.0,14,8.8409,-9.9015,-1.0607,0.13726,AGENT_STOP,3,F0:8|F1:2|F2:2|F3:2,7696,0,0,0,0,0,0,0,0,7696,10,0,false,false,32,0.2919,1.0000,20
2026-05-06 05:22:28,run_1778011901552,106,119,15920,v3,16,true,32,46,0,0.0,45,49.8300,-10.8236,39.0064,0.13709,AGENT_STOP,3,F0:26|F1:10|F2:7|F3:2,23875,0,0,0,0,0,0,0,0,23875,38,0,false,false,32,0.3028,1.0000,20
2026-05-06 05:22:46,run_1778011901552,106,129,15930,v3,16,true,32,46,0,0.0,45,53.8022,-9.6309,44.1713,0.13692,AGENT_STOP,4,F0:22|F1:4|F2:6|F3:11|F4:2,25180,0,0,0,0,0,0,0,0,25180,43,0,false,false,32,0.3297,1.0000,20
2026-05-06 05:23:06,run_1778011901552,106,139,15940,v3,16,true,32,9,0,0.0,8,3.1700,-10.1105,-6.9405,0.13675,AGENT_STOP,0,F0:8,5550,0,0,0,0,0,0,0,0,5550,3,0,false,false,32,0.2201,1.0000,13
2026-05-06 05:23:25,run_1778011901552,106,149,15950,v3,16,true,32,16,0,0.0,15,10.3060,-7.3485,2.9575,0.13658,AGENT_STOP,1,F0:12|F1:3,8365,0,0,0,0,0,0,0,0,8365,12,0,false,false,32,0.3022,1.0000,19
2026-05-06 05:23:40,run_1778011901552,107,9,15960,v3,16,true,32,55,0,0.0,56,76.7224,-9.9042,66.8181,0.13641,MAX_STEPS,5,F0:22|F1:11|F2:8|F3:8|F4:3|F5:4,29585,0,0,0,0,0,2,0,0,29583,43,0,false,false,32,0.3372,1.0000,20
2026-05-06 05:24:06,run_1778011901552,107,19,15970,v3,16,true,32,17,0,0.0,16,11.1192,-10.4846,0.6346,0.13624,AGENT_STOP,2,F0:12|F1:2|F2:2,9881,0,0,0,0,0,0,0,0,9881,16,0,false,false,32,0.3180,1.0000,19
2026-05-06 05:24:19,run_1778011901552,107,29,15980,v3,16,true,32,9,0,0.0,10,5.4400,-4.7255,0.7145,0.13607,AGENT_STOP,0,F0:10,5915,0,0,0,0,0,0,0,0,5915,10,0,false,false,32,0.3032,1.0000,15
2026-05-06 05:24:41,run_1778011901552,107,39,15990,v3,16,true,32,46,0,0.0,45,51.4132,-8.5661,42.8472,0.13590,AGENT_STOP,3,F0:28|F1:10|F2:5|F3:2,25149,0,0,0,0,0,0,0,0,25149,46,0,false,false,32,0.3229,1.0000,19
2026-05-06 05:25:02,run_1778011901552,107,49,16000,v3,16,true,32,18,0,0.0,17,10.3448,-12.4236,-2.0788,0.13573,AGENT_STOP,1,F0:13|F1:4,10206,0,0,0,0,0,0,0,0,10206,15,0,false,false,32,0.3005,1.0000,19
2026-05-06 05:25:20,run_1778011901552,107,59,16010,v3,16,true,32,35,0,0.0,36,34.4961,-8.9405,25.5556,0.13556,AGENT_STOP,3,F0:19|F1:6|F2:5|F3:6,17755,0,0,0,0,0,0,0,0,17755,33,0,false,false,32,0.3131,1.0000,20
2026-05-06 05:25:41,run_1778011901552,107,69,16020,v3,16,true,32,41,0,0.0,41,42.0650,-14.0918,27.9732,0.13540,AGENT_STOP,4,F0:24|F1:5|F2:6|F3:5|F4:1,21809,0,0,0,0,0,0,0,0,21809,47,0,false,false,32,0.3143,1.0000,20
2026-05-06 05:25:59,run_1778011901552,107,79,16030,v3,16,true,32,20,0,0.0,19,12.4200,-9.5120,2.9080,0.13523,AGENT_STOP,1,F0:16|F1:3,9871,0,0,0,0,0,0,0,0,9871,13,0,false,false,32,0.2928,1.0000,19
2026-05-06 05:26:17,run_1778011901552,107,89,16040,v3,16,true,32,13,0,0.0,12,7.4720,-8.6535,-1.1815,0.13506,AGENT_STOP,1,F0:11|F1:1,7921,0,0,0,0,0,0,0,0,7921,14,0,false,false,32,0.3121,1.0000,19
2026-05-06 05:26:41,run_1778011901552,107,99,16050,v3,16,true,32,55,2,3.6,56,43.6632,-16.7633,26.8998,0.13489,MAX_STEPS,3,F0:33|F1:11|F2:8|F3:4,29553,2,0,0,0,0,0,0,0,29551,54,0,false,false,32,0.3211,1.0000,20
2026-05-06 05:26:58,run_1778011901552,107,109,16060,v3,16,true,32,12,0,0.0,11,7.1528,-5.7167,1.4361,0.13473,AGENT_STOP,1,F0:8|F1:3,6338,0,0,0,0,0,0,0,0,6338,12,0,false,false,32,0.2987,1.0000,18
2026-05-06 05:27:12,run_1778011901552,107,119,16070,v3,16,true,32,33,0,0.0,33,31.5891,-9.8537,21.7354,0.13456,AGENT_STOP,4,F0:11|F1:12|F2:7|F3:2|F4:1,19198,0,0,0,0,0,0,0,0,19198,28,0,false,false,32,0.3149,1.0000,20
2026-05-06 05:27:28,run_1778011901552,107,129,16080,v3,16,true,32,33,0,0.0,32,28.8328,-9.7523,19.0805,0.13439,AGENT_STOP,2,F0:21|F1:10|F2:1,17724,0,0,0,0,0,0,0,0,17724,30,0,false,false,32,0.3066,1.0000,19
2026-05-06 05:27:51,run_1778011901552,107,139,16090,v3,16,true,32,55,1,1.8,56,67.1645,-10.0069,57.1576,0.13423,MAX_STEPS,3,F0:30|F1:9|F2:12|F3:5,28498,1,0,0,0,0,0,0,0,28497,47,0,false,false,32,0.3175,1.0000,20
2026-05-06 05:28:13,run_1778011901552,107,149,16100,v3,16,true,32,55,0,0.0,57,72.1416,-10.1957,61.9459,0.13406,MAX_STEPS,4,F0:28|F1:11|F2:4|F3:7|F4:7,29986,0,0,0,0,0,0,0,0,29986,48,0,false,false,32,0.3210,1.0000,20
2026-05-06 05:28:32,run_1778011901552,108,9,16110,v3,16,true,32,55,0,0.0,56,69.9281,-14.5026,55.4255,0.13389,MAX_STEPS,3,F0:30|F1:14|F2:9|F3:3,29734,0,0,0,0,0,0,0,0,29734,52,0,false,false,32,0.3222,1.0000,20
2026-05-06 05:28:47,run_1778011901552,108,19,16120,v3,16,true,32,55,0,0.0,55,70.4282,-18.7733,51.6548,0.13373,MAX_STEPS,2,F0:32|F1:13|F2:10,29828,0,0,0,0,0,0,0,0,29828,47,0,false,false,32,0.3197,1.0000,19
2026-05-06 05:29:08,run_1778011901552,108,29,16130,v3,16,true,32,13,0,0.0,12,7.5088,-8.3050,-0.7962,0.13356,AGENT_STOP,2,F0:8|F1:3|F2:1,7858,0,0,0,0,0,0,0,0,7858,10,0,false,false,32,0.3125,1.0000,19
2026-05-06 05:29:24,run_1778011901552,108,39,16140,v3,16,true,32,14,0,0.0,14,8.4700,-7.2128,1.2572,0.13340,AGENT_STOP,1,F0:11|F1:3,7954,0,0,0,0,0,0,0,0,7954,12,0,false,false,32,0.3101,1.0000,19
2026-05-06 05:29:45,run_1778011901552,108,49,16150,v3,16,true,32,55,1,1.8,55,68.5799,-5.6981,62.8818,0.13323,MAX_STEPS,2,F0:26|F1:15|F2:14,29692,1,0,0,0,0,0,0,0,29691,55,0,false,false,32,0.3202,1.0000,20
2026-05-06 05:30:02,run_1778011901552,108,59,16160,v3,16,true,32,31,0,0.0,31,27.3340,-8.3449,18.9891,0.13307,AGENT_STOP,2,F0:18|F1:10|F2:3,16293,0,0,0,0,0,0,0,0,16293,28,0,false,false,32,0.2990,1.0000,20
2026-05-06 05:30:23,run_1778011901552,108,69,16170,v3,16,true,32,24,0,0.0,23,16.2340,-13.5430,2.6910,0.13290,AGENT_STOP,1,F0:20|F1:3,12463,0,0,0,0,0,0,0,0,12463,23,0,false,false,32,0.3059,1.0000,19
2026-05-06 05:30:48,run_1778011901552,108,79,16180,v3,16,true,32,55,0,0.0,56,71.9438,-8.5292,63.4146,0.13274,MAX_STEPS,4,F0:28|F1:16|F2:5|F3:5|F4:2,28499,0,0,0,0,0,0,0,0,28499,48,0,false,false,32,0.3232,1.0000,20
2026-05-06 05:31:08,run_1778011901552,108,89,16190,v3,16,true,32,41,0,0.0,40,44.1579,-10.6553,33.5026,0.13257,AGENT_STOP,3,F0:18|F1:10|F2:8|F3:4,23413,0,0,0,0,0,0,0,0,23413,39,0,false,false,32,0.3124,1.0000,20
2026-05-06 05:31:24,run_1778011901552,108,99,16200,v3,16,true,32,55,0,0.0,58,72.4875,-10.5573,61.9301,0.13241,MAX_STEPS,3,F0:26|F1:19|F2:11|F3:2,30074,0,0,0,0,0,1,0,0,30073,50,0,false,false,32,0.3316,1.0000,20
2026-05-06 05:31:42,run_1778011901552,108,109,16210,v3,16,true,32,37,0,0.0,37,38.4732,-14.3722,24.1010,0.13224,AGENT_STOP,3,F0:20|F1:9|F2:4|F3:4,20614,0,0,0,0,0,2,0,0,20612,40,0,false,false,32,0.3256,1.0000,19
2026-05-06 05:31:58,run_1778011901552,108,119,16220,v3,16,true,32,8,0,0.0,7,3.4100,-8.0879,-4.6779,0.13208,AGENT_STOP,0,F0:7,4034,0,0,0,0,0,0,0,0,4034,4,0,false,false,32,0.2560,1.0000,15
2026-05-06 05:32:15,run_1778011901552,108,129,16230,v3,16,true,32,54,0,0.0,54,69.3054,-10.3038,59.0016,0.13192,AGENT_STOP,3,F0:35|F1:12|F2:4|F3:3,30546,0,0,0,0,0,1,0,0,30545,60,0,false,false,32,0.3312,1.0000,19
2026-05-06 05:32:35,run_1778011901552,108,139,16240,v3,16,true,32,41,0,0.0,40,41.7536,-14.2053,27.5483,0.13175,AGENT_STOP,2,F0:27|F1:11|F2:2,23756,0,0,0,0,0,0,0,0,23756,34,0,false,false,32,0.3064,1.0000,20
2026-05-06 05:32:56,run_1778011901552,108,149,16250,v3,16,true,32,9,0,0.0,8,4.3408,-6.4759,-2.1351,0.13159,AGENT_STOP,1,F0:6|F1:2,5888,0,0,0,0,0,0,0,0,5888,7,0,false,false,32,0.3117,1.0000,19
2026-05-06 05:33:15,run_1778011901552,109,9,16260,v3,16,true,32,47,0,0.0,46,52.6481,-9.3128,43.3353,0.13143,AGENT_STOP,3,F0:19|F1:10|F2:11|F3:6,24364,0,0,0,0,0,0,0,0,24364,39,0,false,false,32,0.3040,1.0000,19
2026-05-06 05:33:31,run_1778011901552,109,19,16270,v3,16,true,32,12,0,0.0,11,6.0520,-10.0129,-3.9609,0.13126,AGENT_STOP,1,F0:10|F1:1,6174,0,0,0,0,0,0,0,0,6174,11,0,false,false,32,0.2997,1.0000,18
2026-05-06 05:33:45,run_1778011901552,109,29,16280,v3,16,true,32,45,0,0.0,44,48.4030,-11.2234,37.1796,0.13110,AGENT_STOP,3,F0:24|F1:10|F2:7|F3:3,24480,0,0,0,0,0,0,0,0,24480,43,0,false,false,32,0.3151,1.0000,20
2026-05-06 05:34:03,run_1778011901552,109,39,16290,v3,16,true,32,55,0,0.0,58,77.3796,-8.7532,68.6264,0.13094,MAX_STEPS,4,F0:21|F1:13|F2:12|F3:8|F4:4,30229,0,0,0,0,0,1,0,0,30228,51,0,false,false,32,0.3223,1.0000,20
2026-05-06 05:34:22,run_1778011901552,109,49,16300,v3,16,true,32,51,0,0.0,52,58.2933,-16.9086,41.3847,0.13077,AGENT_STOP,2,F0:34|F1:16|F2:2,26358,0,0,0,0,0,0,0,0,26358,48,0,false,false,32,0.3333,1.0000,19
2026-05-06 05:34:44,run_1778011901552,109,59,16310,v3,16,true,32,30,0,0.0,29,26.7866,-13.1709,13.6158,0.13061,AGENT_STOP,3,F0:17|F1:3|F2:6|F3:3,16984,0,0,0,0,0,0,0,0,16984,30,0,false,false,32,0.3108,1.0000,19
2026-05-06 05:35:06,run_1778011901552,109,69,16320,v3,16,true,32,50,0,0.0,51,60.3523,-6.0854,54.2669,0.13045,AGENT_STOP,2,F0:28|F1:16|F2:7,27449,0,0,0,0,0,0,0,0,27449,55,0,false,false,32,0.3071,1.0000,20
2026-05-06 05:35:26,run_1778011901552,109,79,16330,v3,16,true,32,31,0,0.0,31,29.2664,-4.7171,24.5493,0.13029,AGENT_STOP,2,F0:22|F1:6|F2:3,16759,0,0,0,0,0,0,0,0,16759,30,0,false,false,32,0.3108,1.0000,18
2026-05-06 05:35:45,run_1778011901552,109,89,16340,v3,16,true,32,20,0,0.0,19,13.5384,-8.9803,4.5581,0.13013,AGENT_STOP,1,F0:11|F1:8,10362,0,0,0,0,0,0,0,0,10362,18,0,false,false,32,0.2950,1.0000,20
2026-05-06 05:36:04,run_1778011901552,109,99,16350,v3,16,true,32,19,0,0.0,19,13.5308,-7.8091,5.7217,0.12997,AGENT_STOP,1,F0:14|F1:5,10170,0,0,0,0,0,0,0,0,10170,15,0,false,false,32,0.3174,1.0000,18
2026-05-06 05:36:21,run_1778011901552,109,109,16360,v3,16,true,32,33,0,0.0,33,28.7474,-9.9827,18.7648,0.12981,AGENT_STOP,2,F0:20|F1:12|F2:1,18308,0,0,0,0,0,0,0,0,18308,35,0,false,false,32,0.2949,1.0000,19
2026-05-06 05:36:37,run_1778011901552,109,119,16370,v3,16,true,32,55,0,0.0,55,69.2358,-15.5990,53.6368,0.12964,MAX_STEPS,3,F0:32|F1:14|F2:6|F3:3,26422,0,0,0,0,0,0,0,0,26422,46,0,false,false,32,0.3136,1.0000,20
2026-05-06 05:37:00,run_1778011901552,109,129,16380,v3,16,true,32,14,0,0.0,14,9.0300,-5.5525,3.4775,0.12948,AGENT_STOP,1,F0:11|F1:3,7561,0,0,0,0,0,0,0,0,7561,14,0,false,false,32,0.2965,1.0000,18
2026-05-06 05:37:17,run_1778011901552,109,139,16390,v3,16,true,32,29,0,0.0,28,25.4591,-11.2061,14.2530,0.12932,AGENT_STOP,2,F0:17|F1:9|F2:2,15668,0,0,0,0,0,0,0,0,15668,30,0,false,false,32,0.3049,1.0000,20
2026-05-06 05:37:38,run_1778011901552,109,149,16400,v3,16,true,32,51,3,5.9,47,31.5356,-9.2860,22.2496,0.12916,AGENT_STOP,1,F0:30|F1:17,23896,3,0,0,0,0,0,0,0,23893,50,0,false,false,32,0.2910,1.0000,20
2026-05-06 05:37:56,run_1778011901552,110,9,16410,v3,16,true,32,39,0,0.0,39,39.0859,-13.4305,25.6555,0.12900,AGENT_STOP,3,F0:18|F1:13|F2:5|F3:3,19809,0,0,0,0,0,1,0,0,19808,39,0,false,false,32,0.3139,1.0000,20
2026-05-06 05:38:13,run_1778011901552,110,19,16420,v3,16,true,32,12,0,0.0,11,7.2146,-5.8568,1.3578,0.12884,AGENT_STOP,2,F0:7|F1:2|F2:2,5194,0,0,0,0,0,0,0,0,5194,9,0,false,false,32,0.3040,1.0000,18
2026-05-06 05:38:37,run_1778011901552,110,29,16430,v3,16,true,32,26,0,0.0,25,17.6294,-16.9985,0.6309,0.12868,AGENT_STOP,2,F0:18|F1:6|F2:1,13083,0,0,0,0,0,0,0,0,13083,26,0,false,false,32,0.2844,1.0000,20
2026-05-06 05:39:01,run_1778011901552,110,39,16440,v3,16,true,32,16,0,0.0,16,9.1328,-11.3888,-2.2560,0.12852,AGENT_STOP,1,F0:13|F1:3,7561,0,0,0,0,0,0,0,0,7561,15,0,false,false,32,0.3001,1.0000,19
2026-05-06 05:39:17,run_1778011901552,110,49,16450,v3,16,true,32,17,0,0.0,16,9.5140,-18.8251,-9.3111,0.12836,AGENT_STOP,1,F0:14|F1:2,9362,0,0,0,0,0,1,0,0,9361,15,0,false,false,32,0.3256,1.0000,19
2026-05-06 05:39:38,run_1778011901552,110,59,16460,v3,16,true,32,55,2,3.6,54,52.4514,-8.6762,43.7752,0.12821,MAX_STEPS,3,F0:22|F1:9|F2:16|F3:7,27812,2,0,0,0,0,0,0,0,27810,47,0,false,false,32,0.3115,1.0000,20
2026-05-06 05:39:54,run_1778011901552,110,69,16470,v3,16,true,32,11,0,0.0,10,5.4200,-8.1749,-2.7549,0.12805,AGENT_STOP,0,F0:10,5314,0,0,0,0,0,0,0,0,5314,12,0,false,false,32,0.2724,1.0000,15
2026-05-06 05:40:09,run_1778011901552,110,79,16480,v3,16,true,32,17,0,0.0,17,12.5236,-5.0220,7.5016,0.12789,AGENT_STOP,2,F0:9|F1:7|F2:1,8766,0,0,0,0,0,0,0,0,8766,13,0,false,false,32,0.2991,1.0000,18
2026-05-06 05:40:29,run_1778011901552,110,89,16490,v3,16,true,32,55,0,0.0,56,72.1063,-6.8918,65.2145,0.12773,MAX_STEPS,3,F0:29|F1:19|F2:5|F3:3,24752,0,0,0,0,0,0,0,0,24752,48,0,false,false,32,0.3209,1.0000,20
2026-05-06 05:40:53,run_1778011901552,110,99,16500,v3,16,true,32,28,1,3.6,26,22.5738,-4.9489,17.6248,0.12757,AGENT_STOP,2,F0:14|F1:2|F2:10,11535,1,0,0,0,0,0,0,0,11534,22,0,false,false,32,0.2924,1.0000,19
2026-05-06 05:41:09,run_1778011901552,110,109,16510,v3,16,true,32,19,0,0.0,18,12.6608,-7.9461,4.7147,0.12741,AGENT_STOP,1,F0:13|F1:5,8172,0,0,0,0,0,0,0,0,8172,16,0,false,false,32,0.2987,1.0000,18
2026-05-06 05:41:27,run_1778011901552,110,119,16520,v3,16,true,32,55,0,0.0,57,69.1707,-21.4551,47.7156,0.12725,MAX_STEPS,4,F0:26|F1:9|F2:11|F3:8|F4:3,26004,0,0,0,0,0,0,0,0,26004,57,0,false,false,32,0.3239,1.0000,20
2026-05-06 05:41:44,run_1778011901552,110,129,16530,v3,16,true,32,27,0,0.0,27,23.5946,-7.5211,16.0735,0.12710,AGENT_STOP,2,F0:19|F1:5|F2:3,14902,0,0,0,0,0,2,0,0,14900,26,0,false,false,32,0.3373,1.0000,18
2026-05-06 05:42:01,run_1778011901552,110,139,16540,v3,16,true,32,27,0,0.0,27,21.9320,-9.4796,12.4524,0.12694,AGENT_STOP,1,F0:23|F1:4,14482,0,0,0,0,0,1,0,0,14481,23,0,false,false,32,0.3212,1.0000,19
2026-05-06 05:42:22,run_1778011901552,110,149,16550,v3,16,true,32,26,0,0.0,25,19.1326,-14.1756,4.9571,0.12678,AGENT_STOP,2,F0:16|F1:6|F2:3,13115,0,0,0,0,0,0,0,0,13115,20,0,false,false,32,0.2839,1.0000,20
2026-05-06 05:42:39,run_1778011901552,111,9,16560,v3,16,true,32,26,0,0.0,26,22.6060,-7.1950,15.4110,0.12662,AGENT_STOP,3,F0:17|F1:4|F2:3|F3:2,12917,0,0,0,0,0,0,0,0,12917,30,0,false,false,32,0.3193,1.0000,19
2026-05-06 05:42:59,run_1778011901552,111,19,16570,v3,16,true,32,39,0,0.0,40,40.6106,-10.9039,29.7068,0.12647,AGENT_STOP,3,F0:18|F1:8|F2:9|F3:5,18432,0,0,0,0,0,0,0,0,18432,40,0,false,false,32,0.3134,1.0000,20
2026-05-06 05:43:15,run_1778011901552,111,29,16580,v3,16,true,32,55,0,0.0,55,68.7086,-13.0997,55.6090,0.12631,MAX_STEPS,3,F0:41|F1:5|F2:3|F3:6,25191,0,0,0,0,0,0,0,0,25191,54,0,false,false,32,0.3177,1.0000,20
2026-05-06 05:43:35,run_1778011901552,111,39,16590,v3,16,true,32,55,0,0.0,56,71.2499,-8.4851,62.7647,0.12615,MAX_STEPS,3,F0:28|F1:14|F2:8|F3:6,24764,0,0,0,0,0,0,0,0,24764,53,0,false,false,32,0.3071,1.0000,20
2026-05-06 05:43:55,run_1778011901552,111,49,16600,v3,16,true,32,8,0,0.0,7,4.1320,-5.7023,-1.5703,0.12600,AGENT_STOP,1,F0:6|F1:1,3626,0,0,0,0,0,2,0,0,3624,4,0,false,false,32,0.2970,1.0000,18
2026-05-06 05:44:18,run_1778011901552,111,59,16610,v3,16,true,32,23,0,0.0,22,17.3208,-10.1912,7.1296,0.12584,AGENT_STOP,2,F0:17|F1:4|F2:1,12443,0,0,0,0,0,0,0,0,12443,20,0,false,false,32,0.3259,1.0000,19
2026-05-06 05:44:38,run_1778011901552,111,69,16620,v3,16,true,32,52,0,0.0,51,60.1349,-12.1331,48.0018,0.12569,AGENT_STOP,2,F0:29|F1:18|F2:4,26303,0,0,0,0,0,0,0,0,26303,48,0,false,false,32,0.3054,1.0000,20
2026-05-06 05:44:57,run_1778011901552,111,79,16630,v3,16,true,32,55,3,5.5,53,54.7814,-8.8135,45.9680,0.12553,MAX_STEPS,3,F0:26|F1:7|F2:16|F3:4,28897,3,0,0,0,0,1,0,0,28893,47,0,false,false,32,0.3143,1.0000,20
2026-05-06 05:45:21,run_1778011901552,111,89,16640,v3,16,true,32,55,0,0.0,57,75.1241,-10.4350,64.6891,0.12537,MAX_STEPS,3,F0:30|F1:12|F2:10|F3:5,30014,0,0,0,0,0,0,0,0,30014,54,0,false,false,32,0.3238,1.0000,20
2026-05-06 05:45:46,run_1778011901552,111,99,16650,v3,16,true,32,55,0,0.0,56,71.0877,-7.3300,63.7577,0.12522,MAX_STEPS,3,F0:26|F1:26|F2:3|F3:1,29359,0,0,0,0,0,0,0,0,29359,52,0,false,false,32,0.3189,1.0000,20
2026-05-06 05:46:09,run_1778011901552,111,109,16660,v3,16,true,32,33,0,0.0,32,31.2197,-10.8430,20.3767,0.12506,AGENT_STOP,3,F0:23|F1:3|F2:4|F3:2,18985,0,0,0,0,0,0,0,0,18985,28,0,false,false,32,0.3052,1.0000,18
2026-05-06 05:46:33,run_1778011901552,111,119,16670,v3,16,true,32,55,2,3.6,53,41.8512,-22.0579,19.7932,0.12491,MAX_STEPS,2,F0:31|F1:13|F2:9,28744,2,0,0,0,0,1,0,0,28741,54,0,false,false,32,0.3036,1.0000,20
2026-05-06 05:46:51,run_1778011901552,111,129,16680,v3,16,true,32,13,0,0.0,12,8.5800,-5.8171,2.7629,0.12475,AGENT_STOP,1,F0:9|F1:3,7967,0,0,0,0,0,0,0,0,7967,10,0,false,false,32,0.3097,1.0000,18
2026-05-06 05:47:13,run_1778011901552,111,139,16690,v3,16,true,32,55,1,1.8,54,65.0101,-14.0660,50.9441,0.12460,MAX_STEPS,4,F0:24|F1:11|F2:13|F3:3|F4:3,29211,1,0,0,0,0,1,0,0,29209,51,0,false,false,32,0.3238,1.0000,20
2026-05-06 05:47:29,run_1778011901552,111,149,16700,v3,16,true,32,20,0,0.0,19,15.7432,-6.1139,9.6293,0.12445,AGENT_STOP,2,F0:13|F1:4|F2:2,10988,0,0,0,0,0,0,0,0,10988,14,0,false,false,32,0.3228,1.0000,18
2026-05-06 05:47:53,run_1778011901552,112,9,16710,v3,16,true,32,55,1,1.8,56,51.0938,-8.3604,42.7334,0.12429,MAX_STEPS,3,F0:36|F1:15|F2:3|F3:2,29724,1,0,0,0,0,1,0,0,29722,52,0,false,false,32,0.3207,1.0000,19
2026-05-06 05:48:14,run_1778011901552,112,19,16720,v3,16,true,32,24,0,0.0,23,17.2979,-10.6808,6.6171,0.12414,AGENT_STOP,3,F0:13|F1:6|F2:3|F3:1,12642,0,0,0,0,0,0,0,0,12642,19,0,false,false,32,0.2927,1.0000,19
2026-05-06 05:48:39,run_1778011901552,112,29,16730,v3,16,true,32,45,0,0.0,44,52.1814,-13.8137,38.3677,0.12398,AGENT_STOP,3,F0:23|F1:10|F2:8|F3:3,24427,0,0,0,0,0,1,0,0,24426,40,0,false,false,32,0.3095,1.0000,20
2026-05-06 05:49:03,run_1778011901552,112,39,16740,v3,16,true,32,7,0,0.0,6,3.2000,-5.7265,-2.5265,0.12383,AGENT_STOP,0,F0:6,3936,0,0,0,0,0,0,0,0,3936,7,0,false,false,32,0.2836,1.0000,15
2026-05-06 05:49:17,run_1778011901552,112,49,16750,v3,16,true,32,11,0,0.0,10,4.8120,-11.5494,-6.7374,0.12368,AGENT_STOP,1,F0:9|F1:1,5960,0,0,0,0,0,0,0,0,5960,8,0,false,false,32,0.3001,1.0000,19
2026-05-06 05:49:33,run_1778011901552,112,59,16760,v3,16,true,32,6,0,0.0,5,2.1100,-10.1516,-8.0416,0.12352,AGENT_STOP,0,F0:5,3688,0,0,0,0,0,0,0,0,3688,7,0,false,false,32,0.2617,1.0000,15
2026-05-06 05:49:49,run_1778011901552,112,69,16770,v3,16,true,32,52,0,0.0,53,65.8952,-10.8923,55.0029,0.12337,AGENT_STOP,3,F0:33|F1:12|F2:7|F3:1,28592,0,0,0,0,0,1,0,0,28591,47,0,false,false,32,0.3270,1.0000,19
2026-05-06 05:50:07,run_1778011901552,112,79,16780,v3,16,true,32,18,0,0.0,17,11.1028,-8.7156,2.3872,0.12322,AGENT_STOP,1,F0:14|F1:3,10527,0,0,0,0,0,0,0,0,10527,18,0,false,false,32,0.3015,1.0000,18
2026-05-06 05:50:29,run_1778011901552,112,89,16790,v3,16,true,32,10,0,0.0,9,4.8208,-8.7140,-3.8932,0.12306,AGENT_STOP,1,F0:7|F1:2,5667,0,0,0,0,0,0,0,0,5667,7,0,false,false,32,0.2929,1.0000,18
2026-05-06 05:50:48,run_1778011901552,112,99,16800,v3,16,true,32,10,0,0.0,9,5.5700,-5.2258,0.3442,0.12291,AGENT_STOP,0,F0:9,6331,0,0,0,0,0,0,0,0,6331,6,0,false,false,32,0.2998,1.0000,15
2026-05-06 05:51:08,run_1778011901552,112,109,16810,v3,16,true,32,23,0,0.0,22,15.9648,-11.5926,4.3722,0.12276,AGENT_STOP,2,F0:10|F1:8|F2:4,12491,0,0,0,0,0,0,0,0,12491,20,0,false,false,32,0.2891,1.0000,20
2026-05-06 05:51:31,run_1778011901552,112,119,16820,v3,16,true,32,35,0,0.0,35,31.6576,-9.4245,22.2331,0.12261,AGENT_STOP,1,F0:23|F1:12,18032,0,0,0,0,0,0,0,0,18032,33,0,false,false,32,0.3079,1.0000,19
2026-05-06 05:51:50,run_1778011901552,112,129,16830,v3,16,true,32,11,0,0.0,10,6.0196,-6.3867,-0.3671,0.12245,AGENT_STOP,1,F0:7|F1:3,5553,0,0,0,0,0,0,0,0,5553,12,0,false,false,32,0.2938,1.0000,18
2026-05-06 05:52:10,run_1778011901552,112,139,16840,v3,16,true,32,43,0,0.0,42,47.3119,-11.4308,35.8811,0.12230,AGENT_STOP,3,F0:19|F1:12|F2:8|F3:3,21612,0,0,0,0,0,0,0,0,21612,39,0,false,false,32,0.3115,1.0000,20
2026-05-06 05:52:30,run_1778011901552,112,149,16850,v3,16,true,32,14,0,0.0,13,8.5956,-7.7028,0.8928,0.12215,AGENT_STOP,2,F0:9|F1:3|F2:1,7726,0,0,0,0,0,0,0,0,7726,12,0,false,false,32,0.3010,1.0000,18
2026-05-06 05:52:50,run_1778011901552,113,9,16860,v3,16,true,32,55,0,0.0,55,74.9393,-12.2416,62.6977,0.12200,MAX_STEPS,5,F0:23|F1:8|F2:7|F3:11|F4:4|F5:2,29870,0,0,0,0,0,0,0,0,29870,50,0,false,false,32,0.3386,1.0000,20
2026-05-06 05:53:15,run_1778011901552,113,19,16870,v3,16,true,32,20,0,0.0,19,13.3702,-10.9495,2.4207,0.12185,AGENT_STOP,2,F0:10|F1:8|F2:1,9804,0,0,0,0,0,0,0,0,9804,17,0,false,false,32,0.3115,1.0000,19
2026-05-06 05:53:33,run_1778011901552,113,29,16880,v3,16,true,32,27,0,0.0,27,21.6424,-7.3708,14.2716,0.12170,AGENT_STOP,1,F0:19|F1:8,14893,0,0,0,0,0,0,0,0,14893,17,0,false,false,32,0.2997,1.0000,19
2026-05-06 05:53:51,run_1778011901552,113,39,16890,v3,16,true,32,14,0,0.0,13,8.5568,-7.6511,0.9057,0.12155,AGENT_STOP,2,F0:10|F1:2|F2:1,7927,0,0,0,0,0,0,0,0,7927,12,0,false,false,32,0.3047,1.0000,18
2026-05-06 05:54:13,run_1778011901552,113,49,16900,v3,16,true,32,26,0,0.0,27,22.3840,-8.3687,14.0153,0.12140,AGENT_STOP,2,F0:14|F1:9|F2:4,13919,0,0,0,0,0,0,0,0,13919,21,0,false,false,32,0.3040,1.0000,20
2026-05-06 05:54:31,run_1778011901552,113,59,16910,v3,16,true,32,55,0,0.0,56,74.2894,-18.4237,55.8657,0.12125,MAX_STEPS,4,F0:25|F1:16|F2:6|F3:8|F4:1,29195,0,0,0,0,0,1,0,0,29194,51,0,false,false,32,0.3253,1.0000,20
2026-05-06 05:54:55,run_1778011901552,113,69,16920,v3,16,true,32,22,0,0.0,21,14.7840,-10.9954,3.7886,0.12110,AGENT_STOP,1,F0:19|F1:2,12199,0,0,0,0,0,0,0,0,12199,16,0,false,false,32,0.3267,1.0000,19
2026-05-06 05:55:18,run_1778011901552,113,79,16930,v3,16,true,32,49,0,0.0,51,56.9587,-9.5569,47.4018,0.12095,AGENT_STOP,2,F0:32|F1:16|F2:3,26558,0,0,0,0,0,0,0,0,26558,44,0,false,false,32,0.3126,1.0000,20
2026-05-06 05:55:40,run_1778011901552,113,89,16940,v3,16,true,32,55,0,0.0,55,71.2434,-11.9740,59.2694,0.12080,MAX_STEPS,3,F0:27|F1:13|F2:10|F3:5,29865,0,0,0,0,0,0,0,0,29865,57,0,false,false,32,0.3143,1.0000,19
2026-05-06 05:56:00,run_1778011901552,113,99,16950,v3,16,true,32,55,0,0.0,56,71.3231,-12.8507,58.4724,0.12065,MAX_STEPS,3,F0:29|F1:15|F2:6|F3:6,28454,0,0,0,0,0,0,0,0,28454,50,0,false,false,32,0.3200,1.0000,20
2026-05-06 05:56:21,run_1778011901552,113,109,16960,v3,16,true,32,55,0,0.0,56,70.3448,-11.6478,58.6970,0.12050,MAX_STEPS,3,F0:29|F1:13|F2:12|F3:2,28121,0,0,0,0,0,0,0,0,28121,51,0,false,false,32,0.3070,1.0000,20
2026-05-06 05:56:38,run_1778011901552,113,119,16970,v3,16,true,32,25,0,0.0,24,20.8730,-9.9210,10.9520,0.12035,AGENT_STOP,3,F0:10|F1:6|F2:5|F3:3,13478,0,0,0,0,0,0,0,0,13478,51,0,false,false,32,0.3194,1.0000,18
2026-05-06 05:56:58,run_1778011901552,113,129,16980,v3,16,true,32,55,0,0.0,57,71.5760,-13.7765,57.7996,0.12020,MAX_STEPS,3,F0:33|F1:7|F2:12|F3:5,27862,0,0,0,0,0,0,0,0,27862,57,0,false,false,32,0.3269,1.0000,20
2026-05-06 05:57:24,run_1778011901552,113,139,16990,v3,16,true,32,16,0,0.0,15,8.6200,-13.7393,-5.1193,0.12005,AGENT_STOP,0,F0:15,8076,0,0,0,0,0,0,0,0,8076,15,0,false,false,32,0.2776,1.0000,16
2026-05-06 05:57:46,run_1778011901552,113,149,17000,v3,16,true,32,7,0,0.0,6,3.5900,-4.9557,-1.3657,0.11990,AGENT_STOP,0,F0:6,3693,0,0,0,0,0,0,0,0,3693,7,0,false,false,32,0.2836,1.0000,15
2026-05-06 05:58:05,run_1778011901552,114,9,17010,v3,16,true,32,15,0,0.0,15,10.5460,-4.7711,5.7749,0.11975,AGENT_STOP,1,F0:12|F1:3,7910,0,0,0,0,0,0,0,0,7910,14,0,false,false,32,0.3207,1.0000,18
2026-05-06 05:58:31,run_1778011901552,114,19,17020,v3,16,true,32,55,0,0.0,56,71.2939,-9.3607,61.9333,0.11960,MAX_STEPS,3,F0:26|F1:20|F2:4|F3:6,26658,0,0,0,0,0,0,0,0,26658,52,0,false,false,32,0.3200,1.0000,20
2026-05-06 05:58:52,run_1778011901552,114,29,17030,v3,16,true,32,45,0,0.0,44,47.5345,-14.6464,32.8881,0.11945,AGENT_STOP,3,F0:26|F1:6|F2:10|F3:2,23326,0,0,0,0,0,0,0,0,23326,33,0,false,false,32,0.3112,1.0000,20
2026-05-06 05:59:08,run_1778011901552,114,39,17040,v3,16,true,32,20,0,0.0,19,12.4000,-10.7522,1.6478,0.11931,AGENT_STOP,1,F0:16|F1:3,9256,0,0,0,0,0,0,0,0,9256,18,0,false,false,32,0.2983,1.0000,19
2026-05-06 05:59:25,run_1778011901552,114,49,17050,v3,16,true,32,11,0,0.0,10,5.1720,-10.0611,-4.8891,0.11916,AGENT_STOP,1,F0:9|F1:1,5492,0,0,0,0,0,0,0,0,5492,8,0,false,false,32,0.2851,1.0000,18
2026-05-06 05:59:44,run_1778011901552,114,59,17060,v3,16,true,32,7,0,0.0,6,3.5708,-5.3757,-1.8049,0.11901,AGENT_STOP,1,F0:4|F1:2,3911,0,0,0,0,0,0,0,0,3911,5,0,false,false,32,0.2944,1.0000,18
2026-05-06 06:00:06,run_1778011901552,114,69,17070,v3,16,true,32,55,1,1.8,56,58.2029,-7.4730,50.7299,0.11886,MAX_STEPS,3,F0:34|F1:15|F2:6|F3:1,26034,1,0,0,0,0,0,0,0,26033,55,0,false,false,32,0.3210,1.0000,20
2026-05-06 06:00:27,run_1778011901552,114,79,17080,v3,16,true,32,55,0,0.0,62,71.4711,-11.5065,59.9646,0.11872,MAX_STEPS,3,F0:38|F1:8|F2:10|F3:6,26356,0,0,0,0,0,0,0,0,26356,50,0,false,false,32,0.3247,1.0000,20
2026-05-06 06:00:48,run_1778011901552,114,89,17090,v3,16,true,32,15,0,0.0,15,9.1188,-8.9727,0.1461,0.11857,AGENT_STOP,1,F0:10|F1:5,6724,0,0,0,0,0,0,0,0,6724,12,0,false,false,32,0.3153,1.0000,19
2026-05-06 06:01:11,run_1778011901552,114,99,17100,v3,16,true,32,17,2,11.8,14,6.5020,-8.8479,-2.3459,0.11842,AGENT_STOP,1,F0:13|F1:1,9523,2,0,0,0,0,0,0,0,9521,16,0,false,false,32,0.3238,1.0000,19
2026-05-06 06:01:25,run_1778011901552,114,109,17110,v3,16,true,32,6,0,0.0,5,2.5900,-10.1516,-7.5616,0.11828,AGENT_STOP,0,F0:5,3182,0,0,0,0,0,0,0,0,3182,5,0,false,false,32,0.2803,1.0000,15
2026-05-06 06:01:51,run_1778011901552,114,119,17120,v3,16,true,32,20,0,0.0,21,14.2504,-9.1128,5.1376,0.11813,AGENT_STOP,1,F0:12|F1:9,9490,0,0,0,0,0,0,0,0,9490,15,0,false,false,32,0.3154,1.0000,19
2026-05-06 06:02:15,run_1778011901552,114,129,17130,v3,16,true,32,55,0,0.0,56,71.8180,-8.2216,63.5964,0.11798,MAX_STEPS,2,F0:34|F1:20|F2:2,27525,0,0,0,0,0,1,0,0,27524,53,0,false,false,32,0.3106,1.0000,20
2026-05-06 06:02:37,run_1778011901552,114,139,17140,v3,16,true,32,9,0,0.0,8,4.4224,-6.5769,-2.1545,0.11784,AGENT_STOP,1,F0:5|F1:3,5252,0,0,0,0,0,0,0,0,5252,4,0,false,false,32,0.2696,1.0000,18
2026-05-06 06:02:54,run_1778011901552,114,149,17150,v3,16,true,32,42,0,0.0,45,48.6712,-7.6968,40.9744,0.11769,AGENT_STOP,3,F0:16|F1:12|F2:9|F3:8,21961,0,0,0,0,0,0,0,0,21961,40,0,false,false,32,0.3177,1.0000,20
2026-05-06 06:03:16,run_1778011901552,115,9,17160,v3,16,true,32,53,0,0.0,53,65.9826,-11.1293,54.8533,0.11754,AGENT_STOP,2,F0:28|F1:22|F2:3,27000,0,0,0,0,0,1,0,0,26999,49,0,false,false,32,0.3166,1.0000,19
2026-05-06 06:03:37,run_1778011901552,115,19,17170,v3,16,true,32,45,9,20.0,35,31.2325,-9.8256,21.4069,0.11740,AGENT_STOP,4,F0:20|F1:7|F2:3|F3:2|F4:3,22386,9,0,0,0,0,0,0,0,22377,35,0,false,false,32,0.3145,1.0000,20
2026-05-06 06:03:54,run_1778011901552,115,29,17180,v3,16,true,32,48,0,0.0,47,52.8680,-10.4508,42.4172,0.11725,AGENT_STOP,2,F0:31|F1:13|F2:3,23039,0,0,0,0,0,1,0,0,23038,38,0,false,false,32,0.3018,1.0000,20
2026-05-06 06:04:14,run_1778011901552,115,39,17190,v3,16,true,32,55,0,0.0,56,70.3925,-12.0831,58.3094,0.11711,MAX_STEPS,2,F0:33|F1:10|F2:13,29689,0,0,0,0,0,0,0,0,29689,51,0,false,false,32,0.3236,1.0000,20
2026-05-06 06:04:38,run_1778011901552,115,49,17200,v3,16,true,32,55,2,3.6,55,47.1752,-13.9095,33.2656,0.11696,MAX_STEPS,3,F0:26|F1:15|F2:11|F3:3,28601,2,0,0,0,0,1,0,0,28598,43,0,false,false,32,0.3234,1.0000,20
2026-05-06 06:05:01,run_1778011901552,115,59,17210,v3,16,true,32,55,0,0.0,59,73.1626,-20.3228,52.8397,0.11682,MAX_STEPS,3,F0:27|F1:13|F2:13|F3:6,29612,0,0,0,0,0,1,0,0,29611,49,0,false,false,32,0.3313,1.0000,19
2026-05-06 06:05:16,run_1778011901552,115,69,17220,v3,16,true,32,29,8,27.6,20,12.0165,-8.7282,3.2883,0.11667,AGENT_STOP,2,F0:12|F1:6|F2:2,15450,8,0,0,0,0,1,0,0,15441,27,0,false,false,32,0.3051,1.0000,20
2026-05-06 06:05:38,run_1778011901552,115,79,17230,v3,16,true,32,34,0,0.0,33,32.7275,-7.3465,25.3810,0.11653,AGENT_STOP,2,F0:18|F1:11|F2:4,18059,0,0,0,0,0,0,0,0,18059,28,0,false,false,32,0.3000,1.0000,20
2026-05-06 06:05:54,run_1778011901552,115,89,17240,v3,16,true,32,38,0,0.0,39,35.9995,-19.5174,16.4821,0.11638,AGENT_STOP,2,F0:26|F1:10|F2:3,21073,0,0,0,0,0,0,0,0,21073,38,0,false,false,32,0.3134,1.0000,19
2026-05-06 06:06:16,run_1778011901552,115,99,17250,v3,16,true,32,25,0,0.0,24,18.0608,-11.3481,6.7127,0.11624,AGENT_STOP,1,F0:17|F1:7,13833,0,0,0,0,0,0,0,0,13833,22,0,false,false,32,0.2906,1.0000,18
2026-05-06 06:06:36,run_1778011901552,115,109,17260,v3,16,true,32,55,0,0.0,56,75.3608,-9.7459,65.6149,0.11610,MAX_STEPS,5,F0:17|F1:10|F2:6|F3:13|F4:9|F5:1,29383,0,0,0,0,0,1,0,0,29382,52,0,false,false,32,0.3222,1.0000,20
2026-05-06 06:06:57,run_1778011901552,115,119,17270,v3,16,true,32,55,0,0.0,58,71.7740,-16.6903,55.0837,0.11595,MAX_STEPS,4,F0:29|F1:10|F2:8|F3:8|F4:3,29391,0,0,0,0,0,5,0,0,29386,53,0,false,false,32,0.3315,1.0000,20
2026-05-06 06:07:14,run_1778011901552,115,129,17280,v3,16,true,32,15,0,0.0,15,9.5948,-6.2097,3.3851,0.11581,MASK_EMPTY,1,F0:11|F1:4,8051,0,0,0,0,0,2,0,0,8049,11,0,false,false,32,0.3087,1.0000,19
2026-05-06 06:07:34,run_1778011901552,115,139,17290,v3,16,true,32,17,0,0.0,16,10.8432,-8.2362,2.6070,0.11566,AGENT_STOP,1,F0:8|F1:8,9833,0,0,0,0,0,1,0,0,9832,10,0,false,false,32,0.2773,1.0000,20
2026-05-06 06:07:54,run_1778011901552,115,149,17300,v3,16,true,32,55,0,0.0,54,64.9880,-13.4347,51.5533,0.11552,AGENT_STOP,2,F0:36|F1:12|F2:6,28915,0,0,0,0,0,0,0,0,28915,56,0,false,false,32,0.3097,1.0000,20
2026-05-06 06:08:11,run_1778011901552,116,9,17310,v3,16,true,32,55,2,3.6,53,53.0080,-9.2734,43.7346,0.11538,MAX_STEPS,3,F0:23|F1:10|F2:16|F3:4,28372,2,0,0,0,0,1,0,0,28369,51,0,false,false,32,0.3069,1.0000,20
2026-05-06 06:08:32,run_1778011901552,116,19,17320,v3,16,true,32,55,0,0.0,58,74.4794,-13.2652,61.2142,0.11523,MAX_STEPS,2,F0:30|F1:17|F2:11,29457,0,0,0,0,0,1,0,0,29456,45,0,false,false,32,0.3182,1.0000,19
2026-05-06 06:08:46,run_1778011901552,116,29,17330,v3,16,true,32,55,0,0.0,56,68.0338,-10.2091,57.8247,0.11509,AGENT_STOP,2,F0:39|F1:13|F2:4,29299,0,0,0,0,0,0,0,0,29299,53,0,false,false,32,0.3215,1.0000,19
2026-05-06 06:09:11,run_1778011901552,116,39,17340,v3,16,true,32,48,0,0.0,48,52.2176,-8.9465,43.2711,0.11495,AGENT_STOP,1,F0:37|F1:11,25060,0,0,0,0,0,0,0,0,25060,48,0,false,false,32,0.3163,1.0000,19
2026-05-06 06:09:25,run_1778011901552,116,49,17350,v3,16,true,32,31,0,0.0,30,27.0005,-8.5473,18.4532,0.11481,AGENT_STOP,2,F0:14|F1:7|F2:9,16302,0,0,0,0,0,0,0,0,16302,27,0,false,false,32,0.2954,1.0000,19
2026-05-06 06:09:40,run_1778011901552,116,59,17360,v3,16,true,32,21,0,0.0,20,15.1486,-8.0999,7.0487,0.11466,AGENT_STOP,2,F0:11|F1:8|F2:1,13027,0,0,0,0,0,0,0,0,13027,18,0,false,false,32,0.3023,1.0000,18
2026-05-06 06:09:51,run_1778011901552,116,69,17370,v3,16,true,32,10,0,0.0,9,5.6556,-8.1124,-2.4568,0.11452,AGENT_STOP,2,F0:5|F1:2|F2:2,5955,0,0,0,0,0,0,0,0,5955,6,0,false,false,32,0.3142,1.0000,19
2026-05-06 06:10:15,run_1778011901552,116,79,17380,v3,16,true,32,55,2,3.6,54,50.5819,-14.5827,35.9991,0.11438,MAX_STEPS,3,F0:32|F1:13|F2:8|F3:1,30354,2,0,0,0,0,3,0,0,30349,56,0,false,false,32,0.3175,1.0000,20
2026-05-06 06:10:35,run_1778011901552,116,89,17390,v3,16,true,32,10,0,0.0,9,5.6480,-5.8964,-0.2484,0.11424,AGENT_STOP,1,F0:7|F1:2,5457,0,0,0,0,0,1,0,0,5456,9,0,false,false,32,0.3111,1.0000,18
2026-05-06 06:10:52,run_1778011901552,116,99,17400,v3,16,true,32,55,0,0.0,58,73.0404,-7.7047,65.3358,0.11410,MAX_STEPS,3,F0:23|F1:16|F2:14|F3:5,27952,0,0,0,0,0,0,0,0,27952,59,0,false,false,32,0.3149,1.0000,19
2026-05-06 06:11:13,run_1778011901552,116,109,17410,v3,16,true,32,55,1,1.8,55,54.8430,-10.3622,44.4808,0.11396,MAX_STEPS,3,F0:36|F1:7|F2:5|F3:7,30108,1,0,0,0,0,0,0,0,30107,59,0,false,false,32,0.3150,1.0000,20
2026-05-06 06:11:32,run_1778011901552,116,119,17420,v3,16,true,32,33,0,0.0,33,31.0119,-12.0338,18.9781,0.11381,AGENT_STOP,2,F0:19|F1:8|F2:6,18734,0,0,0,0,0,0,0,0,18734,30,0,false,false,32,0.3074,1.0000,20
2026-05-06 06:11:48,run_1778011901552,116,129,17430,v3,16,true,32,22,0,0.0,22,16.4048,-9.3127,7.0921,0.11367,AGENT_STOP,1,F0:17|F1:5,11661,0,0,0,0,0,0,0,0,11661,20,0,false,false,32,0.2984,1.0000,19
2026-05-06 06:12:09,run_1778011901552,116,139,17440,v3,16,true,32,28,0,0.0,28,22.9526,-11.6159,11.3367,0.11353,AGENT_STOP,2,F0:21|F1:6|F2:1,14828,0,0,0,0,0,0,0,0,14828,29,0,false,false,32,0.3139,1.0000,19
2026-05-06 06:12:34,run_1778011901552,116,149,17450,v3,16,true,32,20,0,0.0,19,13.6520,-5.5753,8.0767,0.11339,AGENT_STOP,1,F0:15|F1:4,9449,0,0,0,0,0,1,0,0,9448,17,0,false,false,32,0.2765,1.0000,18
2026-05-06 06:12:59,run_1778011901552,117,9,17460,v3,16,true,32,55,0,0.0,57,71.8964,-16.7121,55.1843,0.11325,MAX_STEPS,3,F0:40|F1:11|F2:5|F3:1,28768,0,0,0,0,0,1,0,0,28767,53,0,false,false,32,0.3276,1.0000,19
2026-05-06 06:13:25,run_1778011901552,117,19,17470,v3,16,true,32,11,0,0.0,10,6.8128,-4.9074,1.9054,0.11311,AGENT_STOP,1,F0:7|F1:3,6109,0,0,0,0,0,0,0,0,6109,10,0,false,false,32,0.3077,1.0000,18
2026-05-06 06:13:51,run_1778011901552,117,29,17480,v3,16,true,32,55,0,0.0,58,76.8975,-18.0573,58.8402,0.11297,MAX_STEPS,5,F0:21|F1:12|F2:13|F3:4|F4:6|F5:2,30591,0,0,0,0,0,0,0,0,30591,52,0,false,false,32,0.3329,1.0000,19
2026-05-06 06:14:14,run_1778011901552,117,39,17490,v3,16,true,32,55,0,0.0,55,72.6401,-8.6683,63.9717,0.11283,MAX_STEPS,2,F0:24|F1:16|F2:15,29120,0,0,0,0,0,0,0,0,29120,56,0,false,false,32,0.3023,1.0000,20
2026-05-06 06:14:36,run_1778011901552,117,49,17500,v3,16,true,32,36,0,0.0,38,35.5629,-8.9488,26.6141,0.11269,AGENT_STOP,4,F0:19|F1:8|F2:5|F3:5|F4:1,19349,0,0,0,0,0,0,0,0,19349,30,0,false,false,32,0.3248,1.0000,19
2026-05-06 06:14:56,run_1778011901552,117,59,17510,v3,16,true,32,55,0,0.0,57,76.0600,-9.2472,66.8128,0.11255,MAX_STEPS,4,F0:22|F1:9|F2:16|F3:4|F4:6,30272,0,0,0,0,0,2,0,0,30270,50,0,false,false,32,0.3261,1.0000,20
2026-05-06 06:15:15,run_1778011901552,117,69,17520,v3,16,true,32,35,2,5.7,33,23.5914,-10.0996,13.4918,0.11241,AGENT_STOP,2,F0:15|F1:8|F2:10,19961,2,0,0,0,0,0,0,0,19959,34,0,false,false,32,0.2926,1.0000,20
2026-05-06 06:15:32,run_1778011901552,117,79,17530,v3,16,true,32,53,0,0.0,53,63.7265,-11.4557,52.2708,0.11227,AGENT_STOP,3,F0:23|F1:20|F2:7|F3:3,28188,0,0,0,0,0,0,0,0,28188,43,0,false,false,32,0.3210,1.0000,20
2026-05-06 06:15:49,run_1778011901552,117,89,17540,v3,16,true,32,21,0,0.0,21,15.0006,-13.7374,1.2632,0.11213,AGENT_STOP,2,F0:15|F1:5|F2:1,12427,0,0,0,0,0,0,0,0,12427,18,0,false,false,32,0.3109,1.0000,19
2026-05-06 06:16:09,run_1778011901552,117,99,17550,v3,16,true,32,29,0,0.0,29,27.2757,-7.9054,19.3703,0.11199,AGENT_STOP,4,F0:13|F1:4|F2:7|F3:4|F4:1,15886,0,0,0,0,0,0,0,0,15886,24,0,false,false,32,0.3046,1.0000,19
2026-05-06 06:16:27,run_1778011901552,117,109,17560,v3,16,true,32,42,13,31.0,29,14.0923,-5.4748,8.6175,0.11185,NO_VALID_ACTIONS,4,F0:11|F1:9|F2:3|F3:5|F4:1,22361,13,0,0,0,0,0,0,0,22348,33,0,false,false,32,0.3060,1.0000,20
2026-05-06 06:16:47,run_1778011901552,117,119,17570,v3,16,true,32,35,0,0.0,34,35.7198,-9.8669,25.8529,0.11172,AGENT_STOP,3,F0:15|F1:10|F2:5|F3:4,17472,0,0,0,0,0,0,0,0,17472,31,0,false,false,32,0.3137,1.0000,20
2026-05-06 06:17:08,run_1778011901552,117,129,17580,v3,16,true,32,7,0,0.0,7,3.8000,-4.9757,-1.1757,0.11158,AGENT_STOP,0,F0:7,3532,0,0,0,0,0,0,0,0,3532,5,0,false,false,32,0.2932,1.0000,15
2026-05-06 06:17:28,run_1778011901552,117,139,17590,v3,16,true,32,25,0,0.0,26,20.7870,-7.8703,12.9167,0.11144,AGENT_STOP,2,F0:17|F1:5|F2:4,13685,0,0,0,0,0,0,0,0,13685,26,0,false,false,32,0.3003,1.0000,18
2026-05-06 06:17:47,run_1778011901552,117,149,17600,v3,16,true,32,55,2,3.6,56,40.3288,-14.8174,25.5114,0.11130,MAX_STEPS,1,F0:39|F1:17,30248,2,0,0,0,0,0,0,0,30246,55,0,false,false,32,0.3280,1.0000,19
2026-05-06 06:18:10,run_1778011901552,118,9,17610,v3,16,true,32,38,0,0.0,38,35.7288,-9.7111,26.0177,0.11116,AGENT_STOP,1,F0:29|F1:9,19212,0,0,0,0,0,0,0,0,19212,38,0,false,false,32,0.2909,1.0000,20
2026-05-06 06:18:31,run_1778011901552,118,19,17620,v3,16,true,32,55,2,3.6,54,42.4391,-8.1896,34.2495,0.11103,MAX_STEPS,3,F0:32|F1:10|F2:11|F3:1,29438,2,0,0,0,0,0,0,0,29436,53,0,false,false,32,0.3140,1.0000,20
2026-05-06 06:18:46,run_1778011901552,118,29,17630,v3,16,true,32,12,0,0.0,11,7.1688,-6.4830,0.6858,0.11089,AGENT_STOP,2,F0:7|F1:3|F2:1,5819,0,0,0,0,0,0,0,0,5819,11,0,false,false,32,0.2982,1.0000,18
2026-05-06 06:19:09,run_1778011901552,118,39,17640,v3,16,true,32,17,0,0.0,16,10.1520,-8.4232,1.7288,0.11075,AGENT_STOP,1,F0:15|F1:1,10334,0,0,0,0,0,0,0,0,10334,20,0,false,false,32,0.3007,1.0000,18
2026-05-06 06:19:25,run_1778011901552,118,49,17650,v3,16,true,32,41,0,0.0,40,44.7786,-8.0989,36.6797,0.11061,AGENT_STOP,3,F0:18|F1:12|F2:9|F3:1,22609,0,0,0,0,0,1,0,0,22608,36,0,false,false,32,0.3097,1.0000,20
2026-05-06 06:19:48,run_1778011901552,118,59,17660,v3,16,true,32,11,0,0.0,10,5.5208,-7.8147,-2.2939,0.11048,AGENT_STOP,1,F0:8|F1:2,5806,0,0,0,0,0,0,0,0,5806,7,0,false,false,32,0.2965,1.0000,19
2026-05-06 06:20:09,run_1778011901552,118,69,17670,v3,16,true,32,17,0,0.0,17,9.6200,-11.6894,-2.0694,0.11034,AGENT_STOP,0,F0:17,9541,0,0,0,0,0,1,0,0,9540,15,0,false,false,32,0.2651,1.0000,15
2026-05-06 06:20:29,run_1778011901552,118,79,17680,v3,16,true,32,25,0,0.0,24,20.9803,-6.2268,14.7535,0.11020,AGENT_STOP,2,F0:18|F1:4|F2:2,14832,0,0,0,0,0,0,0,0,14832,22,0,false,false,32,0.3309,1.0000,19
2026-05-06 06:20:50,run_1778011901552,118,89,17690,v3,16,true,32,55,0,0.0,56,76.8393,-10.2612,66.5781,0.11007,MAX_STEPS,5,F0:25|F1:8|F2:13|F3:4|F4:2|F5:4,29950,0,0,0,0,0,0,0,0,29950,45,0,false,false,32,0.3273,1.0000,20
2026-05-06 06:21:06,run_1778011901552,118,99,17700,v3,16,true,32,13,0,0.0,12,8.0928,-5.9507,2.1421,0.10993,AGENT_STOP,1,F0:9|F1:3,7553,0,0,0,0,0,0,0,0,7553,11,0,false,false,32,0.3095,1.0000,18
2026-05-06 06:21:26,run_1778011901552,118,109,17710,v3,16,true,32,55,0,0.0,57,68.9265,-20.8955,48.0311,0.10979,MAX_STEPS,3,F0:28|F1:13|F2:6|F3:10,30123,0,0,0,0,0,1,0,0,30122,51,0,false,false,32,0.3212,1.0000,20
2026-05-06 06:21:48,run_1778011901552,118,119,17720,v3,16,true,32,16,0,0.0,16,9.2200,-9.8825,-0.6625,0.10966,AGENT_STOP,0,F0:16,8568,0,0,0,0,0,0,0,0,8568,11,0,false,false,32,0.2758,1.0000,16
2026-05-06 06:22:06,run_1778011901552,118,129,17730,v3,16,true,32,19,0,0.0,18,10.9176,-16.7531,-5.8355,0.10952,AGENT_STOP,2,F0:13|F1:2|F2:3,10389,0,0,0,0,0,0,0,0,10389,17,0,false,false,32,0.3016,1.0000,19
2026-05-06 06:22:28,run_1778011901552,118,139,17740,v3,16,true,32,21,0,0.0,21,15.4976,-5.7229,9.7747,0.10939,AGENT_STOP,1,F0:14|F1:7,12072,0,0,0,0,0,1,0,0,12071,20,0,false,false,32,0.2942,1.0000,19
2026-05-06 06:22:49,run_1778011901552,118,149,17750,v3,16,true,32,55,1,1.8,54,62.0053,-13.2400,48.7653,0.10925,MAX_STEPS,3,F0:27|F1:10|F2:10|F3:7,30454,1,0,0,0,0,0,0,0,30453,50,0,false,false,32,0.3136,1.0000,20
2026-05-06 06:23:12,run_1778011901552,119,9,17760,v3,16,true,32,29,0,0.0,29,23.9506,-8.0850,15.8656,0.10911,AGENT_STOP,2,F0:19|F1:8|F2:2,15491,0,0,0,0,0,1,0,0,15490,20,0,false,false,32,0.2993,1.0000,19
2026-05-06 06:23:31,run_1778011901552,119,19,17770,v3,16,true,32,14,0,0.0,13,7.9508,-8.8704,-0.9196,0.10898,AGENT_STOP,1,F0:11|F1:2,7940,0,0,0,0,0,0,0,0,7940,12,0,false,false,32,0.3099,1.0000,19
2026-05-06 06:23:51,run_1778011901552,119,29,17780,v3,16,true,32,16,0,0.0,15,10.8514,-5.8518,4.9997,0.10884,AGENT_STOP,2,F0:6|F1:6|F2:3,8357,0,0,0,0,0,1,0,0,8356,17,0,false,false,32,0.2944,1.0000,18
2026-05-06 06:24:09,run_1778011901552,119,39,17790,v3,16,true,32,49,0,0.0,51,56.7722,-9.1314,47.6409,0.10871,AGENT_STOP,2,F0:31|F1:18|F2:2,26228,0,0,0,0,0,0,0,0,26228,48,0,false,false,32,0.3175,1.0000,19
2026-05-06 06:24:28,run_1778011901552,119,49,17800,v3,16,true,32,38,0,0.0,39,39.2916,-6.1773,33.1144,0.10857,AGENT_STOP,2,F0:17|F1:12|F2:10,20897,0,0,0,0,0,0,0,0,20897,36,0,false,false,32,0.3125,1.0000,19
2026-05-06 06:24:47,run_1778011901552,119,59,17810,v3,16,true,32,55,0,0.0,58,72.2208,-5.1794,67.0414,0.10844,MAX_STEPS,2,F0:42|F1:14|F2:2,29996,0,0,0,0,0,1,0,0,29995,57,0,false,false,32,0.3173,1.0000,20
2026-05-06 06:25:09,run_1778011901552,119,69,17820,v3,16,true,32,47,2,4.3,44,35.9240,-9.0869,26.8371,0.10831,AGENT_STOP,2,F0:25|F1:16|F2:3,25727,2,0,0,0,0,0,0,0,25725,41,0,false,false,32,0.3109,1.0000,18
2026-05-06 06:25:29,run_1778011901552,119,79,17830,v3,16,true,32,19,0,0.0,18,12.6688,-9.8471,2.8217,0.10817,AGENT_STOP,2,F0:14|F1:3|F2:1,10302,0,0,0,0,0,0,0,0,10302,19,0,false,false,32,0.3119,1.0000,19
2026-05-06 06:25:53,run_1778011901552,119,89,17840,v3,16,true,32,51,0,0.0,50,61.6748,-17.7605,43.9143,0.10804,AGENT_STOP,3,F0:23|F1:14|F2:8|F3:5,26749,0,0,0,0,0,1,0,0,26748,57,0,false,false,32,0.3062,1.0000,20
2026-05-06 06:26:14,run_1778011901552,119,99,17850,v3,16,true,32,27,0,0.0,26,20.4048,-19.2593,1.1455,0.10790,AGENT_STOP,2,F0:19|F1:6|F2:1,15474,0,0,0,0,0,2,0,0,15472,24,0,false,false,32,0.3342,1.0000,19
2026-05-06 06:26:28,run_1778011901552,119,109,17860,v3,16,true,32,33,0,0.0,32,29.0802,-12.7250,16.3552,0.10777,AGENT_STOP,2,F0:18|F1:9|F2:5,18241,0,0,0,0,0,1,0,0,18240,24,0,false,false,32,0.3042,1.0000,20
2026-05-06 06:26:48,run_1778011901552,119,119,17870,v3,16,true,32,16,0,0.0,15,10.0600,-7.2431,2.8169,0.10764,AGENT_STOP,0,F0:15,8692,0,0,0,0,0,0,0,0,8692,17,0,false,false,32,0.2891,1.0000,15
2026-05-06 06:27:03,run_1778011901552,119,129,17880,v3,16,true,32,28,0,0.0,27,23.4515,-11.4406,12.0109,0.10750,AGENT_STOP,2,F0:16|F1:6|F2:5,14318,0,0,0,0,0,1,0,0,14317,24,0,false,false,32,0.2937,1.0000,20
2026-05-06 06:27:21,run_1778011901552,119,139,17890,v3,16,true,32,55,0,0.0,56,73.6766,-9.5629,64.1137,0.10737,MAX_STEPS,4,F0:25|F1:9|F2:14|F3:7|F4:1,27956,0,0,0,0,0,1,0,0,27955,50,0,false,false,32,0.3265,1.0000,20
2026-05-06 06:27:42,run_1778011901552,119,149,17900,v3,16,true,32,14,0,0.0,13,7.9508,-9.1948,-1.2440,0.10724,AGENT_STOP,1,F0:11|F1:2,8392,0,0,0,0,0,0,0,0,8392,12,0,false,false,32,0.3183,1.0000,19
2026-05-06 06:28:06,run_1778011901552,120,9,17910,v3,16,true,32,44,0,0.0,44,46.4952,-9.6029,36.8923,0.10710,AGENT_STOP,2,F0:26|F1:16|F2:2,22888,0,0,0,0,0,1,0,0,22887,38,0,false,false,32,0.3060,1.0000,20
2026-05-06 06:28:28,run_1778011901552,120,19,17920,v3,16,true,32,55,0,0.0,55,73.0165,-14.3929,58.6236,0.10697,MAX_STEPS,3,F0:34|F1:6|F2:7|F3:8,28449,0,0,0,0,0,0,0,0,28449,51,0,false,false,32,0.3152,1.0000,20
2026-05-06 06:28:43,run_1778011901552,120,29,17930,v3,16,true,32,21,0,0.0,21,15.9402,-5.8425,10.0977,0.10684,AGENT_STOP,2,F0:13|F1:6|F2:2,11921,0,0,0,0,0,0,0,0,11921,20,0,false,false,32,0.3061,1.0000,18
2026-05-06 06:29:01,run_1778011901552,120,39,17940,v3,16,true,32,29,0,0.0,30,26.4282,-8.4563,17.9718,0.10671,AGENT_STOP,2,F0:13|F1:4|F2:13,16022,0,0,0,0,0,0,0,0,16022,26,0,false,false,32,0.3084,1.0000,20
2026-05-06 06:29:22,run_1778011901552,120,49,17950,v3,16,true,32,55,0,0.0,55,75.5476,-5.0295,70.5182,0.10657,MAX_STEPS,3,F0:21|F1:18|F2:15|F3:1,29059,0,0,0,0,0,0,0,0,29059,51,0,false,false,32,0.2996,1.0000,20
2026-05-06 06:29:37,run_1778011901552,120,59,17960,v3,16,true,32,34,2,5.9,31,26.6500,-6.6278,20.0222,0.10644,AGENT_STOP,1,F0:17|F1:14,19468,2,0,0,0,0,0,0,0,19466,32,0,false,false,32,0.3023,1.0000,19
2026-05-06 06:29:58,run_1778011901552,120,69,17970,v3,16,true,32,11,0,0.0,10,6.0340,-6.6607,-0.6267,0.10631,AGENT_STOP,1,F0:8|F1:2,6014,0,0,0,0,0,0,0,0,6014,9,0,false,false,32,0.2963,1.0000,19
2026-05-06 06:30:17,run_1778011901552,120,79,17980,v3,16,true,32,11,0,0.0,10,5.6520,-7.9470,-2.2950,0.10618,AGENT_STOP,1,F0:9|F1:1,5884,0,0,0,0,0,2,0,0,5882,7,0,false,false,32,0.3074,1.0000,19
2026-05-06 06:30:32,run_1778011901552,120,89,17990,v3,16,true,32,29,0,0.0,28,24.6875,-11.4351,13.2524,0.10605,AGENT_STOP,2,F0:14|F1:10|F2:4,16077,0,0,0,0,0,0,0,0,16077,28,0,false,false,32,0.2980,1.0000,19
2026-05-06 06:30:56,run_1778011901552,120,99,18000,v3,16,true,32,55,4,7.3,52,53.0064,-11.3556,41.6509,0.10591,MAX_STEPS,3,F0:25|F1:18|F2:7|F3:2,30139,4,0,0,0,0,0,0,0,30135,52,0,false,false,32,0.3249,1.0000,20
2026-05-06 06:31:22,run_1778011901552,120,109,18010,v3,16,true,32,41,0,0.0,42,43.9024,-19.8462,24.0562,0.10578,AGENT_STOP,2,F0:30|F1:9|F2:3,23785,0,0,0,0,0,0,0,0,23785,42,0,false,false,32,0.3338,1.0000,19
2026-05-06 06:31:42,run_1778011901552,120,119,18020,v3,16,true,32,49,1,2.0,47,41.8255,-15.2772,26.5483,0.10565,AGENT_STOP,4,F0:23|F1:9|F2:11|F3:3|F4:1,26130,1,0,0,0,0,1,0,0,26128,49,0,false,false,32,0.3122,1.0000,20
2026-05-06 06:32:04,run_1778011901552,120,129,18030,v3,16,true,32,45,0,0.0,44,50.0597,-9.9856,40.0741,0.10552,AGENT_STOP,3,F0:20|F1:10|F2:11|F3:3,25809,0,0,0,0,0,1,0,0,25808,37,0,false,false,32,0.3089,1.0000,20
2026-05-06 06:32:28,run_1778011901552,120,139,18040,v3,16,true,32,38,0,0.0,37,40.7650,-5.7764,34.9886,0.10539,AGENT_STOP,3,F0:15|F1:14|F2:7|F3:1,20945,0,0,0,0,0,0,0,0,20945,28,0,false,false,32,0.3111,1.0000,19
2026-05-06 06:32:53,run_1778011901552,120,149,18050,v3,16,true,32,55,3,5.5,53,50.4028,-11.5508,38.8519,0.10526,MAX_STEPS,3,F0:27|F1:11|F2:7|F3:8,28843,3,0,0,0,0,1,0,0,28839,53,0,false,false,32,0.3165,1.0000,20
2026-05-06 06:33:15,run_1778011901552,121,9,18060,v3,16,true,32,55,2,3.6,56,40.2416,-13.3586,26.8830,0.10513,MAX_STEPS,2,F0:26|F1:23|F2:7,28446,2,0,0,0,0,0,0,0,28444,49,0,false,false,32,0.3195,1.0000,20
2026-05-06 06:33:37,run_1778011901552,121,19,18070,v3,16,true,32,15,0,0.0,14,7.8300,-21.9151,-14.0851,0.10500,AGENT_STOP,0,F0:14,7841,0,0,0,0,0,0,0,0,7841,15,0,false,false,32,0.2823,1.0000,16
2026-05-06 06:34:00,run_1778011901552,121,29,18080,v3,16,true,32,28,0,0.0,29,22.5820,-17.2696,5.3124,0.10487,AGENT_STOP,1,F0:23|F1:6,15189,0,0,0,0,0,0,0,0,15189,31,0,false,false,32,0.3086,1.0000,18
2026-05-06 06:34:24,run_1778011901552,121,39,18090,v3,16,true,32,55,1,1.8,54,46.6918,-14.6974,31.9944,0.10474,MAX_STEPS,3,F0:32|F1:13|F2:8|F3:1,27834,1,0,0,0,0,1,0,0,27832,53,0,false,false,32,0.3184,1.0000,20
2026-05-06 06:34:43,run_1778011901552,121,49,18100,v3,16,true,32,27,0,0.0,28,22.9393,-5.2361,17.7032,0.10461,AGENT_STOP,2,F0:11|F1:15|F2:2,14106,0,0,0,0,0,1,0,0,14105,22,0,false,false,32,0.3082,1.0000,20
2026-05-06 06:35:07,run_1778011901552,121,59,18110,v3,16,true,32,43,2,4.7,41,28.4280,-11.7198,16.7082,0.10448,AGENT_STOP,2,F0:23|F1:16|F2:2,23475,2,0,0,0,0,0,0,0,23473,45,0,false,false,32,0.2989,1.0000,20
2026-05-06 06:35:27,run_1778011901552,121,69,18120,v3,16,true,32,55,0,0.0,55,73.7128,-13.0011,60.7117,0.10435,MAX_STEPS,3,F0:29|F1:10|F2:11|F3:5,28575,0,0,0,0,0,0,0,0,28575,53,0,false,false,32,0.3185,1.0000,19
2026-05-06 06:35:42,run_1778011901552,121,79,18130,v3,16,true,32,16,0,0.0,15,9.3986,-10.3021,-0.9036,0.10422,AGENT_STOP,2,F0:10|F1:3|F2:2,7736,0,0,0,0,0,0,0,0,7736,12,0,false,false,32,0.3139,1.0000,19
2026-05-06 06:36:03,run_1778011901552,121,89,18140,v3,16,true,32,55,0,0.0,59,70.3956,-32.6889,37.7067,0.10409,MAX_STEPS,2,F0:37|F1:21|F2:1,27789,0,0,0,0,0,0,0,0,27789,51,0,false,false,32,0.3188,1.0000,20
2026-05-06 06:36:21,run_1778011901552,121,99,18150,v3,16,true,32,29,0,0.0,28,24.3456,-7.5198,16.8258,0.10396,AGENT_STOP,2,F0:12|F1:12|F2:4,15970,0,0,0,0,0,0,0,0,15970,23,0,false,false,32,0.3055,1.0000,20
2026-05-06 06:36:49,run_1778011901552,121,109,18160,v3,16,true,32,30,0,0.0,29,27.4148,-10.0643,17.3505,0.10383,AGENT_STOP,2,F0:16|F1:12|F2:1,17238,0,0,0,0,0,0,0,0,17238,30,0,false,false,32,0.3199,1.0000,19
2026-05-06 06:37:11,run_1778011901552,121,119,18170,v3,16,true,32,11,0,0.0,10,5.9000,-6.3719,-0.4719,0.10370,AGENT_STOP,0,F0:10,5686,0,0,0,0,0,0,0,0,5686,6,0,false,false,32,0.2908,1.0000,16
2026-05-06 06:37:30,run_1778011901552,121,129,18180,v3,16,true,32,16,0,0.0,15,9.3280,-7.8772,1.4508,0.10358,AGENT_STOP,1,F0:13|F1:2,7986,0,0,0,0,0,0,0,0,7986,12,0,false,false,32,0.3095,1.0000,19
2026-05-06 06:37:55,run_1778011901552,121,139,18190,v3,16,true,32,55,4,7.3,54,46.7358,-8.4417,38.2941,0.10345,MAX_STEPS,5,F0:23|F1:13|F2:8|F3:5|F4:4|F5:1,27954,4,0,0,0,0,0,0,0,27950,54,0,false,false,32,0.3272,1.0000,20
2026-05-06 06:38:17,run_1778011901552,121,149,18200,v3,16,true,32,37,8,21.6,28,19.7684,-9.5553,10.2131,0.10332,AGENT_STOP,2,F0:23|F1:2|F2:3,18413,8,0,0,0,0,0,0,0,18405,33,0,false,false,32,0.3070,1.0000,21
2026-05-06 06:38:42,run_1778011901552,122,9,18210,v3,16,true,32,52,0,0.0,52,62.6366,-9.2945,53.3421,0.10319,AGENT_STOP,3,F0:29|F1:14|F2:6|F3:3,24725,0,0,0,0,0,0,0,0,24725,45,0,false,false,32,0.3183,1.0000,20
2026-05-06 06:39:01,run_1778011901552,122,19,18220,v3,16,true,32,20,0,0.0,19,13.6956,-8.4997,5.1959,0.10306,AGENT_STOP,1,F0:12|F1:7,10159,0,0,0,0,0,0,0,0,10159,20,0,false,false,32,0.3004,1.0000,19
2026-05-06 06:39:22,run_1778011901552,122,29,18230,v3,16,true,32,26,0,0.0,25,22.2295,-9.5146,12.7149,0.10294,AGENT_STOP,3,F0:12|F1:4|F2:6|F3:3,14181,0,0,0,0,0,0,0,0,14181,24,0,false,false,32,0.3129,1.0000,19
2026-05-06 06:39:44,run_1778011901552,122,39,18240,v3,16,true,32,45,0,0.0,46,46.8681,-20.9595,25.9087,0.10281,AGENT_STOP,3,F0:31|F1:9|F2:4|F3:2,25104,0,0,0,0,0,0,0,0,25104,41,0,false,false,32,0.3142,1.0000,20
2026-05-06 06:40:06,run_1778011901552,122,49,18250,v3,16,true,32,12,0,0.0,11,5.4220,-11.1994,-5.7774,0.10268,AGENT_STOP,1,F0:10|F1:1,6120,0,0,0,0,0,0,0,0,6120,16,0,false,false,32,0.2967,1.0000,19
2026-05-06 06:40:28,run_1778011901552,122,59,18260,v3,16,true,32,55,0,0.0,55,69.2919,-14.8727,54.4192,0.10255,MAX_STEPS,3,F0:30|F1:14|F2:8|F3:3,28046,0,0,0,0,0,2,0,0,28044,56,0,false,false,32,0.3073,1.0000,20
2026-05-06 06:40:48,run_1778011901552,122,69,18270,v3,16,true,32,7,0,0.0,6,3.6420,-5.3657,-1.7237,0.10243,AGENT_STOP,1,F0:5|F1:1,3743,0,0,0,0,0,0,0,0,3743,6,0,false,false,32,0.2983,1.0000,18
2026-05-06 06:41:08,run_1778011901552,122,79,18280,v3,16,true,32,13,0,0.0,13,7.6900,-6.9316,0.7584,0.10230,AGENT_STOP,0,F0:13,8056,0,0,0,0,0,0,0,0,8056,12,0,false,false,32,0.2885,1.0000,15
2026-05-06 06:41:29,run_1778011901552,122,89,18290,v3,16,true,32,22,0,0.0,21,16.2839,-7.6055,8.6784,0.10217,AGENT_STOP,2,F0:13|F1:4|F2:4,12409,0,0,0,0,0,0,0,0,12409,19,0,false,false,32,0.2912,1.0000,20
2026-05-06 06:41:50,run_1778011901552,122,99,18300,v3,16,true,32,6,0,0.0,5,2.9800,-10.1516,-7.1716,0.10205,AGENT_STOP,0,F0:5,3745,0,0,0,0,0,0,0,0,3745,5,0,false,false,32,0.2678,1.0000,15
2026-05-06 06:42:12,run_1778011901552,122,109,18310,v3,16,true,32,55,2,3.6,53,53.0755,-12.5101,40.5654,0.10192,MAX_STEPS,3,F0:28|F1:18|F2:5|F3:2,29754,2,0,0,0,0,0,0,0,29752,52,0,false,false,32,0.3134,1.0000,20
2026-05-06 06:42:34,run_1778011901552,122,119,18320,v3,16,true,32,43,0,0.0,43,45.9934,-9.2129,36.7805,0.10179,AGENT_STOP,2,F0:22|F1:16|F2:5,23387,0,0,0,0,0,0,0,0,23387,40,0,false,false,32,0.3122,1.0000,18
2026-05-06 06:42:57,run_1778011901552,122,129,18330,v3,16,true,32,26,0,0.0,25,18.9232,-25.3860,-6.4628,0.10167,AGENT_STOP,2,F0:20|F1:3|F2:2,14008,0,0,0,0,0,0,0,0,14008,25,0,false,false,32,0.2997,1.0000,19
2026-05-06 06:43:17,run_1778011901552,122,139,18340,v3,16,true,32,13,0,0.0,12,7.4438,-6.4561,0.9877,0.10154,AGENT_STOP,2,F0:9|F1:2|F2:1,7858,0,0,0,0,0,0,0,0,7858,11,0,false,false,32,0.2993,1.0000,18
2026-05-06 06:43:42,run_1778011901552,122,149,18350,v3,16,true,32,48,0,0.0,47,54.5226,-9.9761,44.5465,0.10142,MASK_EMPTY,2,F0:27|F1:16|F2:4,25095,0,0,0,0,0,1,0,0,25094,36,0,false,false,32,0.3156,1.0000,19
2026-05-06 06:44:02,run_1778011901552,123,9,18360,v3,16,true,32,39,0,0.0,38,40.2122,-9.7238,30.4884,0.10129,AGENT_STOP,2,F0:23|F1:9|F2:6,20014,0,0,0,0,0,2,0,0,20012,37,0,false,false,32,0.3077,1.0000,20
2026-05-06 06:44:25,run_1778011901552,123,19,18370,v3,16,true,32,25,0,0.0,25,19.7408,-8.6282,11.1126,0.10116,AGENT_STOP,1,F0:17|F1:8,15004,0,0,0,0,0,0,0,0,15004,22,0,false,false,32,0.3161,1.0000,19
2026-05-06 06:44:46,run_1778011901552,123,29,18380,v3,16,true,32,55,0,0.0,56,73.9805,-13.5205,60.4600,0.10104,MAX_STEPS,3,F0:29|F1:14|F2:9|F3:4,28925,0,0,0,0,0,0,0,0,28925,56,0,false,false,32,0.3128,1.0000,20
2026-05-06 06:45:04,run_1778011901552,123,39,18390,v3,16,true,32,19,0,0.0,18,13.1108,-8.9718,4.1390,0.10091,AGENT_STOP,2,F0:13|F1:4|F2:1,10347,0,0,0,0,0,0,0,0,10347,15,0,false,false,32,0.3063,1.0000,18
2026-05-06 06:45:24,run_1778011901552,123,49,18400,v3,16,true,32,55,0,0.0,55,70.8911,-9.6381,61.2530,0.10079,MAX_STEPS,3,F0:30|F1:19|F2:5|F3:1,29930,0,0,0,0,0,0,0,0,29930,55,0,false,false,32,0.3155,1.0000,20
2026-05-06 06:45:44,run_1778011901552,123,59,18410,v3,16,true,32,35,0,0.0,35,31.4511,-11.4295,20.0217,0.10066,AGENT_STOP,3,F0:23|F1:8|F2:3|F3:1,18483,0,0,0,0,0,1,0,0,18482,32,0,false,false,32,0.3186,1.0000,19
2026-05-06 06:46:03,run_1778011901552,123,69,18420,v3,16,true,32,46,0,0.0,47,54.3408,-13.2862,41.0546,0.10054,AGENT_STOP,5,F0:22|F1:10|F2:8|F3:3|F4:3|F5:1,24565,0,0,0,0,0,0,0,0,24565,45,0,false,false,32,0.3383,1.0000,20
2026-05-06 06:46:23,run_1778011901552,123,79,18430,v3,16,true,32,38,0,0.0,37,37.6547,-8.4146,29.2401,0.10041,AGENT_STOP,3,F0:16|F1:6|F2:12|F3:3,21877,0,0,0,0,0,0,0,0,21877,33,0,false,false,32,0.3126,1.0000,19
2026-05-06 06:46:42,run_1778011901552,123,89,18440,v3,16,true,32,18,0,0.0,17,12.1176,-8.8223,3.2953,0.10029,AGENT_STOP,1,F0:12|F1:5,10473,0,0,0,0,0,1,0,0,10472,16,0,false,false,32,0.2997,1.0000,19
2026-05-06 06:47:04,run_1778011901552,123,99,18450,v3,16,true,32,43,0,0.0,44,50.2385,-7.3317,42.9067,0.10017,AGENT_STOP,4,F0:19|F1:13|F2:4|F3:6|F4:2,23579,0,0,0,0,0,1,0,0,23578,37,0,false,false,32,0.3207,1.0000,20
2026-05-06 06:47:31,run_1778011901552,123,109,18460,v3,16,true,32,53,0,0.0,54,66.0080,-15.0401,50.9678,0.10004,AGENT_STOP,3,F0:37|F1:7|F2:7|F3:3,28163,0,0,0,0,0,0,0,0,28163,48,0,false,false,32,0.3128,1.0000,19
2026-05-06 06:47:57,run_1778011901552,123,119,18470,v3,16,true,32,55,1,1.8,58,50.7140,-12.8815,37.8325,0.09992,MAX_STEPS,3,F0:24|F1:15|F2:15|F3:4,27415,1,0,0,0,0,1,0,0,27413,55,0,false,false,32,0.3121,1.0000,20
2026-05-06 06:48:13,run_1778011901552,123,129,18480,v3,16,true,32,11,0,0.0,11,6.9740,-5.2074,1.7666,0.09979,AGENT_STOP,1,F0:9|F1:2,5857,0,0,0,0,0,0,0,0,5857,10,0,false,false,32,0.3084,1.0000,18
2026-05-06 06:48:33,run_1778011901552,123,139,18490,v3,16,true,32,55,0,0.0,56,68.6380,-11.4058,57.2322,0.09967,MAX_STEPS,1,F0:39|F1:17,29799,0,0,0,0,0,2,0,0,29797,50,0,false,false,32,0.3042,1.0000,20
2026-05-06 06:48:50,run_1778011901552,123,149,18500,v3,16,true,32,27,0,0.0,27,20.3764,-8.9019,11.4745,0.09955,AGENT_STOP,1,F0:20|F1:7,14341,0,0,0,0,0,0,0,0,14341,26,0,false,false,32,0.3269,1.0000,19
2026-05-06 06:49:09,run_1778011901552,124,9,18510,v3,16,true,32,55,0,0.0,57,69.9731,-10.4900,59.4831,0.09942,MAX_STEPS,2,F0:36|F1:17|F2:4,27986,0,0,0,0,0,0,0,0,27986,51,0,false,false,32,0.3144,1.0000,20
2026-05-06 06:49:34,run_1778011901552,124,19,18520,v3,16,true,32,55,0,0.0,56,71.6247,-8.3189,63.3058,0.09930,MAX_STEPS,3,F0:28|F1:7|F2:12|F3:9,29468,0,0,0,0,0,0,0,0,29468,57,0,false,false,32,0.3170,1.0000,20
2026-05-06 06:49:59,run_1778011901552,124,29,18530,v3,16,true,32,55,1,1.8,55,65.3156,-19.4521,45.8635,0.09918,MAX_STEPS,2,F0:35|F1:15|F2:5,29803,1,0,0,0,0,0,0,0,29802,50,0,false,false,32,0.3265,1.0000,19
2026-05-06 06:50:19,run_1778011901552,124,39,18540,v3,16,true,32,19,0,0.0,18,13.9302,-9.5622,4.3681,0.09905,AGENT_STOP,3,F0:9|F1:4|F2:4|F3:1,9786,0,0,0,0,0,0,0,0,9786,16,0,false,false,32,0.3010,1.0000,19
2026-05-06 06:50:43,run_1778011901552,124,49,18550,v3,16,true,32,55,1,1.8,58,51.4904,-7.5200,43.9704,0.09893,MAX_STEPS,3,F0:28|F1:14|F2:14|F3:2,29465,1,0,0,0,0,2,0,0,29462,53,0,false,false,32,0.3304,1.0000,20
2026-05-06 06:51:03,run_1778011901552,124,59,18560,v3,16,true,32,55,0,0.0,57,70.1240,-13.9449,56.1790,0.09881,MAX_STEPS,4,F0:33|F1:8|F2:10|F3:5|F4:1,28828,0,0,0,0,0,1,0,0,28827,49,0,false,false,32,0.3253,1.0000,20
2026-05-06 06:51:26,run_1778011901552,124,69,18570,v3,16,true,32,55,1,1.8,57,74.5545,-5.2444,69.3101,0.09869,MAX_STEPS,3,F0:19|F1:17|F2:14|F3:7,28411,1,0,0,0,0,0,0,0,28410,52,0,false,false,32,0.3144,1.0000,19
2026-05-06 06:51:50,run_1778011901552,124,79,18580,v3,16,true,32,19,0,0.0,19,13.0564,-11.5835,1.4730,0.09856,AGENT_STOP,2,F0:10|F1:5|F2:4,9711,0,0,0,0,0,1,0,0,9710,22,0,false,false,32,0.3051,1.0000,20
2026-05-06 06:52:12,run_1778011901552,124,89,18590,v3,16,true,32,18,0,0.0,18,10.4700,-11.3364,-0.8664,0.09844,AGENT_STOP,0,F0:18,10295,0,0,0,0,0,0,0,0,10295,20,0,false,false,32,0.2810,1.0000,16
2026-05-06 06:52:36,run_1778011901552,124,99,18600,v3,16,true,32,35,0,0.0,34,36.1063,-5.5343,30.5720,0.09832,AGENT_STOP,2,F0:17|F1:10|F2:7,19036,0,0,0,0,0,1,0,0,19035,33,0,false,false,32,0.3089,1.0000,20
2026-05-06 06:52:57,run_1778011901552,124,109,18610,v3,16,true,32,12,0,0.0,11,6.5058,-10.3049,-3.7990,0.09820,AGENT_STOP,2,F0:7|F1:3|F2:1,6328,0,0,0,0,0,0,0,0,6328,12,0,false,false,32,0.2990,1.0000,19
2026-05-06 06:53:20,run_1778011901552,124,119,18620,v3,16,true,32,20,0,0.0,20,14.1254,-9.4439,4.6815,0.09808,AGENT_STOP,2,F0:8|F1:10|F2:2,10431,0,0,0,0,0,1,0,0,10430,17,0,false,false,32,0.3001,1.0000,18
2026-05-06 06:53:39,run_1778011901552,124,129,18630,v3,16,true,32,42,2,4.8,41,29.1772,-7.0893,22.0879,0.09795,AGENT_STOP,2,F0:25|F1:15|F2:1,23192,2,0,0,0,0,1,0,0,23189,41,0,false,false,32,0.2977,1.0000,20
2026-05-06 06:53:57,run_1778011901552,124,139,18640,v3,16,true,32,55,0,0.0,56,71.9929,-10.3252,61.6676,0.09783,MAX_STEPS,3,F0:30|F1:15|F2:9|F3:2,30003,0,0,0,0,0,0,0,0,30003,54,0,false,false,32,0.3169,1.0000,20
2026-05-06 06:54:20,run_1778011901552,124,149,18650,v3,16,true,32,55,0,0.0,56,71.0276,-19.3654,51.6622,0.09771,MAX_STEPS,3,F0:27|F1:12|F2:11|F3:6,29582,0,0,0,0,0,0,0,0,29582,54,0,false,false,32,0.3221,1.0000,20
2026-05-06 06:54:37,run_1778011901552,125,9,18660,v3,16,true,32,13,0,0.0,12,7.3140,-9.0438,-1.7298,0.09759,AGENT_STOP,1,F0:10|F1:2,8152,0,0,0,0,0,0,0,0,8152,10,0,false,false,32,0.3061,1.0000,18
2026-05-06 06:54:59,run_1778011901552,125,19,18670,v3,16,true,32,55,0,0.0,55,71.3614,-8.9483,62.4132,0.09747,MAX_STEPS,4,F0:29|F1:19|F2:4|F3:2|F4:1,29357,0,0,0,0,0,0,0,0,29357,59,0,false,false,32,0.3161,1.0000,20
2026-05-06 06:55:16,run_1778011901552,125,29,18680,v3,16,true,32,43,0,0.0,43,48.3805,-8.6535,39.7270,0.09735,AGENT_STOP,3,F0:21|F1:8|F2:6|F3:8,23009,0,0,0,0,0,1,0,0,23008,39,0,false,false,32,0.3100,1.0000,19
2026-05-06 06:55:37,run_1778011901552,125,39,18690,v3,16,true,32,54,2,3.7,52,62.5110,-7.1104,55.4006,0.09723,AGENT_STOP,4,F0:25|F1:14|F2:4|F3:7|F4:2,29366,2,0,0,0,0,1,0,0,29363,57,0,false,false,32,0.3197,1.0000,20
2026-05-06 06:55:59,run_1778011901552,125,49,18700,v3,16,true,32,52,0,0.0,52,61.6374,-10.3796,51.2578,0.09711,AGENT_STOP,2,F0:31|F1:19|F2:2,26928,0,0,0,0,0,0,0,0,26928,48,0,false,false,32,0.3060,1.0000,19
2026-05-06 06:56:24,run_1778011901552,125,59,18710,v3,16,true,32,35,0,0.0,34,31.9267,-12.3880,19.5387,0.09699,AGENT_STOP,3,F0:20|F1:9|F2:4|F3:1,18431,0,0,0,0,0,0,0,0,18431,29,0,false,false,32,0.3046,1.0000,20
2026-05-06 06:56:48,run_1778011901552,125,69,18720,v3,16,true,32,23,0,0.0,24,20.0494,-10.3302,9.7193,0.09687,AGENT_STOP,3,F0:13|F1:7|F2:3|F3:1,12304,0,0,0,0,0,0,0,0,12304,18,0,false,false,32,0.3306,1.0000,19
2026-05-06 06:57:09,run_1778011901552,125,79,18730,v3,16,true,32,36,0,0.0,36,33.6248,-10.8322,22.7927,0.09675,AGENT_STOP,2,F0:23|F1:9|F2:4,18654,0,0,0,0,0,0,0,0,18654,30,0,false,false,32,0.3108,1.0000,20
2026-05-06 06:57:30,run_1778011901552,125,89,18740,v3,16,true,32,55,0,0.0,55,72.0729,-10.1110,61.9618,0.09663,MAX_STEPS,2,F0:26|F1:15|F2:14,29569,0,0,0,0,0,0,0,0,29569,56,0,false,false,32,0.3085,1.0000,20
2026-05-06 06:57:53,run_1778011901552,125,99,18750,v3,16,true,32,19,0,0.0,18,12.6428,-11.2206,1.4222,0.09651,AGENT_STOP,1,F0:11|F1:7,10553,0,0,0,0,0,0,0,0,10553,15,0,false,false,32,0.2966,1.0000,19
2026-05-06 06:58:14,run_1778011901552,125,109,18760,v3,16,true,32,55,0,0.0,55,71.5441,-10.2054,61.3387,0.09639,MAX_STEPS,4,F0:27|F1:11|F2:12|F3:3|F4:2,29222,0,0,0,0,0,0,0,0,29222,50,0,false,false,32,0.3258,1.0000,20
2026-05-06 06:58:33,run_1778011901552,125,119,18770,v3,16,true,32,13,0,0.0,12,7.2188,-8.9567,-1.7379,0.09627,AGENT_STOP,1,F0:8|F1:4,7804,0,0,0,0,0,0,0,0,7804,10,0,false,false,32,0.2901,1.0000,19
2026-05-06 06:58:52,run_1778011901552,125,129,18780,v3,16,true,32,42,0,0.0,43,44.7259,-11.8414,32.8845,0.09615,AGENT_STOP,2,F0:27|F1:10|F2:6,22453,0,0,0,0,0,0,0,0,22453,42,0,false,false,32,0.3030,1.0000,20
2026-05-06 06:59:19,run_1778011901552,125,139,18790,v3,16,true,32,55,0,0.0,56,72.9096,-4.1333,68.7763,0.09603,MAX_STEPS,3,F0:30|F1:19|F2:6|F3:1,30677,0,0,0,0,0,0,0,0,30677,54,0,false,false,32,0.3221,1.0000,20
2026-05-06 06:59:38,run_1778011901552,125,149,18800,v3,16,true,32,36,0,0.0,36,32.2637,-13.2601,19.0036,0.09591,AGENT_STOP,2,F0:24|F1:10|F2:2,18678,0,0,0,0,0,0,0,0,18678,33,0,false,false,32,0.3057,1.0000,19
2026-05-06 06:59:54,run_1778011901552,126,9,18810,v3,16,true,32,47,0,0.0,48,55.4386,-11.3909,44.0478,0.09579,AGENT_STOP,3,F0:23|F1:14|F2:8|F3:3,26056,0,0,0,0,0,0,0,0,26056,40,0,false,false,32,0.3206,1.0000,19
2026-05-06 07:00:17,run_1778011901552,126,19,18820,v3,16,true,32,23,0,0.0,23,16.3648,-10.1730,6.1918,0.09567,AGENT_STOP,1,F0:19|F1:4,12153,0,0,0,0,0,0,0,0,12153,19,0,false,false,32,0.3111,1.0000,19
2026-05-06 07:00:36,run_1778011901552,126,29,18830,v3,16,true,32,28,0,0.0,29,25.3820,-6.7033,18.6787,0.09555,AGENT_STOP,2,F0:14|F1:13|F2:2,14762,0,0,0,0,0,0,0,0,14762,22,0,false,false,32,0.3176,1.0000,19
2026-05-06 07:00:59,run_1778011901552,126,39,18840,v3,16,true,32,49,0,0.0,48,59.8701,-6.1324,53.7377,0.09544,AGENT_STOP,4,F0:21|F1:15|F2:5|F3:2|F4:5,27414,0,0,0,0,0,0,0,0,27414,46,0,false,false,32,0.3181,1.0000,19
2026-05-06 07:01:23,run_1778011901552,126,49,18850,v3,16,true,32,8,0,0.0,7,3.4700,-8.1645,-4.6945,0.09532,AGENT_STOP,0,F0:7,3768,0,0,0,0,0,0,0,0,3768,4,0,false,false,32,0.2718,1.0000,16
2026-05-06 07:01:47,run_1778011901552,126,59,18860,v3,16,true,32,55,0,0.0,56,67.9309,-21.4015,46.5294,0.09520,MAX_STEPS,2,F0:37|F1:16|F2:3,30084,0,0,0,0,0,2,0,0,30082,51,0,false,false,32,0.3209,1.0000,20
2026-05-06 07:02:01,run_1778011901552,126,69,18870,v3,16,true,32,33,1,3.0,33,29.2881,-4.5253,24.7628,0.09508,AGENT_STOP,3,F0:16|F1:6|F2:8|F3:3,16752,1,0,0,0,0,0,0,0,16751,34,0,false,false,32,0.3104,1.0000,20
2026-05-06 07:02:20,run_1778011901552,126,79,18880,v3,16,true,32,30,0,0.0,29,28.3311,-10.6534,17.6777,0.09496,AGENT_STOP,4,F0:14|F1:6|F2:5|F3:2|F4:2,16840,0,0,0,0,0,1,0,0,16839,18,0,false,false,32,0.3205,1.0000,20
2026-05-06 07:02:42,run_1778011901552,126,89,18890,v3,16,true,32,55,1,1.8,58,75.8446,-11.1810,64.6636,0.09485,MAX_STEPS,6,F0:23|F1:7|F2:7|F3:3|F4:9|F5:7|F6:2,29581,1,0,0,0,0,0,0,0,29580,47,0,false,false,32,0.3456,1.0000,20
2026-05-06 07:03:03,run_1778011901552,126,99,18900,v3,16,true,32,10,0,0.0,9,4.4720,-9.9633,-5.4913,0.09473,AGENT_STOP,1,F0:8|F1:1,5918,0,0,0,0,0,0,0,0,5918,7,0,false,false,32,0.2966,1.0000,18
2026-05-06 07:03:27,run_1778011901552,126,109,18910,v3,16,true,32,55,2,3.6,53,43.6325,-15.5338,28.0987,0.09461,MAX_STEPS,3,F0:29|F1:16|F2:4|F3:4,29611,2,0,0,0,0,0,0,0,29609,56,0,false,false,32,0.3035,1.0000,20
2026-05-06 07:03:50,run_1778011901552,126,119,18920,v3,16,true,32,55,0,0.0,56,71.8871,-13.3624,58.5247,0.09449,MAX_STEPS,3,F0:32|F1:12|F2:8|F3:4,29138,0,0,0,0,0,0,0,0,29138,51,0,false,false,32,0.3236,1.0000,20
2026-05-06 07:04:11,run_1778011901552,126,129,18930,v3,16,true,32,43,0,0.0,45,49.5632,-9.8364,39.7267,0.09438,AGENT_STOP,3,F0:20|F1:7|F2:8|F3:10,22524,0,0,0,0,0,1,0,0,22523,42,0,false,false,32,0.3135,1.0000,20
2026-05-06 07:04:35,run_1778011901552,126,139,18940,v3,16,true,32,55,7,12.7,51,37.9875,-8.7763,29.2111,0.09426,MAX_STEPS,5,F0:20|F1:13|F2:8|F3:6|F4:3|F5:1,30472,7,0,0,0,0,0,0,0,30465,54,0,false,false,32,0.3321,1.0000,20
2026-05-06 07:05:00,run_1778011901552,126,149,18950,v3,16,true,32,19,0,0.0,18,12.3500,-8.8313,3.5187,0.09414,AGENT_STOP,1,F0:15|F1:3,10355,0,0,0,0,0,0,0,0,10355,12,0,false,false,32,0.3026,1.0000,19
2026-05-06 07:05:17,run_1778011901552,127,9,18960,v3,16,true,32,21,0,0.0,21,15.1576,-10.4759,4.6817,0.09403,AGENT_STOP,2,F0:13|F1:6|F2:2,11612,0,0,0,0,0,0,0,0,11612,54,0,false,false,32,0.2966,1.0000,19
2026-05-06 07:05:42,run_1778011901552,127,19,18970,v3,16,true,32,21,0,0.0,22,15.1860,-6.6935,8.4925,0.09391,AGENT_STOP,1,F0:19|F1:3,12242,0,0,0,0,0,0,0,0,12242,15,0,false,false,32,0.3032,1.0000,19
2026-05-06 07:06:09,run_1778011901552,127,29,18980,v3,16,true,32,55,10,18.2,46,24.0617,-16.9689,7.0928,0.09379,MAX_STEPS,3,F0:27|F1:8|F2:9|F3:2,28473,10,0,0,0,0,0,0,0,28463,46,0,false,false,32,0.3172,1.0000,20
2026-05-06 07:06:26,run_1778011901552,127,39,18990,v3,16,true,32,19,0,0.0,18,14.4615,-8.7277,5.7338,0.09368,AGENT_STOP,3,F0:10|F1:3|F2:3|F3:2,10430,0,0,0,0,0,0,0,0,10430,16,0,false,false,32,0.3163,1.0000,18
2026-05-06 07:06:47,run_1778011901552,127,49,19000,v3,16,true,32,7,0,0.0,6,3.2820,-5.8420,-2.5600,0.09356,AGENT_STOP,1,F0:5|F1:1,3818,0,0,0,0,0,0,0,0,3818,2,0,false,false,32,0.2983,1.0000,18
2026-05-06 07:07:11,run_1778011901552,127,59,19010,v3,16,true,32,55,0,0.0,57,69.1442,-18.5199,50.6243,0.09344,MAX_STEPS,2,F0:36|F1:12|F2:9,29001,0,0,0,0,0,0,0,0,29001,49,0,false,false,32,0.3202,1.0000,20
2026-05-06 07:07:34,run_1778011901552,127,69,19020,v3,16,true,32,46,0,0.0,47,54.0260,-5.5813,48.4447,0.09333,AGENT_STOP,3,F0:28|F1:9|F2:7|F3:3,25180,0,0,0,0,0,0,0,0,25180,49,0,false,false,32,0.3183,1.0000,20
2026-05-06 07:07:55,run_1778011901552,127,79,19030,v3,16,true,32,24,0,0.0,24,19.5871,-11.0624,8.5247,0.09321,AGENT_STOP,2,F0:14|F1:6|F2:4,12993,0,0,0,0,0,0,0,0,12993,22,0,false,false,32,0.3080,1.0000,19
2026-05-06 07:08:22,run_1778011901552,127,89,19040,v3,16,true,32,55,6,10.9,49,23.8384,-12.1497,11.6887,0.09310,MAX_STEPS,2,F0:31|F1:11|F2:7,29622,6,0,0,0,0,0,0,0,29616,51,0,false,false,32,0.3061,1.0000,20
2026-05-06 07:08:41,run_1778011901552,127,99,19050,v3,16,true,32,12,0,0.0,11,6.7740,-6.1866,0.5874,0.09298,AGENT_STOP,1,F0:9|F1:2,6508,0,0,0,0,0,0,0,0,6508,13,0,false,false,32,0.3153,1.0000,18
2026-05-06 07:09:03,run_1778011901552,127,109,19060,v3,16,true,32,38,0,0.0,37,37.5906,-11.1540,26.4366,0.09287,AGENT_STOP,3,F0:24|F1:5|F2:3|F3:5,20335,0,0,0,0,0,0,0,0,20335,34,0,false,false,32,0.3135,1.0000,20
2026-05-06 07:09:27,run_1778011901552,127,119,19070,v3,16,true,32,55,0,0.0,56,73.4194,-11.3907,62.0287,0.09275,MAX_STEPS,3,F0:33|F1:12|F2:9|F3:2,29752,0,0,0,0,0,0,0,0,29752,47,0,false,false,32,0.3257,1.0000,20
2026-05-06 07:09:49,run_1778011901552,127,129,19080,v3,16,true,32,55,3,5.5,54,45.1037,-11.8049,33.2988,0.09264,MAX_STEPS,3,F0:25|F1:14|F2:13|F3:2,28827,3,0,0,0,0,0,0,0,28824,42,0,false,false,32,0.3128,1.0000,20
2026-05-06 07:10:13,run_1778011901552,127,139,19090,v3,16,true,32,49,0,0.0,51,58.4575,-9.0780,49.3795,0.09252,AGENT_STOP,3,F0:22|F1:16|F2:12|F3:1,27330,0,0,0,0,0,1,0,0,27329,42,0,false,false,32,0.3270,1.0000,20
2026-05-06 07:10:37,run_1778011901552,127,149,19100,v3,16,true,32,12,0,0.0,12,7.4700,-4.9554,2.5146,0.09241,AGENT_STOP,0,F0:12,6183,0,0,0,0,0,0,0,0,6183,10,0,false,false,32,0.2867,1.0000,15
2026-05-06 07:11:00,run_1778011901552,128,9,19110,v3,16,true,32,55,0,0.0,57,74.1813,-15.6449,58.5364,0.09229,MAX_STEPS,4,F0:32|F1:11|F2:10|F3:3|F4:1,29912,0,0,0,0,0,0,0,0,29912,58,0,false,false,32,0.3307,1.0000,20
2026-05-06 07:11:22,run_1778011901552,128,19,19120,v3,16,true,32,55,6,10.9,50,29.3884,-8.8786,20.5098,0.09218,MAX_STEPS,2,F0:30|F1:15|F2:5,29716,6,0,0,0,0,0,0,0,29710,53,0,false,false,32,0.3054,1.0000,20
2026-05-06 07:11:45,run_1778011901552,128,29,19130,v3,16,true,32,55,0,0.0,58,76.5086,-6.6192,69.8893,0.09206,MAX_STEPS,3,F0:20|F1:10|F2:13|F3:15,29637,0,0,0,0,0,0,0,0,29637,61,0,false,false,32,0.3114,1.0000,19
2026-05-06 07:12:09,run_1778011901552,128,39,19140,v3,16,true,32,30,0,0.0,29,24.6596,-9.5756,15.0840,0.09195,AGENT_STOP,1,F0:19|F1:10,15525,0,0,0,0,0,0,0,0,15525,28,0,false,false,32,0.2927,1.0000,19
2026-05-06 07:12:28,run_1778011901552,128,49,19150,v3,16,true,32,55,2,3.6,57,43.3092,-14.4438,28.8654,0.09184,MAX_STEPS,3,F0:32|F1:20|F2:4|F3:1,29366,2,0,0,0,0,0,0,0,29364,48,0,false,false,32,0.3207,1.0000,20
2026-05-06 07:12:52,run_1778011901552,128,59,19160,v3,16,true,32,14,1,7.1,12,5.4724,-7.2306,-1.7582,0.09172,AGENT_STOP,1,F0:7|F1:5,8544,1,0,0,0,0,0,0,0,8543,13,0,false,false,32,0.2801,1.0000,20
2026-05-06 07:13:14,run_1778011901552,128,69,19170,v3,16,true,32,55,0,0.0,55,70.1855,-12.6360,57.5495,0.09161,MAX_STEPS,3,F0:36|F1:13|F2:5|F3:1,29642,0,0,0,0,0,0,0,0,29642,51,0,false,false,32,0.3106,1.0000,20
2026-05-06 07:13:34,run_1778011901552,128,79,19180,v3,16,true,32,19,0,0.0,18,13.2388,-9.6686,3.5702,0.09149,AGENT_STOP,1,F0:14|F1:4,10718,0,0,0,0,0,0,0,0,10718,13,0,false,false,32,0.3103,1.0000,19
2026-05-06 07:13:55,run_1778011901552,128,89,19190,v3,16,true,32,13,0,0.0,12,7.3708,-9.0507,-1.6799,0.09138,AGENT_STOP,1,F0:10|F1:2,7698,0,0,0,0,0,0,0,0,7698,9,0,false,false,32,0.3133,1.0000,18
2026-05-06 07:14:19,run_1778011901552,128,99,19200,v3,16,true,32,55,2,3.6,55,45.9596,-11.3383,34.6213,0.09127,MAX_STEPS,2,F0:33|F1:14|F2:8,30221,2,0,0,0,0,0,0,0,30219,45,0,false,false,32,0.3109,1.0000,20
2026-05-06 07:14:39,run_1778011901552,128,109,19210,v3,16,true,32,41,0,0.0,41,42.0614,-29.7966,12.2648,0.09115,AGENT_STOP,4,F0:25|F1:8|F2:5|F3:2|F4:1,22428,0,0,0,0,0,0,0,0,22428,38,0,false,false,32,0.3305,1.0000,19
2026-05-06 07:15:03,run_1778011901552,128,119,19220,v3,16,true,32,20,0,0.0,19,14.7376,-6.5983,8.1393,0.09104,AGENT_STOP,2,F0:14|F1:3|F2:2,10680,0,0,0,0,0,0,0,0,10680,14,0,false,false,32,0.3144,1.0000,18
2026-05-06 07:15:25,run_1778011901552,128,129,19230,v3,16,true,32,55,0,0.0,56,71.4112,-8.5340,62.8772,0.09093,MAX_STEPS,4,F0:27|F1:15|F2:5|F3:7|F4:2,29996,0,0,0,0,0,0,0,0,29996,47,0,false,false,32,0.3226,1.0000,20
2026-05-06 07:15:43,run_1778011901552,128,139,19240,v3,16,true,32,21,0,0.0,20,14.9596,-20.1511,-5.1915,0.09082,AGENT_STOP,1,F0:11|F1:9,12837,0,0,0,0,0,0,0,0,12837,17,0,false,false,32,0.3236,1.0000,19
2026-05-06 07:16:00,run_1778011901552,128,149,19250,v3,16,true,32,28,0,0.0,29,23.7064,-10.3383,13.3681,0.09070,AGENT_STOP,3,F0:15|F1:6|F2:6|F3:2,14381,0,0,0,0,0,0,0,0,14381,24,0,false,false,32,0.3163,1.0000,18
2026-05-06 07:16:25,run_1778011901552,129,9,19260,v3,16,true,32,55,0,0.0,58,67.1602,-19.3306,47.8297,0.09059,MAX_STEPS,2,F0:45|F1:11|F2:2,28678,0,0,0,0,0,0,0,0,28678,57,0,false,false,32,0.3237,1.0000,20
2026-05-06 07:16:43,run_1778011901552,129,19,19270,v3,16,true,32,21,0,0.0,21,16.2230,-6.2303,9.9927,0.09048,AGENT_STOP,3,F0:10|F1:6|F2:4|F3:1,12073,0,0,0,0,0,0,0,0,12073,17,0,false,false,32,0.3040,1.0000,18
2026-05-06 07:17:02,run_1778011901552,129,29,19280,v3,16,true,32,35,0,0.0,35,33.4856,-20.9115,12.5741,0.09037,AGENT_STOP,2,F0:22|F1:12|F2:1,18464,0,0,0,0,0,0,0,0,18464,26,0,false,false,32,0.3109,1.0000,19
2026-05-06 07:17:21,run_1778011901552,129,39,19290,v3,16,true,32,30,0,0.0,30,23.9646,-11.1346,12.8300,0.09025,AGENT_STOP,2,F0:23|F1:5|F2:2,16529,0,0,0,0,0,1,0,0,16528,25,0,false,false,32,0.3041,1.0000,19
2026-05-06 07:17:44,run_1778011901552,129,49,19300,v3,16,true,32,24,0,0.0,24,19.3348,-7.7379,11.5969,0.09014,AGENT_STOP,2,F0:17|F1:6|F2:1,12566,0,0,0,0,0,0,0,0,12566,17,0,false,false,32,0.3180,1.0000,18
2026-05-06 07:18:06,run_1778011901552,129,59,19310,v3,16,true,32,13,0,0.0,13,8.8460,-4.9642,3.8818,0.09003,AGENT_STOP,1,F0:10|F1:3,8208,0,0,0,0,0,0,0,0,8208,10,0,false,false,32,0.3230,1.0000,18
2026-05-06 07:18:26,run_1778011901552,129,69,19320,v3,16,true,32,41,0,0.0,43,42.2540,-12.4491,29.8049,0.08992,AGENT_STOP,2,F0:33|F1:8|F2:2,23092,0,0,0,0,0,0,0,0,23092,36,0,false,false,32,0.3186,1.0000,19
2026-05-06 07:18:44,run_1778011901552,129,79,19330,v3,16,true,32,20,0,0.0,21,13.2420,-19.7518,-6.5098,0.08981,AGENT_STOP,1,F0:17|F1:4,10879,0,0,0,0,0,0,0,0,10879,23,0,false,false,32,0.2947,1.0000,18
2026-05-06 07:19:06,run_1778011901552,129,89,19340,v3,16,true,32,44,0,0.0,43,46.2890,-8.2622,38.0268,0.08970,AGENT_STOP,2,F0:23|F1:16|F2:4,23427,0,0,0,0,0,0,0,0,23427,42,0,false,false,32,0.3030,1.0000,20
2026-05-06 07:19:25,run_1778011901552,129,99,19350,v3,16,true,32,38,0,0.0,38,37.8980,-6.2582,31.6398,0.08959,AGENT_STOP,1,F0:26|F1:12,20158,0,0,0,0,0,0,0,0,20158,37,0,false,false,32,0.2877,1.0000,20
2026-05-06 07:19:44,run_1778011901552,129,109,19360,v3,16,true,32,42,0,0.0,42,48.0422,-7.8610,40.1812,0.08947,AGENT_STOP,3,F0:17|F1:14|F2:10|F3:1,22609,0,0,0,0,0,0,0,0,22609,43,0,false,false,32,0.3164,1.0000,20
2026-05-06 07:20:09,run_1778011901552,129,119,19370,v3,16,true,32,18,0,0.0,17,11.0568,-9.7540,1.3028,0.08936,MASK_EMPTY,1,F0:12|F1:5,9913,0,0,0,0,0,1,0,0,9912,11,0,false,false,32,0.3014,1.0000,19
2026-05-06 07:20:27,run_1778011901552,129,129,19380,v3,16,true,32,15,0,0.0,14,8.7140,-6.8302,1.8838,0.08925,AGENT_STOP,1,F0:12|F1:2,7813,0,0,0,0,0,0,0,0,7813,15,0,false,false,32,0.2944,1.0000,18
2026-05-06 07:20:48,run_1778011901552,129,139,19390,v3,16,true,32,13,0,0.0,12,7.1420,-8.0706,-0.9286,0.08914,AGENT_STOP,1,F0:11|F1:1,7798,0,0,0,0,0,0,0,0,7798,13,0,false,false,32,0.3087,1.0000,19
2026-05-06 07:21:05,run_1778011901552,129,149,19400,v3,16,true,32,10,0,0.0,9,5.3708,-5.7434,-0.3726,0.08903,AGENT_STOP,1,F0:7|F1:2,5987,0,0,0,0,0,0,0,0,5987,10,0,false,false,32,0.3157,1.0000,18
2026-05-06 07:21:28,run_1778011901552,130,9,19410,v3,16,true,32,55,0,0.0,56,70.5845,-14.9467,55.6377,0.08892,MAX_STEPS,4,F0:26|F1:18|F2:7|F3:4|F4:1,29968,0,0,0,0,0,0,0,0,29968,55,0,false,false,32,0.3206,1.0000,19
2026-05-06 07:21:53,run_1778011901552,130,19,19420,v3,16,true,32,55,1,1.8,54,41.7972,-18.5020,23.2952,0.08881,MAX_STEPS,3,F0:31|F1:15|F2:6|F3:2,30851,1,0,0,0,0,0,0,0,30850,45,0,false,false,32,0.3251,1.0000,20
2026-05-06 07:22:12,run_1778011901552,130,29,19430,v3,16,true,32,55,0,0.0,55,72.3532,-12.0761,60.2771,0.08870,MAX_STEPS,4,F0:28|F1:11|F2:7|F3:6|F4:3,29721,0,0,0,0,0,1,0,0,29720,53,0,false,false,32,0.3379,1.0000,20
2026-05-06 07:22:27,run_1778011901552,130,39,19440,v3,16,true,32,20,0,0.0,19,14.1940,-5.3363,8.8577,0.08859,AGENT_STOP,2,F0:12|F1:4|F2:3,11346,0,0,0,0,0,0,0,0,11346,16,0,false,false,32,0.3021,1.0000,18
2026-05-06 07:22:44,run_1778011901552,130,49,19450,v3,16,true,32,8,0,0.0,7,3.1100,-7.8026,-4.6926,0.08848,AGENT_STOP,0,F0:7,3673,0,0,0,0,0,0,0,0,3673,5,0,false,false,32,0.2493,1.0000,15
2026-05-06 07:23:05,run_1778011901552,130,59,19460,v3,16,true,32,55,2,3.6,53,52.7813,-8.6130,44.1683,0.08837,MAX_STEPS,2,F0:27|F1:17|F2:9,29477,2,0,0,0,0,0,0,0,29475,46,0,false,false,32,0.3103,1.0000,20
2026-05-06 07:23:27,run_1778011901552,130,69,19470,v3,16,true,32,26,0,0.0,26,22.2314,-5.8634,16.3680,0.08826,AGENT_STOP,2,F0:12|F1:12|F2:2,14180,0,0,0,0,0,0,0,0,14180,20,0,false,false,32,0.2970,1.0000,20
2026-05-06 07:23:44,run_1778011901552,130,79,19480,v3,16,true,32,30,0,0.0,29,24.6060,-17.7023,6.9037,0.08815,AGENT_STOP,1,F0:22|F1:7,15535,0,0,0,0,0,0,0,0,15535,22,0,false,false,32,0.2891,1.0000,20
2026-05-06 07:24:04,run_1778011901552,130,89,19490,v3,16,true,32,55,0,0.0,58,74.9257,-9.6448,65.2809,0.08804,MAX_STEPS,4,F0:26|F1:13|F2:6|F3:11|F4:2,30801,0,0,0,0,0,0,0,0,30801,53,0,false,false,32,0.3359,1.0000,20
2026-05-06 07:24:22,run_1778011901552,130,99,19500,v3,16,true,32,26,0,0.0,25,21.3436,-9.8881,11.4555,0.08793,AGENT_STOP,2,F0:17|F1:7|F2:1,15427,0,0,0,0,0,0,0,0,15427,27,0,false,false,32,0.3230,1.0000,19
2026-05-06 07:24:43,run_1778011901552,130,109,19510,v3,16,true,32,34,0,0.0,35,33.5906,-16.5157,17.0749,0.08783,AGENT_STOP,4,F0:21|F1:6|F2:5|F3:2|F4:1,19178,0,0,0,0,0,0,0,0,19178,32,0,false,false,32,0.3187,1.0000,19
2026-05-06 07:25:05,run_1778011901552,130,119,19520,v3,16,true,32,47,0,0.0,47,55.1955,-9.8770,45.3185,0.08772,AGENT_STOP,3,F0:19|F1:10|F2:11|F3:7,26111,0,0,0,0,0,0,0,0,26111,34,0,false,false,32,0.3204,1.0000,20
2026-05-06 07:25:30,run_1778011901552,130,129,19530,v3,16,true,32,55,0,0.0,57,77.0005,-14.0266,62.9739,0.08761,MAX_STEPS,4,F0:21|F1:15|F2:10|F3:7|F4:4,31206,0,0,0,0,0,0,0,0,31206,50,0,false,false,32,0.3293,1.0000,20
2026-05-06 07:25:55,run_1778011901552,130,139,19540,v3,16,true,32,55,1,1.8,57,63.7929,-11.2157,52.5773,0.08750,MAX_STEPS,3,F0:29|F1:12|F2:9|F3:7,29589,1,0,0,0,0,3,0,0,29585,49,0,false,false,32,0.3165,1.0000,19
2026-05-06 07:26:17,run_1778011901552,130,149,19550,v3,16,true,32,48,0,0.0,50,58.2808,-8.1999,50.0809,0.08739,MASK_EMPTY,4,F0:16|F1:9|F2:14|F3:7|F4:4,25559,0,0,0,0,0,2,0,0,25557,45,0,false,false,32,0.3261,1.0000,20
2026-05-06 07:26:34,run_1778011901552,131,9,19560,v3,16,true,32,25,0,0.0,24,17.4876,-12.7896,4.6980,0.08728,AGENT_STOP,1,F0:19|F1:5,15015,0,0,0,0,0,0,0,0,15015,21,0,false,false,32,0.3026,1.0000,19
2026-05-06 07:26:50,run_1778011901552,131,19,19570,v3,16,true,32,30,0,0.0,29,26.4447,-12.0447,14.4001,0.08717,AGENT_STOP,2,F0:14|F1:9|F2:6,16287,0,0,0,0,0,0,0,0,16287,26,0,false,false,32,0.2962,1.0000,20
2026-05-06 07:27:08,run_1778011901552,131,29,19580,v3,16,true,32,16,0,0.0,16,10.2280,-8.7462,1.4818,0.08707,AGENT_STOP,1,F0:14|F1:2,8119,0,0,0,0,0,0,0,0,8119,16,0,false,false,32,0.3141,1.0000,19
2026-05-06 07:27:25,run_1778011901552,131,39,19590,v3,16,true,32,55,2,3.6,54,42.9389,-11.5631,31.3758,0.08696,MAX_STEPS,3,F0:28|F1:15|F2:7|F3:4,29029,2,0,0,0,0,1,0,0,29026,49,0,false,false,32,0.3220,1.0000,20
2026-05-06 07:27:49,run_1778011901552,131,49,19600,v3,16,true,32,55,0,0.0,56,70.7657,-8.2418,62.5239,0.08685,MAX_STEPS,2,F0:34|F1:18|F2:4,29910,0,0,0,0,0,1,0,0,29909,54,0,false,false,32,0.3140,1.0000,20
2026-05-06 07:28:12,run_1778011901552,131,59,19610,v3,16,true,32,27,0,0.0,26,22.8828,-6.0358,16.8470,0.08674,AGENT_STOP,2,F0:14|F1:9|F2:3,14054,0,0,0,0,0,0,0,0,14054,21,0,false,false,32,0.2976,1.0000,19
2026-05-06 07:28:39,run_1778011901552,131,69,19620,v3,16,true,32,28,2,7.1,25,15.9889,-8.6762,7.3126,0.08664,AGENT_STOP,2,F0:15|F1:7|F2:3,14036,2,0,0,0,0,0,0,0,14034,20,0,false,false,32,0.2944,1.0000,19
2026-05-06 07:29:03,run_1778011901552,131,79,19630,v3,16,true,32,7,0,0.0,6,3.8600,-4.9357,-1.0757,0.08653,AGENT_STOP,0,F0:6,3901,0,0,0,0,0,0,0,0,3901,6,0,false,false,32,0.2742,1.0000,15
2026-05-06 07:29:28,run_1778011901552,131,89,19640,v3,16,true,32,15,0,0.0,14,9.1568,-7.7551,1.4017,0.08642,AGENT_STOP,2,F0:11|F1:2|F2:1,8356,0,0,0,0,0,0,0,0,8356,15,0,false,false,32,0.3087,1.0000,19
2026-05-06 07:29:53,run_1778011901552,131,99,19650,v3,16,true,32,55,11,20.0,44,26.5016,-38.5164,-12.0148,0.08631,MAX_STEPS,2,F0:35|F1:5|F2:4,29465,11,0,0,0,0,0,0,0,29454,47,0,false,false,32,0.3098,1.0000,20
2026-05-06 07:30:17,run_1778011901552,131,109,19660,v3,16,true,32,28,0,0.0,29,27.6154,-8.6144,19.0010,0.08621,AGENT_STOP,3,F0:16|F1:6|F2:3|F3:4,15457,0,0,0,0,0,0,0,0,15457,26,0,false,false,32,0.3180,1.0000,20
2026-05-06 07:30:38,run_1778011901552,131,119,19670,v3,16,true,32,10,0,0.0,9,5.4008,-7.9378,-2.5370,0.08610,AGENT_STOP,1,F0:7|F1:2,5843,0,0,0,0,0,0,0,0,5843,8,0,false,false,32,0.3171,1.0000,19
2026-05-06 07:30:58,run_1778011901552,131,129,19680,v3,16,true,32,20,0,0.0,20,13.8308,-7.6627,6.1681,0.08599,AGENT_STOP,1,F0:18|F1:2,10543,0,0,0,0,0,0,0,0,10543,18,0,false,false,32,0.3238,1.0000,18
2026-05-06 07:31:20,run_1778011901552,131,139,19690,v3,16,true,32,39,0,0.0,38,34.9118,-14.3553,20.5565,0.08589,AGENT_STOP,3,F0:30|F1:4|F2:3|F3:1,20815,0,0,0,0,0,0,0,0,20815,34,0,false,false,32,0.3088,1.0000,19
2026-05-06 07:31:42,run_1778011901552,131,149,19700,v3,16,true,32,37,0,0.0,37,40.2607,-6.8307,33.4300,0.08578,AGENT_STOP,3,F0:20|F1:9|F2:5|F3:3,21078,0,0,0,0,0,0,0,0,21078,34,0,false,false,32,0.3157,1.0000,19
2026-05-06 07:32:10,run_1778011901552,132,9,19710,v3,16,true,32,55,0,0.0,57,69.7083,-9.3968,60.3115,0.08567,MAX_STEPS,4,F0:25|F1:11|F2:16|F3:4|F4:1,27579,0,0,0,0,0,0,0,0,27579,46,0,false,false,32,0.3311,1.0000,20
2026-05-06 07:32:33,run_1778011901552,132,19,19720,v3,16,true,32,33,0,0.0,33,31.1085,-27.2343,3.8742,0.08557,AGENT_STOP,4,F0:20|F1:5|F2:2|F3:5|F4:1,18331,0,0,0,0,0,0,0,0,18331,33,0,false,false,32,0.3106,1.0000,20
2026-05-06 07:32:50,run_1778011901552,132,29,19730,v3,16,true,32,34,0,0.0,33,32.4096,-12.1806,20.2290,0.08546,AGENT_STOP,3,F0:15|F1:10|F2:5|F3:3,18726,0,0,0,0,0,0,0,0,18726,29,0,false,false,32,0.3083,1.0000,19
2026-05-06 07:33:13,run_1778011901552,132,39,19740,v3,16,true,32,29,0,0.0,28,24.9403,-10.7813,14.1590,0.08536,AGENT_STOP,3,F0:20|F1:5|F2:2|F3:1,16735,0,0,0,0,0,0,0,0,16735,26,0,false,false,32,0.3086,1.0000,19
2026-05-06 07:33:35,run_1778011901552,132,49,19750,v3,16,true,32,55,0,0.0,56,69.5351,-10.7479,58.7872,0.08525,MAX_STEPS,3,F0:32|F1:9|F2:13|F3:2,27576,0,0,0,0,0,1,0,0,27575,51,0,false,false,32,0.3228,1.0000,20
2026-05-06 07:34:01,run_1778011901552,132,59,19760,v3,16,true,32,38,0,0.0,37,34.5996,-10.1938,24.4058,0.08514,AGENT_STOP,2,F0:25|F1:8|F2:4,20235,0,0,0,0,0,2,0,0,20233,32,0,false,false,32,0.3066,1.0000,20
2026-05-06 07:34:26,run_1778011901552,132,69,19770,v3,16,true,32,35,1,2.9,35,27.4008,-12.1989,15.2019,0.08504,AGENT_STOP,2,F0:21|F1:11|F2:3,18592,1,0,0,0,0,0,0,0,18591,26,0,false,false,32,0.3167,1.0000,19
2026-05-06 07:34:53,run_1778011901552,132,79,19780,v3,16,true,32,55,0,0.0,57,72.5456,-10.1213,62.4243,0.08493,MAX_STEPS,3,F0:26|F1:13|F2:15|F3:3,28673,0,0,0,0,0,0,0,0,28673,45,0,false,false,32,0.3175,1.0000,19
2026-05-06 07:35:14,run_1778011901552,132,89,19790,v3,16,true,32,25,0,0.0,25,20.3168,-6.5143,13.8025,0.08483,AGENT_STOP,1,F0:19|F1:6,14749,0,0,0,0,0,0,0,0,14749,28,0,false,false,32,0.3014,1.0000,19
2026-05-06 07:35:41,run_1778011901552,132,99,19800,v3,16,true,32,48,0,0.0,49,56.0716,-13.8028,42.2689,0.08472,AGENT_STOP,3,F0:33|F1:7|F2:8|F3:1,24212,0,0,0,0,0,0,0,0,24212,48,0,false,false,32,0.3224,1.0000,20
2026-05-06 07:36:05,run_1778011901552,132,109,19810,v3,16,true,32,55,0,0.0,57,75.1176,-7.1025,68.0151,0.08462,MAX_STEPS,3,F0:23|F1:17|F2:14|F3:3,29706,0,0,0,0,0,0,0,0,29706,52,0,false,false,32,0.3117,1.0000,20
2026-05-06 07:36:30,run_1778011901552,132,119,19820,v3,16,true,32,38,0,0.0,37,38.0751,-8.3658,29.7093,0.08451,AGENT_STOP,2,F0:19|F1:12|F2:6,20486,0,0,0,0,0,0,0,0,20486,37,0,false,false,32,0.3060,1.0000,20
2026-05-06 07:36:51,run_1778011901552,132,129,19830,v3,16,true,32,55,0,0.0,57,75.1267,-16.0877,59.0390,0.08441,MAX_STEPS,4,F0:27|F1:15|F2:10|F3:4|F4:1,29888,0,0,0,0,0,0,0,0,29888,50,0,false,false,32,0.3280,1.0000,20
2026-05-06 07:37:08,run_1778011901552,132,139,19840,v3,16,true,32,55,0,0.0,60,73.6747,-9.7918,63.8828,0.08430,MAX_STEPS,4,F0:24|F1:18|F2:10|F3:7|F4:1,29942,0,0,0,0,0,0,0,0,29942,46,0,false,false,32,0.3308,1.0000,20
2026-05-06 07:37:28,run_1778011901552,132,149,19850,v3,16,true,32,55,0,0.0,58,72.8896,-6.5398,66.3498,0.08420,MAX_STEPS,2,F0:29|F1:17|F2:12,29279,0,0,0,0,0,0,0,0,29279,47,0,false,false,32,0.3267,1.0000,19
2026-05-06 07:37:50,run_1778011901552,133,9,19860,v3,16,true,32,55,0,0.0,57,69.2774,-19.5213,49.7560,0.08409,MAX_STEPS,3,F0:34|F1:13|F2:8|F3:2,29226,0,0,0,0,0,0,0,0,29226,52,0,false,false,32,0.3260,1.0000,20
2026-05-06 07:38:16,run_1778011901552,133,19,19870,v3,16,true,32,55,1,1.8,57,63.1557,-11.5281,51.6276,0.08399,MAX_STEPS,3,F0:33|F1:9|F2:13|F3:2,29636,1,0,0,0,0,1,0,0,29634,52,0,false,false,32,0.3294,1.0000,20
2026-05-06 07:38:42,run_1778011901552,133,29,19880,v3,16,true,32,50,1,2.0,49,39.8844,-9.6831,30.2013,0.08389,AGENT_STOP,2,F0:30|F1:12|F2:7,26122,1,0,0,0,0,1,0,0,26120,51,0,false,false,32,0.3070,1.0000,20
2026-05-06 07:39:02,run_1778011901552,133,39,19890,v3,16,true,32,55,0,0.0,56,71.6248,-14.7186,56.9062,0.08378,MAX_STEPS,4,F0:34|F1:8|F2:7|F3:4|F4:3,26697,0,0,0,0,0,0,0,0,26697,50,0,false,false,32,0.3260,1.0000,20
2026-05-06 07:39:24,run_1778011901552,133,49,19900,v3,16,true,32,55,0,0.0,56,71.8573,-15.4396,56.4177,0.08368,MAX_STEPS,3,F0:30|F1:11|F2:5|F3:10,27520,0,0,0,0,0,0,0,0,27520,55,0,false,false,32,0.3141,1.0000,20
2026-05-06 07:39:43,run_1778011901552,133,59,19910,v3,16,true,32,55,0,0.0,56,71.4058,-13.4851,57.9207,0.08357,MAX_STEPS,2,F0:32|F1:18|F2:6,27191,0,0,0,0,0,0,0,0,27191,51,0,false,false,32,0.3208,1.0000,19
2026-05-06 07:40:04,run_1778011901552,133,69,19920,v3,16,true,32,17,0,0.0,18,11.4954,-9.2161,2.2793,0.08347,AGENT_STOP,2,F0:10|F1:7|F2:1,10314,0,0,0,0,0,0,0,0,10314,14,0,false,false,32,0.3065,1.0000,19
2026-05-06 07:40:30,run_1778011901552,133,79,19930,v3,16,true,32,55,0,0.0,56,69.2587,-10.3120,58.9467,0.08337,MAX_STEPS,2,F0:41|F1:9|F2:6,29059,0,0,0,0,0,0,0,0,29059,57,0,false,false,32,0.3266,1.0000,19
2026-05-06 07:40:54,run_1778011901552,133,89,19940,v3,16,true,32,17,0,0.0,16,11.1612,-5.8026,5.3586,0.08326,AGENT_STOP,1,F0:10|F1:6,9808,0,0,0,0,0,1,0,0,9807,14,0,false,false,32,0.2819,1.0000,19
2026-05-06 07:41:21,run_1778011901552,133,99,19950,v3,16,true,32,55,1,1.8,54,53.7421,-11.5029,42.2392,0.08316,MAX_STEPS,5,F0:19|F1:12|F2:12|F3:6|F4:3|F5:2,29199,1,0,0,0,0,0,0,0,29198,55,0,false,false,32,0.3319,1.0000,20
2026-05-06 07:41:47,run_1778011901552,133,109,19960,v3,16,true,32,39,0,0.0,39,41.9147,-7.5574,34.3573,0.08306,AGENT_STOP,3,F0:16|F1:4|F2:18|F3:1,20213,0,0,0,0,0,1,0,0,20212,33,0,false,false,32,0.3166,1.0000,20
2026-05-06 07:42:11,run_1778011901552,133,119,19970,v3,16,true,32,17,0,0.0,16,13.0372,-6.9527,6.0845,0.08296,AGENT_STOP,2,F0:9|F1:5|F2:2,10630,0,0,0,0,0,0,0,0,10630,13,0,false,false,32,0.2971,1.0000,18
2026-05-06 07:42:34,run_1778011901552,133,129,19980,v3,16,true,32,22,0,0.0,21,15.7502,-9.4931,6.2571,0.08285,AGENT_STOP,2,F0:11|F1:8|F2:2,12756,0,0,0,0,0,1,0,0,12755,19,0,false,false,32,0.3075,1.0000,19
2026-05-06 07:42:56,run_1778011901552,133,139,19990,v3,16,true,32,10,0,0.0,9,5.9708,-5.0312,0.9396,0.08275,AGENT_STOP,1,F0:7|F1:2,5906,0,0,0,0,0,0,0,0,5906,8,0,false,false,32,0.3036,1.0000,18
2026-05-06 07:43:20,run_1778011901552,133,149,20000,v3,16,true,32,55,1,1.8,55,59.6111,-5.1820,54.4291,0.08265,MAX_STEPS,2,F0:29|F1:12|F2:14,29319,1,0,0,0,0,0,0,0,29318,54,0,false,false,32,0.3129,1.0000,20
2026-05-06 07:43:39,run_1778011901552,134,9,20010,v3,16,true,32,46,0,0.0,47,50.8544,-12.9424,37.9120,0.08254,AGENT_STOP,1,F0:33|F1:14,27339,0,0,0,0,0,0,0,0,27339,36,0,false,false,32,0.3240,1.0000,19
2026-05-06 07:44:00,run_1778011901552,134,19,20020,v3,16,true,32,55,0,0.0,56,68.3466,-10.1944,58.1522,0.08244,MAX_STEPS,3,F0:30|F1:16|F2:9|F3:1,29130,0,0,0,0,0,0,0,0,29130,46,0,false,false,32,0.3274,1.0000,20
2026-05-06 07:44:26,run_1778011901552,134,29,20030,v3,16,true,32,25,0,0.0,26,21.6972,-6.7393,14.9578,0.08234,AGENT_STOP,4,F0:11|F1:5|F2:4|F3:5|F4:1,14234,0,0,0,0,0,0,0,0,14234,22,0,false,false,32,0.3176,1.0000,19
2026-05-06 07:44:50,run_1778011901552,134,39,20040,v3,16,true,32,37,0,0.0,37,34.4608,-12.8575,21.6033,0.08224,AGENT_STOP,2,F0:22|F1:8|F2:7,20330,0,0,0,0,0,0,0,0,20330,26,0,false,false,32,0.2983,1.0000,20
2026-05-06 07:45:16,run_1778011901552,134,49,20050,v3,16,true,32,55,0,0.0,56,74.1845,-10.2325,63.9521,0.08214,MAX_STEPS,4,F0:26|F1:11|F2:9|F3:9|F4:1,30098,0,0,0,0,0,0,0,0,30098,55,0,false,false,32,0.3229,1.0000,20
2026-05-06 07:45:35,run_1778011901552,134,59,20060,v3,16,true,32,17,0,0.0,16,10.8338,-8.0268,2.8070,0.08203,AGENT_STOP,2,F0:9|F1:5|F2:2,10196,0,0,0,0,0,0,0,0,10196,14,0,false,false,32,0.2924,1.0000,18
2026-05-06 07:45:58,run_1778011901552,134,69,20070,v3,16,true,32,55,3,5.5,52,39.4042,-18.6311,20.7730,0.08193,MAX_STEPS,3,F0:30|F1:17|F2:4|F3:1,30123,3,0,0,0,0,0,0,0,30120,47,0,false,false,32,0.3205,1.0000,19
2026-05-06 07:46:18,run_1778011901552,134,79,20080,v3,16,true,32,20,0,0.0,19,13.2366,-13.8837,-0.6470,0.08183,AGENT_STOP,2,F0:12|F1:6|F2:1,10399,0,0,0,0,0,0,0,0,10399,17,0,false,false,32,0.2913,1.0000,18
2026-05-06 07:46:40,run_1778011901552,134,89,20090,v3,16,true,32,29,0,0.0,29,23.2636,-9.2417,14.0219,0.08173,AGENT_STOP,1,F0:22|F1:7,16566,0,0,0,0,0,1,0,0,16565,28,0,false,false,32,0.2959,1.0000,19
2026-05-06 07:47:03,run_1778011901552,134,99,20100,v3,16,true,32,55,1,1.8,55,52.3876,-13.0566,39.3311,0.08163,MAX_STEPS,4,F0:22|F1:10|F2:9|F3:12|F4:2,29181,1,0,0,0,0,0,0,0,29180,61,0,false,false,32,0.3295,1.0000,20
2026-05-06 07:47:28,run_1778011901552,134,109,20110,v3,16,true,32,12,0,0.0,12,7.7640,-6.0496,1.7144,0.08153,AGENT_STOP,1,F0:10|F1:2,6153,0,0,0,0,0,0,0,0,6153,11,0,false,false,32,0.3145,1.0000,19
2026-05-06 07:47:53,run_1778011901552,134,119,20120,v3,16,true,32,38,0,0.0,37,35.7048,-13.9520,21.7528,0.08143,AGENT_STOP,2,F0:27|F1:5|F2:5,21558,0,0,0,0,0,0,0,0,21558,42,0,false,false,32,0.3136,1.0000,19
2026-05-06 07:48:15,run_1778011901552,134,129,20130,v3,16,true,32,35,0,0.0,34,32.8582,-11.4401,21.4181,0.08133,AGENT_STOP,2,F0:20|F1:11|F2:3,19108,0,0,0,0,0,0,0,0,19108,31,0,false,false,32,0.3033,1.0000,18
2026-05-06 07:48:41,run_1778011901552,134,139,20140,v3,16,true,32,55,0,0.0,56,71.7717,-12.7574,59.0143,0.08122,MAX_STEPS,4,F0:25|F1:12|F2:9|F3:8|F4:2,29384,0,0,0,0,0,1,0,0,29383,54,0,false,false,32,0.3259,1.0000,20
2026-05-06 07:49:03,run_1778011901552,134,149,20150,v3,16,true,32,32,6,18.8,29,19.4902,-5.3706,14.1197,0.08112,NO_VALID_ACTIONS,2,F0:14|F1:13|F2:2,16561,6,0,0,0,0,0,0,0,16555,33,0,false,false,32,0.3046,1.0000,18
2026-05-06 07:49:24,run_1778011901552,135,9,20160,v3,16,true,32,36,0,0.0,36,36.1109,-7.3650,28.7459,0.08102,AGENT_STOP,2,F0:16|F1:10|F2:10,19799,0,0,0,0,0,0,0,0,19799,33,0,false,false,32,0.3075,1.0000,20
2026-05-06 07:49:42,run_1778011901552,135,19,20170,v3,16,true,32,55,0,0.0,55,76.0398,-7.3913,68.6486,0.08092,MAX_STEPS,3,F0:31|F1:14|F2:6|F3:4,28742,0,0,0,0,0,0,0,0,28742,41,0,false,false,32,0.3277,1.0000,19
2026-05-06 07:50:00,run_1778011901552,135,29,20180,v3,16,true,32,55,0,0.0,55,69.0997,-15.5611,53.5386,0.08082,MAX_STEPS,4,F0:30|F1:17|F2:4|F3:3|F4:1,30130,0,0,0,0,0,1,0,0,30129,53,0,false,false,32,0.3338,1.0000,20
2026-05-06 07:50:20,run_1778011901552,135,39,20190,v3,16,true,32,48,0,0.0,48,57.0612,-11.9283,45.1329,0.08072,AGENT_STOP,4,F0:20|F1:10|F2:9|F3:5|F4:4,23717,0,0,0,0,0,0,0,0,23717,46,0,false,false,32,0.3137,1.0000,20
2026-05-06 07:50:44,run_1778011901552,135,49,20200,v3,16,true,32,55,0,0.0,57,78.0477,-11.4185,66.6292,0.08062,MAX_STEPS,3,F0:26|F1:12|F2:10|F3:9,29672,0,0,0,0,0,0,0,0,29672,56,0,false,false,32,0.3200,1.0000,18
2026-05-06 07:51:05,run_1778011901552,135,59,20210,v3,16,true,32,11,0,0.0,10,6.6328,-5.2427,1.3901,0.08052,AGENT_STOP,1,F0:7|F1:3,6619,0,0,0,0,0,0,0,0,6619,9,0,false,false,32,0.3046,1.0000,18
2026-05-06 07:51:28,run_1778011901552,135,69,20220,v3,16,true,32,55,0,0.0,56,70.8729,-8.2452,62.6277,0.08042,MAX_STEPS,4,F0:26|F1:9|F2:11|F3:7|F4:3,26708,0,0,0,0,0,0,0,0,26708,57,0,false,false,32,0.3226,1.0000,20
2026-05-06 07:51:46,run_1778011901552,135,79,20230,v3,16,true,32,10,0,0.0,9,5.8508,-5.0312,0.8196,0.08032,AGENT_STOP,1,F0:7|F1:2,6065,0,0,0,0,0,0,0,0,6065,8,0,false,false,32,0.3002,1.0000,18
2026-05-06 07:52:05,run_1778011901552,135,89,20240,v3,16,true,32,12,0,0.0,11,6.7928,-6.3987,0.3941,0.08022,AGENT_STOP,1,F0:8|F1:3,6119,0,0,0,0,0,0,0,0,6119,10,0,false,false,32,0.3071,1.0000,18
2026-05-06 07:52:27,run_1778011901552,135,99,20250,v3,16,true,32,55,0,0.0,57,68.3680,-19.3255,49.0425,0.08012,MAX_STEPS,1,F0:44|F1:13,28393,0,0,0,0,0,0,0,0,28393,56,0,false,false,32,0.3106,1.0000,19
2026-05-06 07:52:47,run_1778011901552,135,109,20260,v3,16,true,32,55,0,0.0,58,72.8861,-9.6668,63.2193,0.08002,MAX_STEPS,3,F0:28|F1:13|F2:11|F3:6,29925,0,0,0,0,0,0,0,0,29925,53,0,false,false,32,0.3299,1.0000,20
2026-05-06 07:53:09,run_1778011901552,135,119,20270,v3,16,true,32,38,0,0.0,38,38.1661,-5.0892,33.0769,0.07993,AGENT_STOP,2,F0:22|F1:14|F2:2,22060,0,0,0,0,0,0,0,0,22060,33,0,false,false,32,0.3117,1.0000,19
2026-05-06 07:53:33,run_1778011901552,135,129,20280,v3,16,true,32,55,0,0.0,57,71.1205,-12.2016,58.9189,0.07983,MAX_STEPS,2,F0:35|F1:11|F2:11,26870,0,0,0,0,0,1,0,0,26869,51,0,false,false,32,0.3128,1.0000,20
2026-05-06 07:53:57,run_1778011901552,135,139,20290,v3,16,true,32,15,0,0.0,14,8.9164,-8.7826,0.1338,0.07973,AGENT_STOP,1,F0:8|F1:6,8518,0,0,0,0,0,0,0,0,8518,14,0,false,false,32,0.2867,1.0000,18
2026-05-06 07:54:20,run_1778011901552,135,149,20300,v3,16,true,32,54,0,0.0,53,67.2231,-14.3673,52.8557,0.07963,AGENT_STOP,3,F0:25|F1:21|F2:6|F3:1,27601,0,0,0,0,0,0,0,0,27601,46,0,false,false,32,0.3224,1.0000,19
2026-05-06 07:54:44,run_1778011901552,136,9,20310,v3,16,true,32,42,0,0.0,43,43.4156,-9.7903,33.6253,0.07953,AGENT_STOP,1,F0:26|F1:17,22171,0,0,0,0,0,0,0,0,22171,35,0,false,false,32,0.2983,1.0000,20
2026-05-06 07:55:09,run_1778011901552,136,19,20320,v3,16,true,32,47,0,0.0,49,55.6434,-10.4533,45.1901,0.07943,AGENT_STOP,2,F0:39|F1:7|F2:3,23503,0,0,0,0,0,0,0,0,23503,44,0,false,false,32,0.3315,1.0000,19
2026-05-06 07:55:32,run_1778011901552,136,29,20330,v3,16,true,32,6,0,0.0,5,2.7100,-10.1516,-7.4416,0.07933,AGENT_STOP,0,F0:5,3407,0,0,0,0,0,0,0,0,3407,4,0,false,false,32,0.2617,1.0000,14
2026-05-06 07:55:54,run_1778011901552,136,39,20340,v3,16,true,32,55,1,1.8,57,66.4783,-8.6198,57.8584,0.07923,MAX_STEPS,4,F0:25|F1:18|F2:5|F3:8|F4:1,28191,1,0,0,0,0,0,0,0,28190,48,0,false,false,32,0.3236,1.0000,20
2026-05-06 07:56:15,run_1778011901552,136,49,20350,v3,16,true,32,55,2,3.6,54,58.4534,-9.9172,48.5361,0.07914,MAX_STEPS,4,F0:23|F1:12|F2:10|F3:6|F4:3,28231,2,0,0,0,0,1,0,0,28228,46,0,false,false,32,0.3268,1.0000,20
2026-05-06 07:56:40,run_1778011901552,136,59,20360,v3,16,true,32,15,0,0.0,14,9.0180,-8.4923,0.5257,0.07904,AGENT_STOP,1,F0:12|F1:2,7803,0,0,0,0,0,0,0,0,7803,13,0,false,false,32,0.3065,1.0000,18
2026-05-06 07:57:05,run_1778011901552,136,69,20370,v3,16,true,32,51,0,0.0,51,64.6563,-7.0810,57.5752,0.07894,AGENT_STOP,3,F0:23|F1:15|F2:6|F3:7,26756,0,0,0,0,0,0,0,0,26756,39,0,false,false,32,0.3130,1.0000,20
2026-05-06 07:57:27,run_1778011901552,136,79,20380,v3,16,true,32,55,14,25.5,43,37.9757,-9.8726,28.1032,0.07884,MAX_STEPS,4,F0:20|F1:12|F2:7|F3:3|F4:1,27729,14,0,0,0,0,0,0,0,27715,51,0,false,false,32,0.3141,1.0000,19
2026-05-06 07:57:54,run_1778011901552,136,89,20390,v3,16,true,32,55,0,0.0,57,68.2736,-38.5384,29.7352,0.07874,MAX_STEPS,2,F0:38|F1:15|F2:4,26505,0,0,0,0,0,1,0,0,26504,43,0,false,false,32,0.3219,1.0000,19
2026-05-06 07:58:18,run_1778011901552,136,99,20400,v3,16,true,32,38,0,0.0,37,38.9019,-8.0490,30.8529,0.07865,AGENT_STOP,2,F0:21|F1:14|F2:2,18963,0,0,0,0,0,0,0,0,18963,35,0,false,false,32,0.3120,1.0000,19
2026-05-06 07:58:38,run_1778011901552,136,109,20410,v3,16,true,32,25,0,0.0,25,19.7536,-9.3473,10.4063,0.07855,AGENT_STOP,1,F0:19|F1:6,13397,0,0,0,0,0,0,0,0,13397,18,0,false,false,32,0.2947,1.0000,19
2026-05-06 07:58:59,run_1778011901552,136,119,20420,v3,16,true,32,6,0,0.0,5,2.8900,-10.1516,-7.2616,0.07845,AGENT_STOP,0,F0:5,3550,0,0,0,0,0,0,0,0,3550,4,0,false,false,32,0.2803,1.0000,15
