timestamp,run_id,epoch,episode,total_episode_count,state_encoder_version,total_actions,blocks_placed,invalid_actions,episode_ms,context_ms,state_encode_ms,next_state_encode_ms,action_select_ms,grid_clone_ms,placement_ms,finalize_ms,reward_ms,replay_ms,train_batch_ms,invalid_log_ms,final_eval_ms,episode_log_ms,update_best_ms,untracked_ms,top_stage,top_stage_ms,rejected_proximity,rejected_rot_aim,dead_tiles,dead_rotations,pruned_types
2026-05-05 23:14:19,run_1778011901552,1,24,75,v3,6,5,0,444.373,0.070,2.568,2.732,48.246,0.060,0.064,0.043,0.042,0.013,390.100,0.000,0.002,0.258,0.016,0.159,train_batch,390.100,3553,0,1,0,0
2026-05-05 23:14:34,run_1778011901552,1,49,100,v3,6,5,0,385.958,0.051,1.622,1.505,29.537,0.034,0.037,0.028,0.065,0.007,352.822,0.000,0.002,0.143,0.014,0.092,train_batch,352.822,3717,0,0,0,0
2026-05-05 23:14:53,run_1778011901552,1,74,125,v3,13,12,0,785.957,0.120,3.598,3.317,66.850,0.110,0.086,0.106,0.097,0.017,711.269,0.000,0.130,0.002,0.028,0.229,train_batch,711.269,6884,0,0,0,0
2026-05-05 23:15:15,run_1778011901552,1,99,150,v3,10,9,0,673.135,0.094,4.173,4.283,64.450,0.077,0.072,0.068,0.076,0.015,599.295,0.000,0.142,0.191,0.018,0.181,train_batch,599.295,5061,0,0,0,0
2026-05-05 23:15:34,run_1778011901552,1,124,175,v3,40,40,0,2125.078,0.414,16.210,16.329,206.276,0.918,0.274,1.069,0.226,0.032,1881.826,0.000,0.301,0.002,0.145,1.058,train_batch,1881.826,18912,0,2,0,0
2026-05-05 23:15:51,run_1778011901552,1,149,200,v3,8,7,0,400.503,0.064,2.373,2.136,39.496,0.047,0.046,0.040,0.063,0.010,355.860,0.000,0.093,0.190,0.014,0.071,train_batch,355.860,3008,0,0,0,0
2026-05-05 23:16:13,run_1778011901552,2,24,225,v3,9,8,0,584.352,0.078,2.408,2.264,45.343,0.052,0.046,0.052,0.063,0.006,533.820,0.000,0.111,0.002,0.020,0.087,train_batch,533.820,4891,0,2,0,0
2026-05-05 23:16:31,run_1778011901552,2,49,250,v3,8,7,0,407.606,0.066,2.285,1.972,40.719,0.048,0.040,0.043,0.058,0.006,362.007,0.000,0.079,0.186,0.016,0.082,train_batch,362.007,3509,0,0,0,0
2026-05-05 23:16:51,run_1778011901552,2,74,275,v3,16,15,0,812.190,0.134,4.772,4.273,85.069,0.159,0.085,0.138,0.128,0.010,716.961,0.000,0.228,0.002,0.022,0.211,train_batch,716.961,7534,0,1,0,0
2026-05-05 23:17:12,run_1778011901552,2,99,300,v3,23,22,0,1229.808,0.212,9.686,9.037,120.784,0.317,0.134,0.283,0.149,0.016,1081.686,0.000,6.911,0.167,0.040,0.386,train_batch,1081.686,10792,0,0,0,0
2026-05-05 23:17:31,run_1778011901552,2,124,325,v3,6,5,0,395.841,0.051,2.286,2.145,31.053,0.031,0.028,0.025,0.019,0.004,360.128,0.000,0.002,0.002,0.014,0.054,train_batch,360.128,3212,0,1,0,0
2026-05-05 23:17:53,run_1778011901552,2,149,350,v3,23,22,0,1217.590,0.204,8.773,8.519,118.447,0.308,0.126,0.313,0.116,0.010,1079.829,0.000,0.244,0.269,0.033,0.399,train_batch,1079.829,10751,0,0,0,0
2026-05-05 23:18:18,run_1778011901552,3,24,375,v3,32,31,0,1715.232,0.311,12.826,12.311,193.530,0.586,0.222,0.655,0.115,0.020,1493.685,0.000,0.210,0.001,0.040,0.723,train_batch,1493.685,14484,0,1,0,0
2026-05-05 23:18:41,run_1778011901552,3,49,400,v3,8,8,0,417.280,0.065,3.150,2.846,45.206,0.050,0.057,0.045,0.053,0.005,365.362,0.000,0.075,0.272,0.014,0.082,train_batch,365.362,3683,0,0,0,0
2026-05-05 23:19:05,run_1778011901552,3,74,425,v3,15,14,0,906.245,0.139,7.635,6.685,103.069,0.166,0.086,0.133,0.057,1.538,786.388,0.000,0.104,0.001,0.018,0.226,train_batch,786.388,7375,0,0,0,0
2026-05-05 23:19:25,run_1778011901552,3,99,450,v3,15,14,0,821.619,0.130,6.104,5.480,83.001,0.152,0.090,0.132,0.068,1.433,724.395,0.000,0.104,0.313,0.021,0.199,train_batch,724.395,7544,0,0,0,0
2026-05-05 23:19:48,run_1778011901552,3,124,475,v3,9,8,0,596.797,0.072,2.882,2.475,47.798,0.060,0.041,0.051,0.054,0.878,542.252,0.000,0.112,0.002,0.021,0.101,train_batch,542.252,5229,0,0,0,0
2026-05-05 23:20:09,run_1778011901552,3,149,500,v3,7,6,0,405.973,0.056,2.317,1.761,36.421,0.040,0.021,0.036,0.037,0.535,364.389,0.000,0.071,0.189,0.013,0.086,train_batch,364.389,3516,0,1,0,0
2026-05-05 23:20:29,run_1778011901552,4,24,525,v3,6,5,0,398.172,0.052,2.493,2.013,31.752,0.038,0.017,0.027,0.008,0.537,361.164,0.000,0.002,0.002,0.014,0.052,train_batch,361.164,3639,0,0,0,0
2026-05-05 23:20:48,run_1778011901552,4,49,550,v3,11,11,0,610.149,0.093,3.675,3.034,57.074,0.087,0.046,0.075,0.021,0.970,544.724,0.000,0.075,0.136,0.016,0.123,train_batch,544.724,5273,0,0,0,0
2026-05-05 23:21:09,run_1778011901552,4,74,575,v3,8,7,0,414.657,0.064,3.203,2.982,45.440,0.048,0.028,0.041,0.013,0.704,361.975,0.000,0.077,0.001,0.011,0.070,train_batch,361.975,3407,0,0,0,0
2026-05-05 23:21:33,run_1778011901552,4,99,600,v3,12,11,0,623.282,0.104,4.999,4.875,71.125,0.102,0.046,0.088,0.046,1.150,540.302,0.000,0.081,0.203,0.017,0.144,train_batch,540.302,4675,0,0,0,0
2026-05-05 23:21:58,run_1778011901552,4,124,625,v3,11,10,0,606.873,0.094,3.599,2.969,57.192,0.083,0.042,0.079,0.052,0.990,541.556,0.000,0.088,0.002,0.015,0.113,train_batch,541.556,4481,0,0,0,0
2026-05-05 23:22:22,run_1778011901552,4,149,650,v3,14,13,0,824.622,0.125,6.288,5.420,86.132,0.138,0.055,0.114,0.085,1.241,724.509,0.000,0.090,0.223,0.019,0.184,train_batch,724.509,6924,0,0,0,0
2026-05-05 23:22:41,run_1778011901552,5,24,675,v3,9,8,0,606.738,0.075,2.816,2.443,47.139,0.052,0.034,0.057,0.044,0.834,553.047,0.000,0.078,0.002,0.019,0.098,train_batch,553.047,5121,0,0,0,0
2026-05-05 23:23:00,run_1778011901552,5,49,700,v3,11,10,0,614.054,0.091,3.732,3.218,59.004,0.085,0.036,0.072,0.044,0.934,546.504,0.000,0.073,0.134,0.015,0.113,train_batch,546.504,5189,0,0,0,0
2026-05-05 23:23:24,run_1778011901552,5,74,725,v3,17,16,0,1016.250,0.152,7.288,6.619,96.787,0.178,0.072,0.160,0.095,1.574,902.960,0.000,0.103,0.001,0.027,0.234,train_batch,902.960,8099,0,0,0,0
2026-05-05 23:23:42,run_1778011901552,5,99,750,v3,11,10,0,614.459,0.095,3.374,2.977,59.883,0.083,0.043,0.080,0.048,0.997,546.408,0.000,0.076,0.261,0.016,0.119,train_batch,546.408,4945,0,0,0,0
2026-05-05 23:24:06,run_1778011901552,5,124,775,v3,23,23,0,1260.807,0.221,10.037,9.248,139.929,0.332,0.104,0.300,0.113,2.072,1097.860,0.000,0.152,0.002,0.029,0.408,train_batch,1097.860,10581,0,0,0,0
2026-05-05 23:24:24,run_1778011901552,5,149,800,v3,16,15,0,858.776,0.151,6.715,6.099,103.149,0.175,0.070,0.188,0.098,1.417,740.133,0.000,0.101,0.229,0.022,0.230,train_batch,740.133,7538,0,0,0,0
2026-05-05 23:24:43,run_1778011901552,6,24,825,v3,8,7,0,414.875,0.065,2.603,2.158,44.366,0.043,0.025,0.049,0.016,0.699,364.706,0.000,0.067,0.001,0.010,0.070,train_batch,364.706,3373,0,0,0,0
2026-05-05 23:25:06,run_1778011901552,6,49,850,v3,8,7,0,439.353,0.065,2.861,2.973,49.950,0.047,0.033,0.050,0.037,1.001,382.028,0.000,0.067,0.150,0.013,0.080,train_batch,382.028,3200,0,0,0,0
2026-05-05 23:25:25,run_1778011901552,6,74,875,v3,12,11,0,633.091,0.100,4.159,3.552,67.225,0.101,0.040,0.090,0.069,1.034,556.498,0.000,0.074,0.002,0.015,0.134,train_batch,556.498,4665,0,0,0,0
2026-05-05 23:25:55,run_1778011901552,6,99,900,v3,38,38,0,2101.098,0.398,16.585,15.559,218.673,0.828,0.199,0.949,0.150,3.259,1843.196,0.000,0.169,0.125,0.045,0.963,train_batch,1843.196,18834,0,0,0,0
2026-05-05 23:26:21,run_1778011901552,6,124,925,v3,15,14,0,835.527,0.133,5.995,5.748,84.277,0.188,0.091,0.132,0.083,1.351,737.179,0.000,0.092,0.002,0.021,0.238,train_batch,737.179,7261,0,0,0,0
2026-05-05 23:26:40,run_1778011901552,6,149,950,v3,16,15,0,864.769,0.149,7.220,6.775,104.573,0.173,0.067,0.141,0.086,1.449,743.665,0.000,0.089,0.131,0.021,0.231,train_batch,743.665,7404,0,0,0,0
2026-05-05 23:27:00,run_1778011901552,7,24,975,v3,11,10,0,683.259,0.099,5.518,4.919,89.247,0.095,0.053,0.077,0.057,1.286,581.694,0.000,0.071,0.002,0.015,0.128,train_batch,581.694,5145,0,0,0,0
2026-05-05 23:27:21,run_1778011901552,7,49,1000,v3,8,7,0,421.416,0.076,3.192,2.817,50.152,0.051,0.033,0.045,0.034,0.710,364.006,0.000,0.063,0.146,0.013,0.079,train_batch,364.006,3353,0,0,0,0
2026-05-05 23:27:41,run_1778011901552,7,74,1025,v3,19,18,0,1023.898,0.178,7.138,6.658,104.608,0.237,0.081,0.214,0.105,1.701,902.579,0.000,0.100,0.001,0.022,0.280,train_batch,902.579,8014,0,0,0,0
2026-05-05 23:28:01,run_1778011901552,7,99,1050,v3,16,15,0,832.663,0.142,5.970,5.298,94.617,0.171,0.067,0.141,0.075,1.366,724.364,0.000,0.088,0.126,0.020,0.220,train_batch,724.364,7500,0,0,0,0
2026-05-05 23:28:20,run_1778011901552,7,124,1075,v3,25,24,0,1490.659,0.239,11.648,11.172,178.963,0.415,0.138,0.358,0.105,2.866,1284.086,0.000,0.110,0.001,0.037,0.524,train_batch,1284.086,12818,0,0,0,0
2026-05-05 23:28:43,run_1778011901552,7,149,1100,v3,16,15,0,826.920,0.140,6.756,6.338,87.721,0.173,0.065,0.189,0.050,1.426,723.532,0.000,0.080,0.207,0.021,0.222,train_batch,723.532,6723,0,0,0,0
2026-05-05 23:29:07,run_1778011901552,8,24,1125,v3,21,20,0,1240.719,0.194,8.826,8.744,128.546,0.288,0.092,0.332,0.097,1.884,1091.208,0.000,0.110,0.001,0.033,0.364,train_batch,1091.208,9637,0,0,0,0
2026-05-05 23:29:29,run_1778011901552,8,49,1150,v3,25,22,2,1568.625,0.263,11.562,11.322,176.540,0.364,0.173,0.361,0.126,2.173,1364.935,0.000,0.117,0.117,0.032,0.542,train_batch,1364.935,12435,0,0,0,0
2026-05-05 23:29:49,run_1778011901552,8,74,1175,v3,6,5,0,394.561,0.047,2.047,1.926,34.368,0.032,0.017,0.023,0.032,0.482,355.527,0.000,0.003,0.002,0.009,0.048,train_batch,355.527,3230,0,0,0,0
2026-05-05 23:30:12,run_1778011901552,8,99,1200,v3,12,11,0,615.878,0.098,4.700,4.584,69.571,0.098,0.036,0.065,0.046,1.054,535.260,0.000,0.075,0.151,0.015,0.125,train_batch,535.260,4928,0,0,0,0
2026-05-05 23:30:40,run_1778011901552,8,124,1225,v3,7,6,0,397.300,0.058,2.067,1.850,35.446,0.039,0.018,0.027,0.039,0.586,357.050,0.000,0.059,0.002,0.009,0.050,train_batch,357.050,2967,0,0,0,0
2026-05-05 23:31:00,run_1778011901552,8,149,1250,v3,15,14,0,924.212,0.131,5.942,5.966,139.509,0.157,0.072,0.116,0.074,1.568,770.264,0.000,0.078,0.118,0.018,0.199,train_batch,770.264,7094,0,0,0,0
2026-05-05 23:31:18,run_1778011901552,9,24,1275,v3,7,6,0,398.587,0.054,2.646,2.528,36.775,0.039,0.021,0.023,0.009,0.591,355.791,0.000,0.053,0.002,0.009,0.048,train_batch,355.791,3455,0,0,0,0
2026-05-05 23:31:37,run_1778011901552,9,49,1300,v3,6,5,0,394.905,0.048,1.803,1.544,30.438,0.043,0.013,0.018,0.031,0.494,360.310,0.000,0.002,0.115,0.008,0.037,train_batch,360.310,3341,0,0,0,0
2026-05-05 23:31:55,run_1778011901552,9,74,1325,v3,12,11,0,646.009,0.100,5.105,4.867,92.946,0.102,0.050,0.079,0.051,1.069,541.417,0.000,0.074,0.002,0.013,0.136,train_batch,541.417,5080,0,0,0,0
2026-05-05 23:32:15,run_1778011901552,9,99,1350,v3,18,17,0,1068.559,0.172,7.268,6.594,100.974,0.224,0.070,0.144,0.086,1.610,950.947,0.000,0.087,0.119,0.020,0.246,train_batch,950.947,8929,0,2,0,0
2026-05-05 23:32:40,run_1778011901552,9,124,1375,v3,12,12,0,677.606,0.107,4.997,4.259,91.899,0.116,0.051,0.074,0.064,1.357,574.457,0.000,0.065,0.001,0.015,0.142,train_batch,574.457,5936,0,0,0,0
2026-05-05 23:33:00,run_1778011901552,9,149,1400,v3,20,19,0,1022.993,0.190,8.139,7.669,116.632,0.260,0.078,0.171,0.087,1.668,887.586,0.000,0.087,0.110,0.023,0.296,train_batch,887.586,8926,0,0,0,0
2026-05-05 23:33:23,run_1778011901552,10,24,1425,v3,15,14,0,824.451,0.136,6.521,6.140,95.543,0.156,0.062,0.106,0.093,1.284,714.140,0.000,0.071,0.001,0.017,0.181,train_batch,714.140,7514,0,0,0,0
2026-05-05 23:33:43,run_1778011901552,10,49,1450,v3,34,34,0,2002.445,0.405,14.804,13.695,239.018,0.752,0.167,0.674,0.136,3.322,1728.321,0.000,0.140,0.122,0.037,0.851,train_batch,1728.321,16164,0,0,0,0
2026-05-05 23:34:05,run_1778011901552,10,74,1475,v3,18,17,0,1008.246,0.166,6.239,5.591,98.338,0.208,0.066,0.169,0.053,1.508,895.560,0.000,0.086,0.002,0.020,0.241,train_batch,895.560,9186,0,0,0,0
2026-05-05 23:34:25,run_1778011901552,10,99,1500,v3,9,8,0,599.024,0.072,3.502,3.347,55.477,0.057,0.032,0.037,0.040,0.756,535.436,0.000,0.066,0.108,0.018,0.076,train_batch,535.436,4637,0,0,0,0
2026-05-05 23:34:47,run_1778011901552,10,124,1525,v3,10,9,0,689.711,0.090,14.073,5.638,114.621,0.088,0.055,0.052,0.079,1.437,553.393,0.000,0.064,0.001,0.012,0.110,train_batch,553.393,5330,0,0,0,0
2026-05-05 23:35:06,run_1778011901552,10,149,1550,v3,20,19,0,1028.638,0.190,8.166,7.495,120.353,0.247,0.073,0.181,0.066,1.658,889.639,0.000,0.124,0.142,0.022,0.283,train_batch,889.639,9630,0,0,0,0
2026-05-05 23:35:22,run_1778011901552,11,24,1575,v3,20,19,0,1026.999,0.185,8.419,7.674,119.758,0.254,0.080,0.197,0.106,1.664,888.259,0.000,0.087,0.002,0.021,0.293,train_batch,888.259,9335,0,0,0,0
2026-05-05 23:35:43,run_1778011901552,11,49,1600,v3,7,6,0,404.681,0.056,2.657,2.661,44.974,0.045,0.025,0.023,0.034,0.563,353.418,0.000,0.056,0.102,0.010,0.059,train_batch,353.418,3666,0,0,0,0
2026-05-05 23:36:04,run_1778011901552,11,74,1625,v3,7,6,0,405.842,0.058,2.681,2.498,40.894,0.040,0.025,0.025,0.011,0.602,358.887,0.000,0.056,0.002,0.009,0.053,train_batch,358.887,3330,0,0,0,0
2026-05-05 23:36:30,run_1778011901552,11,99,1650,v3,21,20,0,1189.349,0.198,6.517,5.749,114.078,0.264,0.075,0.227,0.089,1.762,1059.805,0.000,0.115,0.116,0.029,0.324,train_batch,1059.805,10384,0,0,0,0
2026-05-05 23:36:53,run_1778011901552,11,124,1675,v3,7,6,0,408.384,0.058,2.709,2.507,47.649,0.038,0.023,0.026,0.010,0.586,354.659,0.000,0.057,0.002,0.009,0.051,train_batch,354.659,3245,0,0,0,0
2026-05-05 23:37:13,run_1778011901552,11,149,1700,v3,8,7,0,419.698,0.065,2.360,2.097,47.826,0.048,0.024,0.029,0.054,0.677,366.282,0.000,0.054,0.102,0.010,0.072,train_batch,366.282,3032,0,0,0,0
2026-05-05 23:37:35,run_1778011901552,12,24,1725,v3,15,14,0,819.005,0.130,6.359,6.061,85.429,0.158,0.052,0.105,0.050,1.271,719.115,0.000,0.090,0.001,0.017,0.166,train_batch,719.115,7246,0,0,0,0
2026-05-05 23:37:57,run_1778011901552,12,49,1750,v3,27,26,0,1466.157,0.277,10.434,10.153,165.545,0.434,0.138,0.365,0.130,2.617,1275.280,0.000,0.126,0.104,0.029,0.525,train_batch,1275.280,12871,0,0,0,0
2026-05-05 23:38:23,run_1778011901552,12,74,1775,v3,9,8,0,594.507,0.073,2.808,2.476,49.023,0.059,0.025,0.036,0.062,0.729,539.056,0.000,0.063,0.001,0.017,0.080,train_batch,539.056,5298,0,0,0,0
2026-05-05 23:38:48,run_1778011901552,12,99,1800,v3,6,5,0,405.240,0.048,2.175,2.041,42.712,0.032,0.022,0.017,0.009,0.487,357.541,0.000,0.003,0.103,0.009,0.042,train_batch,357.541,2586,0,0,0,0
2026-05-05 23:39:06,run_1778011901552,12,124,1825,v3,9,8,0,599.953,0.073,2.740,2.342,49.381,0.057,0.033,0.036,0.037,0.750,544.345,0.000,0.066,0.002,0.019,0.074,train_batch,544.345,5437,0,0,0,0
2026-05-05 23:39:27,run_1778011901552,12,149,1850,v3,17,16,0,1015.207,0.145,4.929,4.696,100.169,0.176,0.062,0.135,0.055,1.429,902.982,0.000,0.084,0.101,0.025,0.218,train_batch,902.982,9681,0,0,0,0
2026-05-05 23:39:51,run_1778011901552,13,24,1875,v3,17,16,0,1123.501,0.152,6.931,7.079,123.404,0.188,0.070,0.136,0.057,1.522,983.621,0.000,0.095,0.001,0.025,0.222,train_batch,983.621,9420,0,0,0,0
2026-05-05 23:40:18,run_1778011901552,13,49,1900,v3,13,12,0,830.592,0.115,5.667,5.376,94.194,0.115,0.054,0.081,0.050,1.069,723.524,0.000,0.076,0.102,0.023,0.146,train_batch,723.524,7135,0,0,0,0
2026-05-05 23:40:43,run_1778011901552,13,74,1925,v3,22,21,0,1234.731,0.204,9.192,8.681,121.243,0.303,0.083,0.225,0.074,1.788,1092.486,0.000,0.095,0.002,0.024,0.334,train_batch,1092.486,11822,0,1,0,0
2026-05-05 23:41:13,run_1778011901552,13,99,1950,v3,12,11,0,657.803,0.103,5.196,5.262,94.152,0.109,0.044,0.072,0.044,0.996,551.495,0.000,0.070,0.110,0.015,0.136,train_batch,551.495,6081,0,0,0,0
2026-05-05 23:41:41,run_1778011901552,13,124,1975,v3,55,56,2,3033.872,0.644,23.151,22.007,363.828,1.700,0.310,2.128,0.188,4.381,2613.367,0.000,0.191,0.002,0.059,1.918,train_batch,2613.367,29299,0,5,0,0
2026-05-05 23:42:05,run_1778011901552,13,149,2000,v3,21,20,0,1217.289,0.193,8.765,8.383,121.387,0.262,0.075,0.202,0.110,1.750,1075.609,0.000,0.107,0.104,0.030,0.313,train_batch,1075.609,11720,0,3,0,0
2026-05-05 23:42:27,run_1778011901552,14,24,2025,v3,15,14,0,890.426,0.144,6.171,5.529,88.605,0.146,0.054,0.114,0.024,1.271,788.099,0.000,0.081,0.002,0.017,0.169,train_batch,788.099,7079,0,0,0,0
2026-05-05 23:42:50,run_1778011901552,14,49,2050,v3,9,8,0,594.542,0.079,2.960,2.847,50.231,0.060,0.031,0.038,0.033,0.710,537.283,0.000,0.072,0.102,0.021,0.076,train_batch,537.283,5352,0,0,0,0
2026-05-05 23:43:17,run_1778011901552,14,74,2075,v3,7,6,0,414.862,0.058,2.355,2.226,43.663,0.042,0.024,0.025,0.038,0.598,365.713,0.000,0.057,0.002,0.009,0.053,train_batch,365.713,3407,0,0,0,0
2026-05-05 23:43:44,run_1778011901552,14,99,2100,v3,6,5,0,400.947,0.050,2.209,1.981,39.431,0.034,0.020,0.019,0.033,0.490,356.520,0.000,0.003,0.103,0.009,0.045,train_batch,356.520,3442,0,0,0,0
2026-05-05 23:44:06,run_1778011901552,14,124,2125,v3,26,25,0,1452.964,0.276,11.071,10.565,173.434,0.404,0.126,0.360,0.116,2.270,1253.736,0.000,0.106,0.001,0.034,0.465,train_batch,1253.736,12708,0,1,0,0
2026-05-05 23:44:32,run_1778011901552,14,149,2150,v3,7,6,0,412.941,0.058,2.662,2.474,50.609,0.038,0.025,0.023,0.009,0.587,356.246,0.000,0.051,0.101,0.010,0.050,train_batch,356.246,3700,0,0,0,0
2026-05-05 23:44:56,run_1778011901552,15,24,2175,v3,20,19,0,1038.156,0.187,8.410,8.070,118.436,0.251,0.081,0.202,0.101,1.601,900.413,0.000,0.094,0.001,0.022,0.287,train_batch,900.413,9272,0,1,0,0
2026-05-05 23:45:22,run_1778011901552,15,49,2200,v3,26,25,0,1439.166,0.269,11.306,10.615,165.461,0.413,0.104,0.332,0.096,2.122,1247.542,0.000,0.173,0.206,0.031,0.495,train_batch,1247.542,12738,0,2,0,0
2026-05-05 23:45:42,run_1778011901552,15,74,2225,v3,36,36,0,1864.237,0.395,15.706,15.103,227.212,0.750,0.172,0.813,0.173,2.951,1599.939,0.000,0.156,0.002,0.038,0.828,train_batch,1599.939,16822,0,1,0,0
2026-05-05 23:46:07,run_1778011901552,15,99,2250,v3,33,32,0,1850.255,0.360,14.886,14.051,205.872,0.607,0.127,0.657,0.165,2.677,1609.864,0.000,0.151,0.112,0.041,0.685,train_batch,1609.864,17410,0,1,0,0
2026-05-05 23:46:27,run_1778011901552,15,124,2275,v3,8,7,0,407.624,0.062,2.686,2.601,44.795,0.049,0.024,0.030,0.031,0.629,356.586,0.000,0.057,0.002,0.010,0.062,train_batch,356.586,3464,0,1,0,0
2026-05-05 23:46:47,run_1778011901552,15,149,2300,v3,8,7,0,423.769,0.063,3.255,3.311,63.043,0.052,0.032,0.032,0.060,0.675,352.998,0.000,0.063,0.101,0.011,0.074,train_batch,352.998,3603,0,0,0,0
2026-05-05 23:47:13,run_1778011901552,16,24,2325,v3,18,17,0,1122.038,0.171,8.124,9.468,141.919,0.236,0.102,0.162,0.096,2.048,959.336,0.000,0.084,0.002,0.019,0.271,train_batch,959.336,9644,0,1,0,0
2026-05-05 23:47:38,run_1778011901552,16,49,2350,v3,32,32,0,1660.230,0.320,14.086,13.355,202.877,0.630,0.158,0.625,0.136,2.620,1424.430,0.000,0.131,0.105,0.035,0.722,train_batch,1424.430,15514,0,1,0,0
2026-05-05 23:48:02,run_1778011901552,16,74,2375,v3,15,14,0,818.185,0.135,5.674,5.491,88.685,0.148,0.056,0.114,0.056,1.211,716.327,0.000,0.093,0.002,0.018,0.176,train_batch,716.327,7051,0,0,0,0
2026-05-05 23:48:18,run_1778011901552,16,99,2400,v3,12,11,0,621.382,0.103,4.864,4.726,76.356,0.099,0.045,0.071,0.079,1.139,533.580,0.000,0.070,0.102,0.014,0.133,train_batch,533.580,5502,0,0,0,0
2026-05-05 23:48:40,run_1778011901552,16,124,2425,v3,16,15,0,821.058,0.137,5.978,5.666,89.805,0.160,0.059,0.111,0.045,1.298,717.514,0.000,0.076,0.002,0.018,0.190,train_batch,717.514,7733,0,0,0,0
2026-05-05 23:49:05,run_1778011901552,16,149,2450,v3,34,36,0,1949.728,0.365,15.664,15.014,250.503,0.707,0.181,0.697,0.138,3.721,1661.666,0.000,0.136,0.104,0.039,0.793,train_batch,1661.666,16437,0,0,0,0
2026-05-05 23:49:28,run_1778011901552,17,24,2475,v3,10,9,0,602.193,0.102,3.519,3.196,60.220,0.071,0.034,0.048,0.014,0.780,534.051,0.000,0.063,0.002,0.011,0.083,train_batch,534.051,4997,0,1,0,0
2026-05-05 23:49:54,run_1778011901552,17,49,2500,v3,8,7,0,416.612,0.062,2.958,2.949,53.090,0.046,0.033,0.032,0.040,0.630,356.517,0.000,0.066,0.113,0.012,0.066,train_batch,356.517,3613,0,0,0,0
2026-05-05 23:50:21,run_1778011901552,17,74,2525,v3,13,12,0,816.558,0.110,5.008,4.715,91.118,0.127,0.049,0.076,0.084,1.015,713.996,0.000,0.087,0.001,0.024,0.149,train_batch,713.996,6723,0,0,0,0
2026-05-05 23:50:44,run_1778011901552,17,99,2550,v3,40,40,0,2089.883,0.449,18.413,16.641,269.869,0.908,0.208,1.213,0.225,3.291,1777.314,0.000,0.169,0.108,0.042,1.035,train_batch,1777.314,18189,0,0,0,0
2026-05-05 23:51:10,run_1778011901552,17,124,2575,v3,12,11,0,618.324,0.103,4.730,4.471,78.997,0.110,0.047,0.069,0.113,0.932,528.313,0.000,0.301,0.001,0.015,0.121,train_batch,528.313,5958,0,0,0,0
2026-05-05 23:51:32,run_1778011901552,17,149,2600,v3,15,14,0,832.360,0.133,6.293,6.043,94.725,0.167,0.051,0.094,0.092,1.245,723.123,0.000,0.094,0.099,0.018,0.182,train_batch,723.123,7367,0,0,0,0
2026-05-05 23:51:55,run_1778011901552,18,24,2625,v3,26,25,0,1436.670,0.246,10.448,9.722,156.222,0.404,0.107,0.342,0.140,2.147,1256.258,0.000,0.156,0.002,0.028,0.449,train_batch,1256.258,13833,0,6,0,0
2026-05-05 23:52:19,run_1778011901552,18,49,2650,v3,13,12,0,819.277,0.113,5.296,5.117,87.674,0.115,0.049,0.082,0.086,1.100,719.286,0.000,0.089,0.100,0.024,0.146,train_batch,719.286,7222,0,0,0,0
2026-05-05 23:52:40,run_1778011901552,18,74,2675,v3,15,14,0,832.284,0.132,6.108,5.634,99.055,0.159,0.061,0.101,0.022,1.211,719.516,0.000,0.082,0.001,0.018,0.184,train_batch,719.516,8042,0,0,0,0
2026-05-05 23:53:04,run_1778011901552,18,99,2700,v3,7,6,0,403.039,0.065,2.748,2.457,42.825,0.042,0.020,0.030,0.040,0.565,354.013,0.000,0.058,0.108,0.011,0.057,train_batch,354.013,3643,0,0,0,0
2026-05-05 23:53:27,run_1778011901552,18,124,2725,v3,11,10,0,633.036,0.096,4.736,4.281,77.838,0.086,0.036,0.061,0.056,0.910,544.722,0.000,0.094,0.001,0.013,0.104,train_batch,544.722,5306,0,0,0,0
2026-05-05 23:53:52,run_1778011901552,18,149,2750,v3,39,40,0,2065.758,0.413,16.802,15.977,249.066,0.932,0.200,0.836,0.200,3.147,1776.857,0.000,0.153,0.116,0.054,1.005,train_batch,1776.857,19297,0,0,0,0
2026-05-05 23:54:12,run_1778011901552,19,24,2775,v3,20,19,0,1043.004,0.185,8.455,8.219,124.692,0.241,0.075,0.185,0.139,1.603,898.784,0.000,0.099,0.001,0.021,0.305,train_batch,898.784,9072,0,0,0,0
2026-05-05 23:54:37,run_1778011901552,19,49,2800,v3,15,15,0,828.413,0.132,4.573,3.837,93.301,0.169,0.061,0.109,0.051,1.246,724.540,0.000,0.078,0.107,0.018,0.193,train_batch,724.540,8199,0,0,0,0
2026-05-05 23:55:00,run_1778011901552,19,74,2825,v3,15,14,0,836.119,0.133,6.239,6.136,102.859,0.155,0.066,0.112,0.088,1.216,718.825,0.000,0.076,0.001,0.017,0.199,train_batch,718.825,6799,0,0,0,0
2026-05-05 23:55:23,run_1778011901552,19,99,2850,v3,37,37,0,2063.736,0.400,16.086,15.461,248.459,0.801,0.175,0.818,0.135,3.020,1777.149,0.000,0.176,0.104,0.048,0.903,train_batch,1777.149,17085,0,0,0,0
2026-05-05 23:55:55,run_1778011901552,19,124,2875,v3,12,11,0,602.286,0.099,3.361,3.049,64.136,0.100,0.037,0.059,0.058,0.953,530.232,0.000,0.065,0.002,0.013,0.122,train_batch,530.232,4780,0,0,0,0
2026-05-05 23:56:25,run_1778011901552,19,149,2900,v3,12,12,0,614.780,0.100,4.448,4.242,69.122,0.106,0.044,0.069,0.047,0.988,535.219,0.000,0.067,0.183,0.017,0.129,train_batch,535.219,4579,0,0,0,0
2026-05-05 23:56:48,run_1778011901552,20,24,2925,v3,35,30,5,1869.501,0.345,15.275,14.744,229.693,0.645,0.194,0.639,0.153,2.434,1604.393,0.000,0.141,0.002,0.042,0.800,train_batch,1604.393,16018,0,0,0,0
2026-05-05 23:57:12,run_1778011901552,20,49,2950,v3,22,22,0,1362.545,0.213,11.678,10.550,175.005,0.312,0.143,0.250,0.094,2.611,1161.096,0.000,0.098,0.099,0.026,0.371,train_batch,1161.096,11832,0,0,0,0
2026-05-05 23:57:38,run_1778011901552,20,74,2975,v3,19,18,0,1035.287,0.172,7.633,7.392,115.708,0.222,0.074,0.162,0.087,1.613,901.861,0.000,0.086,0.001,0.020,0.257,train_batch,901.861,9458,0,0,0,0
2026-05-05 23:58:00,run_1778011901552,20,99,3000,v3,13,12,0,802.902,0.112,4.576,4.471,79.499,0.107,0.053,0.089,0.053,1.038,712.570,0.000,0.083,0.101,0.021,0.129,train_batch,712.570,6642,0,0,0,0
2026-05-05 23:58:25,run_1778011901552,20,124,3025,v3,8,7,0,409.184,0.063,2.907,2.831,47.905,0.049,0.025,0.028,0.033,0.633,354.573,0.000,0.060,0.001,0.010,0.066,train_batch,354.573,3312,0,0,0,0
2026-05-05 23:58:56,run_1778011901552,20,149,3050,v3,15,14,0,826.131,0.130,5.918,5.685,102.578,0.155,0.064,0.102,0.068,1.176,709.883,0.000,0.068,0.101,0.017,0.186,train_batch,709.883,7903,0,0,0,0
2026-05-05 23:59:20,run_1778011901552,21,24,3075,v3,18,17,0,1009.424,0.163,6.096,5.714,112.497,0.214,0.063,0.150,0.072,1.462,882.634,0.000,0.094,0.002,0.019,0.243,train_batch,882.634,9335,0,0,0,0
2026-05-05 23:59:49,run_1778011901552,21,49,3100,v3,23,22,0,1365.882,0.219,9.976,9.721,168.716,0.324,0.099,0.273,0.096,1.898,1173.953,0.000,0.100,0.105,0.027,0.377,train_batch,1173.953,10365,0,0,0,0
2026-05-06 00:00:21,run_1778011901552,21,74,3125,v3,21,20,0,1321.805,0.187,8.676,9.136,150.614,0.262,0.092,0.200,0.106,1.959,1150.112,0.000,0.102,0.001,0.029,0.329,train_batch,1150.112,10333,0,0,0,0
2026-05-06 00:00:47,run_1778011901552,21,99,3150,v3,24,23,0,1236.335,0.224,9.337,9.026,146.222,0.342,0.095,0.277,0.086,1.859,1068.228,0.000,0.109,0.101,0.026,0.402,train_batch,1068.228,9217,0,0,0,0
2026-05-06 00:01:10,run_1778011901552,21,124,3175,v3,11,11,0,650.505,0.095,5.450,4.594,83.339,0.090,0.049,0.062,0.019,1.071,555.537,0.000,0.063,0.001,0.015,0.120,train_batch,555.537,4988,0,1,0,0
2026-05-06 00:01:32,run_1778011901552,21,149,3200,v3,10,9,0,598.152,0.084,3.145,3.043,58.513,0.076,0.032,0.044,0.034,0.769,532.130,0.000,0.064,0.116,0.013,0.090,train_batch,532.130,5453,0,1,0,0
2026-05-06 00:01:53,run_1778011901552,22,24,3225,v3,20,20,0,1034.415,0.180,7.883,7.630,132.537,0.264,0.086,0.199,0.084,1.600,883.517,0.000,0.090,0.001,0.022,0.322,train_batch,883.517,9205,0,0,0,0
2026-05-06 00:02:22,run_1778011901552,22,49,3250,v3,7,6,0,410.506,0.058,2.371,2.202,48.218,0.039,0.023,0.025,0.009,0.543,356.729,0.000,0.049,0.181,0.010,0.051,train_batch,356.729,3072,0,0,0,0
2026-05-06 00:02:47,run_1778011901552,22,74,3275,v3,44,39,4,2314.627,0.464,19.598,18.598,285.657,0.986,0.216,0.996,0.152,3.303,1983.346,0.000,0.160,0.001,0.039,1.111,train_batch,1983.346,21500,0,0,0,0
2026-05-06 00:03:08,run_1778011901552,22,99,3300,v3,8,7,0,412.786,0.078,3.117,2.945,52.748,0.048,0.029,0.033,0.011,0.638,352.908,0.000,0.058,0.100,0.010,0.064,train_batch,352.908,3569,0,0,0,0
2026-05-06 00:03:33,run_1778011901552,22,124,3325,v3,11,10,0,615.554,0.094,3.438,3.281,68.869,0.086,0.040,0.056,0.036,0.887,538.587,0.000,0.062,0.002,0.013,0.103,train_batch,538.587,4964,0,0,0,0
2026-05-06 00:03:57,run_1778011901552,22,149,3350,v3,11,10,0,620.753,0.092,4.535,4.118,76.436,0.089,0.042,0.056,0.064,0.869,534.126,0.000,0.064,0.138,0.014,0.110,train_batch,534.126,5459,0,0,0,0
2026-05-06 00:04:21,run_1778011901552,23,24,3375,v3,8,7,0,420.322,0.063,3.027,2.862,59.506,0.047,0.031,0.031,0.031,0.628,353.974,0.000,0.051,0.002,0.009,0.061,train_batch,353.974,3780,0,0,0,0
2026-05-06 00:04:47,run_1778011901552,23,49,3400,v3,34,33,0,1976.942,0.371,16.957,15.803,263.878,0.668,0.176,0.687,0.131,3.668,1673.555,0.000,0.139,0.109,0.044,0.756,train_batch,1673.555,17273,0,0,0,0
2026-05-06 00:05:10,run_1778011901552,23,74,3425,v3,27,26,0,1469.534,0.282,10.784,9.896,181.078,0.440,0.124,0.412,0.106,2.138,1263.627,0.000,0.114,0.001,0.027,0.506,train_batch,1263.627,12626,0,0,0,0
2026-05-06 00:05:39,run_1778011901552,23,99,3450,v3,22,23,0,1223.959,0.208,8.855,8.087,143.495,0.332,0.098,0.206,0.092,1.733,1060.271,0.000,0.082,0.103,0.026,0.370,train_batch,1060.271,11780,0,0,0,0
2026-05-06 00:06:05,run_1778011901552,23,124,3475,v3,31,30,0,1671.562,0.328,13.768,12.591,214.840,0.570,0.137,0.511,0.118,2.456,1425.441,0.000,0.136,0.002,0.034,0.630,train_batch,1425.441,13985,0,2,0,0
2026-05-06 00:06:36,run_1778011901552,23,149,3500,v3,30,29,0,1635.666,0.304,13.036,12.127,191.205,0.527,0.129,0.483,0.134,2.351,1414.537,0.000,0.120,0.106,0.031,0.579,train_batch,1414.537,14359,0,1,0,0
2026-05-06 00:07:01,run_1778011901552,24,24,3525,v3,7,6,0,397.080,0.057,2.244,1.828,35.796,0.043,0.023,0.026,0.036,0.550,356.364,0.000,0.051,0.002,0.009,0.053,train_batch,356.364,3269,0,0,0,0
2026-05-06 00:07:24,run_1778011901552,24,49,3550,v3,14,13,0,815.848,0.123,5.702,5.401,91.236,0.145,0.056,0.102,0.044,1.078,711.603,0.000,0.073,0.103,0.017,0.168,train_batch,711.603,7703,0,0,0,0
2026-05-06 00:07:53,run_1778011901552,24,74,3575,v3,17,16,0,1026.656,0.152,6.811,6.540,117.612,0.185,0.063,0.140,0.081,1.338,893.378,0.000,0.097,0.001,0.028,0.229,train_batch,893.378,8980,0,0,0,0
2026-05-06 00:08:13,run_1778011901552,24,99,3600,v3,7,6,0,409.529,0.061,2.777,2.534,47.753,0.038,0.025,0.023,0.010,0.564,355.528,0.000,0.051,0.101,0.010,0.054,train_batch,355.528,3479,0,1,0,0
2026-05-06 00:08:37,run_1778011901552,24,124,3625,v3,16,16,0,826.812,0.144,6.124,5.654,106.685,0.172,0.067,0.113,0.068,1.273,706.209,0.000,0.074,0.001,0.019,0.210,train_batch,706.209,7402,0,0,0,0
2026-05-06 00:09:04,run_1778011901552,24,149,3650,v3,45,45,0,2549.287,0.486,19.388,18.794,304.447,1.092,0.236,1.265,0.198,3.674,2198.133,0.000,0.188,0.127,0.060,1.199,train_batch,2198.133,22437,0,1,0,0
2026-05-06 00:09:33,run_1778011901552,25,24,3675,v3,9,8,0,683.900,0.094,4.901,4.589,98.188,0.074,0.048,0.044,0.044,1.836,573.910,0.000,0.060,0.001,0.019,0.094,train_batch,573.910,5580,0,0,0,0
2026-05-06 00:09:58,run_1778011901552,25,49,3700,v3,7,6,0,401.326,0.057,2.743,2.479,40.004,0.041,0.022,0.025,0.033,0.565,355.145,0.000,0.046,0.101,0.010,0.055,train_batch,355.145,3088,0,0,0,0
2026-05-06 00:10:22,run_1778011901552,25,74,3725,v3,9,8,0,614.139,0.074,3.371,3.481,64.983,0.061,0.035,0.038,0.036,0.677,541.218,0.000,0.060,0.002,0.018,0.085,train_batch,541.218,5136,0,0,0,0
2026-05-06 00:10:54,run_1778011901552,25,99,3750,v3,11,10,0,603.244,0.094,3.593,3.384,65.166,0.087,0.035,0.055,0.036,0.843,529.652,0.000,0.078,0.101,0.014,0.107,train_batch,529.652,5194,0,0,0,0
2026-05-06 00:11:20,run_1778011901552,25,124,3775,v3,11,10,0,614.149,0.095,4.323,4.202,68.294,0.083,0.042,0.062,0.046,0.894,535.938,0.000,0.054,0.001,0.013,0.102,train_batch,535.938,5172,0,0,0,0
2026-05-06 00:11:45,run_1778011901552,25,149,3800,v3,34,33,0,2012.282,0.363,15.427,29.279,247.287,0.669,0.171,0.575,0.137,3.516,1713.824,0.000,0.123,0.106,0.038,0.766,train_batch,1713.824,15085,0,0,0,0
2026-05-06 00:12:11,run_1778011901552,26,24,3825,v3,17,16,0,999.381,0.144,6.668,6.503,104.599,0.181,0.067,0.136,0.047,1.366,879.324,0.000,0.093,0.002,0.024,0.227,train_batch,879.324,8947,0,0,0,0
2026-05-06 00:12:39,run_1778011901552,26,49,3850,v3,9,8,0,594.445,0.071,3.417,3.327,56.780,0.058,0.031,0.040,0.034,0.703,529.723,0.000,0.065,0.103,0.018,0.077,train_batch,529.723,4850,0,0,0,0
2026-05-06 00:13:09,run_1778011901552,26,74,3875,v3,14,13,0,812.174,0.118,5.815,5.414,84.085,0.144,0.046,0.092,0.067,1.100,715.050,0.000,0.067,0.002,0.016,0.158,train_batch,715.050,6503,0,0,0,0
2026-05-06 00:13:34,run_1778011901552,26,99,3900,v3,6,5,0,402.286,0.048,2.256,2.061,42.789,0.031,0.023,0.017,0.009,0.481,354.353,0.000,0.002,0.163,0.010,0.045,train_batch,354.353,3165,0,0,0,0
2026-05-06 00:14:00,run_1778011901552,26,124,3925,v3,11,10,0,608.464,0.093,3.935,3.816,66.242,0.091,0.037,0.054,0.035,0.866,533.108,0.000,0.063,0.002,0.014,0.108,train_batch,533.108,5493,0,0,0,0
2026-05-06 00:14:28,run_1778011901552,26,149,3950,v3,15,14,0,828.598,0.142,5.623,5.630,94.226,0.144,0.061,0.132,0.087,1.134,721.030,0.000,0.089,0.109,0.018,0.174,train_batch,721.030,7408,0,0,0,0
2026-05-06 00:14:53,run_1778011901552,27,24,3975,v3,7,6,0,410.467,0.057,2.378,2.379,48.556,0.039,0.024,0.026,0.033,0.523,356.343,0.000,0.046,0.001,0.010,0.053,train_batch,356.343,3532,0,0,0,0
2026-05-06 00:15:19,run_1778011901552,27,49,4000,v3,9,8,0,596.781,0.071,3.111,2.936,56.756,0.053,0.027,0.039,0.013,0.693,532.813,0.000,0.068,0.119,0.017,0.066,train_batch,532.813,4798,0,0,0,0
2026-05-06 00:15:45,run_1778011901552,27,74,4025,v3,40,39,1,2087.269,0.423,17.201,16.353,256.749,0.892,0.190,0.973,0.150,2.978,1790.169,0.000,0.161,0.002,0.039,0.992,train_batch,1790.169,17951,0,0,0,0
2026-05-06 00:16:15,run_1778011901552,27,99,4050,v3,26,25,0,1464.508,0.254,11.519,10.934,192.540,0.428,0.113,0.345,0.099,2.029,1245.554,0.000,0.096,0.108,0.029,0.462,train_batch,1245.554,13462,0,0,0,0
2026-05-06 00:16:41,run_1778011901552,27,124,4075,v3,17,17,0,1033.492,0.157,6.953,6.544,125.872,0.195,0.083,0.170,0.099,1.345,891.718,0.000,0.086,0.002,0.027,0.244,train_batch,891.718,9017,0,0,0,0
2026-05-06 00:17:04,run_1778011901552,27,149,4100,v3,27,27,0,1442.154,0.257,10.264,9.854,177.583,0.441,0.122,0.416,0.100,2.119,1240.250,0.000,0.108,0.104,0.030,0.505,train_batch,1240.250,13188,0,0,0,0
2026-05-06 00:17:30,run_1778011901552,28,24,4125,v3,19,19,0,1184.715,0.185,9.106,8.812,201.658,0.259,0.111,0.178,0.089,2.105,961.793,0.000,0.080,0.002,0.022,0.316,train_batch,961.793,9420,0,0,0,0
2026-05-06 00:17:56,run_1778011901552,28,49,4150,v3,13,13,0,807.605,0.112,5.066,4.829,87.314,0.115,0.055,0.070,0.046,0.977,708.684,0.000,0.073,0.099,0.022,0.142,train_batch,708.684,6929,0,0,0,0
2026-05-06 00:18:21,run_1778011901552,28,74,4175,v3,6,5,0,418.423,0.049,2.212,2.241,51.715,0.032,0.023,0.017,0.008,0.618,361.445,0.000,0.002,0.002,0.008,0.052,train_batch,361.445,3499,0,0,0,0
2026-05-06 00:18:52,run_1778011901552,28,99,4200,v3,26,25,0,1601.545,0.278,12.758,11.799,233.204,0.460,0.169,0.412,0.121,3.178,1338.414,0.000,0.112,0.118,0.028,0.494,train_batch,1338.414,12243,0,0,0,0
2026-05-06 00:19:20,run_1778011901552,28,124,4225,v3,53,52,1,2922.422,0.617,22.528,21.107,374.402,1.550,0.283,1.875,0.215,4.063,2493.809,0.000,0.221,0.002,0.059,1.692,train_batch,2493.809,25182,0,1,0,0
2026-05-06 00:19:46,run_1778011901552,28,149,4250,v3,16,15,0,840.204,0.141,6.610,6.446,107.949,0.168,0.060,0.117,0.057,1.254,716.951,0.000,0.076,0.149,0.019,0.208,train_batch,716.951,7410,0,0,0,0
2026-05-06 00:20:15,run_1778011901552,29,24,4275,v3,25,24,0,1560.059,0.258,13.021,11.897,215.899,0.382,0.118,0.313,0.078,2.905,1314.590,0.000,0.109,0.002,0.033,0.455,train_batch,1314.590,12400,0,0,0,0
2026-05-06 00:20:35,run_1778011901552,29,49,4300,v3,20,20,0,1050.136,0.188,8.168,7.851,136.343,0.249,0.087,0.203,0.100,1.555,894.871,0.000,0.087,0.107,0.023,0.303,train_batch,894.871,8602,0,0,0,0
2026-05-06 00:20:57,run_1778011901552,29,74,4325,v3,33,32,0,1844.993,0.344,14.823,13.855,219.516,0.622,0.146,0.678,0.128,2.534,1591.492,0.000,0.137,0.002,0.042,0.675,train_batch,1591.492,16228,0,0,0,0
2026-05-06 00:21:21,run_1778011901552,29,99,4350,v3,6,5,0,392.470,0.049,1.893,1.586,34.327,0.033,0.015,0.016,0.041,0.449,353.898,0.000,0.002,0.111,0.008,0.041,train_batch,353.898,3314,0,0,0,0
2026-05-06 00:21:53,run_1778011901552,29,124,4375,v3,10,9,0,613.006,0.086,3.915,3.688,67.513,0.077,0.038,0.044,0.059,0.757,536.665,0.000,0.056,0.002,0.012,0.096,train_batch,536.665,5186,0,0,0,0
2026-05-06 00:22:20,run_1778011901552,29,149,4400,v3,8,7,0,418.179,0.066,2.951,2.909,57.843,0.047,0.033,0.034,0.038,0.611,353.408,0.000,0.043,0.120,0.011,0.066,train_batch,353.408,3413,0,0,0,0
2026-05-06 00:22:54,run_1778011901552,30,24,4425,v3,6,5,0,406.520,0.050,2.390,2.275,42.406,0.036,0.018,0.018,0.009,0.476,358.783,0.000,0.002,0.002,0.009,0.047,train_batch,358.783,3279,0,0,0,0
2026-05-06 00:23:19,run_1778011901552,30,49,4450,v3,9,8,0,591.297,0.070,3.297,3.290,53.347,0.057,0.027,0.036,0.057,0.698,530.161,0.000,0.058,0.102,0.019,0.078,train_batch,530.161,4819,0,0,0,0
2026-05-06 00:23:48,run_1778011901552,30,74,4475,v3,20,19,0,1048.382,0.182,8.095,7.743,145.663,0.240,0.084,0.195,0.084,1.515,884.204,0.000,0.084,0.001,0.021,0.272,train_batch,884.204,9030,0,0,0,0
2026-05-06 00:24:15,run_1778011901552,30,99,4500,v3,8,7,0,419.256,0.069,3.125,2.986,52.510,0.047,0.026,0.031,0.013,0.617,359.606,0.000,0.050,0.100,0.011,0.064,train_batch,359.606,3264,0,0,0,0
2026-05-06 00:24:40,run_1778011901552,30,124,4525,v3,10,10,0,650.062,0.096,4.396,4.151,75.365,0.090,0.046,0.056,0.043,0.856,564.767,0.000,0.057,0.002,0.013,0.124,train_batch,564.767,5245,0,0,0,0
2026-05-06 00:25:06,run_1778011901552,30,149,4550,v3,12,11,0,632.233,0.105,4.641,4.289,90.272,0.099,0.051,0.072,0.039,0.848,531.502,0.000,0.064,0.114,0.015,0.122,train_batch,531.502,5095,0,0,0,0
2026-05-06 00:25:31,run_1778011901552,31,24,4575,v3,8,7,0,418.619,0.066,2.906,2.861,55.367,0.049,0.026,0.029,0.034,0.595,356.557,0.000,0.052,0.002,0.010,0.065,train_batch,356.557,3480,0,0,0,0
2026-05-06 00:26:06,run_1778011901552,31,49,4600,v3,55,56,0,3108.930,0.676,29.299,25.757,412.541,1.760,0.353,2.423,0.237,5.015,2628.575,0.000,0.186,0.107,0.060,1.942,train_batch,2628.575,27924,0,0,0,0
2026-05-06 00:26:33,run_1778011901552,31,74,4625,v3,13,12,0,824.878,0.110,5.497,5.416,101.672,0.118,0.049,0.070,0.040,0.947,710.719,0.000,0.073,0.002,0.022,0.146,train_batch,710.719,7773,0,0,0,0
2026-05-06 00:27:04,run_1778011901552,31,99,4650,v3,38,38,0,2202.509,0.409,16.411,15.906,277.467,0.848,0.195,0.964,0.143,3.172,1885.745,0.000,0.155,0.107,0.041,0.945,train_batch,1885.745,18193,0,1,0,0
2026-05-06 00:27:28,run_1778011901552,31,124,4675,v3,20,19,0,1057.068,0.188,8.257,7.940,143.211,0.253,0.101,0.225,0.091,1.459,894.883,0.000,0.097,0.002,0.021,0.340,train_batch,894.883,9431,0,1,0,0
2026-05-06 00:27:53,run_1778011901552,31,149,4700,v3,20,19,0,1044.252,0.206,8.049,7.697,136.113,0.242,0.106,0.213,0.076,1.574,889.469,0.000,0.077,0.102,0.022,0.306,train_batch,889.469,8704,0,1,0,0
2026-05-06 00:28:17,run_1778011901552,32,24,4725,v3,8,7,0,423.123,0.067,2.910,2.969,58.861,0.049,0.033,0.046,0.013,0.595,357.443,0.000,0.050,0.002,0.010,0.075,train_batch,357.443,3515,0,0,0,0
2026-05-06 00:28:46,run_1778011901552,32,49,4750,v3,18,17,0,1041.763,0.171,7.344,7.005,127.054,0.210,0.088,0.184,0.098,1.364,897.786,0.000,0.069,0.100,0.021,0.270,train_batch,897.786,9208,0,1,0,0
2026-05-06 00:29:11,run_1778011901552,32,74,4775,v3,9,8,0,595.901,0.071,3.162,3.179,55.857,0.056,0.038,0.049,0.035,0.680,532.608,0.000,0.054,0.002,0.018,0.091,train_batch,532.608,5722,0,0,0,0
2026-05-06 00:29:33,run_1778011901552,32,99,4800,v3,6,5,0,388.343,0.049,1.847,1.490,30.169,0.033,0.016,0.023,0.008,0.464,354.086,0.000,0.002,0.101,0.008,0.048,train_batch,354.086,3569,0,0,0,0
2026-05-06 00:30:04,run_1778011901552,32,124,4825,v3,55,54,1,3085.821,0.654,24.584,38.535,408.073,1.625,0.329,2.060,0.228,4.617,2603.018,0.000,0.195,0.002,0.053,1.848,train_batch,2603.018,27769,0,0,0,0
2026-05-06 00:30:29,run_1778011901552,32,149,4850,v3,10,9,0,720.827,0.086,3.517,3.791,78.532,0.074,0.041,0.062,0.043,0.883,633.521,0.000,0.057,0.102,0.012,0.106,train_batch,633.521,5133,0,0,0,0
2026-05-06 00:31:01,run_1778011901552,33,24,4875,v3,20,19,0,1066.919,0.198,8.584,8.431,153.055,0.255,0.097,0.249,0.085,1.541,893.964,0.000,0.087,0.001,0.021,0.351,train_batch,893.964,10094,0,2,0,0
2026-05-06 00:31:35,run_1778011901552,33,49,4900,v3,18,17,0,1030.671,0.161,7.283,6.933,121.540,0.214,0.076,0.179,0.089,1.353,892.377,0.000,0.078,0.107,0.020,0.262,train_batch,892.377,8660,0,2,0,0
2026-05-06 00:32:07,run_1778011901552,33,74,4925,v3,8,7,0,412.320,0.069,2.587,2.496,49.962,0.047,0.032,0.044,0.014,0.601,356.323,0.000,0.060,0.002,0.010,0.075,train_batch,356.323,3662,0,1,0,0
2026-05-06 00:32:34,run_1778011901552,33,99,4950,v3,14,13,0,828.062,0.123,5.018,4.871,99.665,0.136,0.063,0.116,0.072,1.032,716.595,0.000,0.067,0.101,0.018,0.187,train_batch,716.595,7102,0,1,0,0
2026-05-06 00:33:06,run_1778011901552,33,124,4975,v3,19,18,0,1042.070,0.171,7.552,7.201,135.043,0.232,0.093,0.206,0.098,1.424,889.671,0.000,0.073,0.002,0.020,0.285,train_batch,889.671,9124,0,0,0,0
2026-05-06 00:33:32,run_1778011901552,33,149,5000,v3,27,26,0,1583.687,0.273,12.561,24.060,222.205,0.451,0.158,0.444,0.124,2.519,1320.050,0.000,0.097,0.167,0.028,0.552,train_batch,1320.050,12783,0,2,0,0
2026-05-06 00:33:59,run_1778011901552,34,24,5025,v3,19,18,0,1045.861,0.199,8.221,7.852,136.072,0.245,0.091,0.221,0.055,1.452,891.040,0.000,0.073,0.002,0.023,0.315,train_batch,891.040,9266,0,0,0,0
2026-05-06 00:34:29,run_1778011901552,34,49,5050,v3,55,56,0,2935.642,0.668,24.822,23.111,387.140,1.627,0.325,2.186,0.204,4.240,2489.111,0.000,0.193,0.106,0.057,1.851,train_batch,2489.111,27089,0,0,0,0
2026-05-06 00:35:02,run_1778011901552,34,74,5075,v3,33,32,0,2079.152,0.364,16.198,14.636,302.132,0.648,0.224,0.786,0.151,3.091,1739.941,0.000,0.144,0.002,0.045,0.790,train_batch,1739.941,17131,0,1,0,0
2026-05-06 00:35:26,run_1778011901552,34,99,5100,v3,12,11,0,634.610,0.107,5.091,4.683,89.394,0.103,0.054,0.087,0.052,0.904,533.767,0.000,0.062,0.152,0.015,0.139,train_batch,533.767,5881,0,0,0,0
2026-05-06 00:35:57,run_1778011901552,34,124,5125,v3,7,6,0,597.284,0.070,4.345,22.661,91.454,0.054,0.044,0.041,0.036,1.240,477.173,0.000,0.055,0.002,0.010,0.098,train_batch,477.173,3511,0,0,0,0
2026-05-06 00:36:29,run_1778011901552,34,149,5150,v3,12,11,0,631.540,0.107,4.798,4.463,87.581,0.100,0.051,0.082,0.062,0.935,533.051,0.000,0.058,0.093,0.015,0.146,train_batch,533.051,5708,0,0,0,0
2026-05-06 00:36:56,run_1778011901552,35,24,5175,v3,15,15,0,825.053,0.133,5.186,4.864,95.771,0.168,0.081,0.131,0.065,1.159,717.185,0.000,0.073,0.002,0.018,0.218,train_batch,717.185,7112,0,1,0,0
2026-05-06 00:37:27,run_1778011901552,35,49,5200,v3,21,21,0,1260.048,0.200,9.331,8.800,156.602,0.305,0.104,0.276,0.104,1.641,1082.059,0.000,0.100,0.100,0.035,0.392,train_batch,1082.059,11056,0,1,0,0
2026-05-06 00:37:55,run_1778011901552,35,74,5225,v3,18,17,0,1056.806,0.166,7.379,6.832,139.165,0.216,0.084,0.175,0.094,1.325,901.004,0.000,0.068,0.001,0.023,0.274,train_batch,901.004,9932,0,0,0,0
2026-05-06 00:38:27,run_1778011901552,35,99,5250,v3,20,20,0,1062.219,0.187,8.271,8.056,138.819,0.272,0.117,0.259,0.100,1.538,904.037,0.000,0.078,0.093,0.027,0.368,train_batch,904.037,9496,0,0,0,0
2026-05-06 00:39:00,run_1778011901552,35,124,5275,v3,23,23,0,1272.191,0.225,8.532,8.222,172.018,0.346,0.124,0.351,0.067,1.723,1080.041,0.000,0.089,0.001,0.025,0.428,train_batch,1080.041,11846,0,0,0,0
2026-05-06 00:39:29,run_1778011901552,35,149,5300,v3,19,18,0,1052.673,0.181,7.419,7.150,133.840,0.231,0.080,0.185,0.077,1.466,901.544,0.000,0.076,0.091,0.021,0.311,train_batch,901.544,9880,0,0,0,0
2026-05-06 00:39:57,run_1778011901552,36,24,5325,v3,16,15,0,843.180,0.142,6.325,6.147,104.488,0.172,0.071,0.145,0.085,1.213,724.069,0.000,0.071,0.001,0.018,0.232,train_batch,724.069,7603,0,0,0,0
2026-05-06 00:40:25,run_1778011901552,36,49,5350,v3,7,6,0,425.198,0.060,2.642,2.456,53.783,0.042,0.028,0.033,0.024,0.519,365.390,0.000,0.051,0.092,0.010,0.069,train_batch,365.390,3993,0,0,0,0
2026-05-06 00:40:49,run_1778011901552,36,74,5375,v3,13,12,0,837.850,0.106,5.199,5.116,97.805,0.116,0.054,0.092,0.076,1.006,728.006,0.000,0.080,0.002,0.029,0.164,train_batch,728.006,7344,0,0,0,0
2026-05-06 00:41:22,run_1778011901552,36,99,5400,v3,15,14,0,837.020,0.147,5.816,5.568,101.471,0.146,0.063,0.123,0.080,1.089,722.138,0.000,0.070,0.093,0.017,0.199,train_batch,722.138,7499,0,0,0,0
2026-05-06 00:41:47,run_1778011901552,36,124,5425,v3,9,8,0,611.350,0.074,3.224,3.280,69.423,0.057,0.050,0.049,0.033,0.707,534.253,0.000,0.082,0.002,0.023,0.092,train_batch,534.253,5627,0,0,0,0
2026-05-06 00:42:18,run_1778011901552,36,149,5450,v3,55,56,0,3035.292,0.653,25.689,23.844,388.917,1.695,0.316,2.061,0.213,4.528,2585.051,0.000,0.210,0.113,0.067,1.936,train_batch,2585.051,26370,0,0,0,0
2026-05-06 00:42:44,run_1778011901552,37,24,5475,v3,40,40,0,2216.479,0.435,17.004,16.173,282.495,0.949,0.253,1.298,0.148,3.124,1893.252,0.000,0.138,0.001,0.049,1.161,train_batch,1893.252,19212,0,1,0,0
2026-05-06 00:43:13,run_1778011901552,37,49,5500,v3,21,21,0,1235.112,0.207,7.747,7.124,141.237,0.285,0.091,0.246,0.099,1.663,1075.720,0.000,0.098,0.199,0.034,0.360,train_batch,1075.720,11292,0,0,0,0
2026-05-06 00:43:39,run_1778011901552,37,74,5525,v3,6,5,0,403.159,0.047,2.109,2.055,41.265,0.039,0.019,0.025,0.029,0.449,357.055,0.000,0.002,0.001,0.008,0.055,train_batch,357.055,3421,0,0,0,0
2026-05-06 00:44:05,run_1778011901552,37,99,5550,v3,26,25,0,1465.304,0.266,10.570,10.162,176.791,0.385,0.116,0.400,0.122,1.960,1263.865,0.000,0.107,0.093,0.027,0.437,train_batch,1263.865,11853,0,0,0,0
2026-05-06 00:44:36,run_1778011901552,37,124,5575,v3,40,41,0,2124.184,0.426,16.831,16.180,289.607,0.948,0.228,1.119,0.147,3.046,1794.456,0.000,0.134,0.001,0.041,1.020,train_batch,1794.456,20413,0,6,0,0
2026-05-06 00:45:05,run_1778011901552,37,149,5600,v3,8,7,0,417.754,0.062,2.869,2.842,54.554,0.049,0.027,0.028,0.049,0.607,356.456,0.000,0.045,0.087,0.010,0.068,train_batch,356.456,3702,0,0,0,0
2026-05-06 00:45:43,run_1778011901552,38,24,5625,v3,55,55,0,3067.964,0.684,25.314,24.870,420.193,1.605,0.334,2.195,0.203,4.570,2585.942,0.000,0.204,0.001,0.054,1.796,train_batch,2585.942,25446,0,0,0,0
2026-05-06 00:46:06,run_1778011901552,38,49,5650,v3,10,10,0,771.728,0.095,5.376,5.831,113.703,0.093,0.052,0.050,0.040,1.313,644.880,0.000,0.054,0.098,0.014,0.131,train_batch,644.880,5256,0,0,0,0
2026-05-06 00:46:35,run_1778011901552,38,74,5675,v3,11,10,0,640.748,0.095,4.214,3.640,84.189,0.085,0.051,0.059,0.042,0.759,547.406,0.000,0.056,0.001,0.014,0.135,train_batch,547.406,5266,0,2,0,0
2026-05-06 00:47:08,run_1778011901552,38,99,5700,v3,24,23,0,1274.618,0.232,9.558,9.149,158.442,0.344,0.109,0.300,0.091,1.762,1094.010,0.000,0.098,0.093,0.025,0.405,train_batch,1094.010,10980,0,0,0,0
2026-05-06 00:47:42,run_1778011901552,38,124,5725,v3,14,13,0,848.178,0.125,5.806,5.573,106.612,0.145,0.059,0.096,0.065,1.047,728.396,0.000,0.064,0.001,0.016,0.171,train_batch,728.396,7751,0,0,0,0
2026-05-06 00:48:10,run_1778011901552,38,149,5750,v3,55,44,13,3164.803,0.628,25.456,24.449,485.266,1.624,0.393,1.954,0.175,3.369,2619.353,0.000,0.138,0.132,0.048,1.818,train_batch,2619.353,26668,0,0,0,0
2026-05-06 00:48:42,run_1778011901552,39,24,5775,v3,52,52,0,2798.331,0.644,23.393,22.492,368.931,1.613,0.283,2.029,0.200,3.943,2372.794,0.000,0.182,0.002,0.057,1.770,train_batch,2372.794,25541,0,0,0,0
2026-05-06 00:49:13,run_1778011901552,39,49,5800,v3,10,9,0,628.421,0.086,4.030,3.807,71.867,0.079,0.036,0.045,0.039,0.738,547.440,0.000,0.057,0.090,0.013,0.094,train_batch,547.440,5250,0,0,0,0
2026-05-06 00:49:40,run_1778011901552,39,74,5825,v3,6,5,0,414.845,0.049,2.177,2.094,44.029,0.033,0.021,0.019,0.030,0.459,365.878,0.000,0.002,0.001,0.007,0.047,train_batch,365.878,3175,0,0,0,0
2026-05-06 00:50:03,run_1778011901552,39,99,5850,v3,18,17,0,1062.726,0.163,7.469,7.223,133.463,0.205,0.084,0.144,0.084,1.360,912.110,0.000,0.077,0.089,0.019,0.236,train_batch,912.110,9419,0,0,0,0
2026-05-06 00:50:38,run_1778011901552,39,124,5875,v3,25,26,0,1481.341,0.249,10.549,9.657,182.281,0.417,0.127,0.388,0.101,1.868,1275.093,0.000,0.105,0.001,0.035,0.471,train_batch,1275.093,13749,0,0,0,0
2026-05-06 00:51:13,run_1778011901552,39,149,5900,v3,14,13,0,823.223,0.126,5.658,5.343,88.399,0.133,0.051,0.092,0.083,1.276,721.678,0.000,0.072,0.129,0.017,0.166,train_batch,721.678,7327,0,0,0,0
2026-05-06 00:51:47,run_1778011901552,40,24,5925,v3,51,52,0,2801.685,0.591,23.185,21.593,384.601,1.483,0.301,1.759,0.186,3.912,2362.172,0.000,0.191,0.001,0.052,1.657,train_batch,2362.172,25770,0,0,0,0
2026-05-06 00:52:11,run_1778011901552,40,49,5950,v3,12,11,0,646.345,0.102,5.019,4.459,88.019,0.103,0.041,0.070,0.039,0.831,547.356,0.000,0.070,0.087,0.017,0.134,train_batch,547.356,5720,0,1,0,0
2026-05-06 00:52:39,run_1778011901552,40,74,5975,v3,19,18,0,1058.594,0.171,7.822,7.298,137.789,0.228,0.076,0.152,0.070,1.407,903.211,0.000,0.076,0.001,0.020,0.271,train_batch,903.211,9224,0,0,0,0
2026-05-06 00:53:05,run_1778011901552,40,99,6000,v3,8,7,0,424.447,0.064,2.932,2.826,56.502,0.046,0.029,0.030,0.056,0.592,361.169,0.000,0.042,0.088,0.010,0.062,train_batch,361.169,3516,0,0,0,0
2026-05-06 00:53:30,run_1778011901552,40,124,6025,v3,14,13,0,842.361,0.125,5.515,5.345,96.329,0.134,0.049,0.085,0.040,0.983,733.523,0.000,0.067,0.001,0.015,0.151,train_batch,733.523,7522,0,0,0,0
2026-05-06 00:53:58,run_1778011901552,40,149,6050,v3,6,5,0,406.947,0.050,2.007,1.901,41.247,0.042,0.020,0.018,0.007,0.457,361.062,0.000,0.002,0.088,0.009,0.039,train_batch,361.062,3568,0,0,0,0
2026-05-06 00:54:30,run_1778011901552,41,24,6075,v3,26,25,0,1486.491,0.263,10.773,10.197,183.949,0.419,0.125,0.348,0.101,1.945,1277.787,0.000,0.089,0.001,0.028,0.466,train_batch,1277.787,13551,0,0,0,0
2026-05-06 00:54:55,run_1778011901552,41,49,6100,v3,20,19,0,1077.862,0.182,7.937,7.575,153.176,0.247,0.097,0.208,0.083,1.442,906.433,0.000,0.077,0.091,0.021,0.291,train_batch,906.433,10424,0,0,0,0
2026-05-06 00:55:20,run_1778011901552,41,74,6125,v3,13,13,0,834.820,0.109,5.069,5.093,92.111,0.123,0.067,0.092,0.044,0.964,730.905,0.000,0.065,0.001,0.023,0.156,train_batch,730.905,7490,0,0,0,0
2026-05-06 00:55:55,run_1778011901552,41,99,6150,v3,55,55,0,2985.213,0.652,24.193,23.167,386.940,1.603,0.303,2.087,0.207,4.122,2539.871,0.000,0.184,0.095,0.057,1.734,train_batch,2539.871,25844,0,0,0,0
2026-05-06 00:56:32,run_1778011901552,41,124,6175,v3,9,8,0,610.587,0.071,3.013,2.949,57.810,0.057,0.030,0.041,0.060,0.663,545.743,0.000,0.058,0.002,0.018,0.073,train_batch,545.743,5443,0,0,0,0
2026-05-06 00:57:02,run_1778011901552,41,149,6200,v3,8,7,0,445.896,0.067,3.249,3.118,68.591,0.049,0.036,0.033,0.029,0.600,369.903,0.000,0.050,0.091,0.010,0.072,train_batch,369.903,3151,0,1,0,0
2026-05-06 00:57:34,run_1778011901552,42,24,6225,v3,33,33,0,1916.725,0.350,13.841,13.392,237.733,0.629,0.168,0.652,0.130,2.493,1646.429,0.000,0.144,0.002,0.043,0.723,train_batch,1646.429,17165,0,0,0,0
2026-05-06 00:58:04,run_1778011901552,42,49,6250,v3,11,10,0,631.238,0.091,4.191,4.030,80.291,0.085,0.041,0.057,0.062,0.835,541.291,0.000,0.058,0.088,0.013,0.103,train_batch,541.291,5352,0,0,0,0
2026-05-06 00:58:35,run_1778011901552,42,74,6275,v3,8,7,0,445.163,0.066,3.418,3.085,70.287,0.055,0.032,0.032,0.029,0.639,367.394,0.000,0.049,0.001,0.010,0.068,train_batch,367.394,3840,0,0,0,0
2026-05-06 00:59:04,run_1778011901552,42,99,6300,v3,10,9,0,625.259,0.085,3.797,3.670,75.697,0.077,0.040,0.050,0.037,0.760,540.795,0.000,0.057,0.089,0.012,0.093,train_batch,540.795,5341,0,0,0,0
2026-05-06 00:59:37,run_1778011901552,42,124,6325,v3,27,27,0,1488.583,0.268,11.333,10.994,191.337,0.444,0.128,0.406,0.103,2.061,1270.864,0.000,0.105,0.001,0.029,0.510,train_batch,1270.864,12522,0,3,0,0
2026-05-06 01:00:05,run_1778011901552,42,149,6350,v3,29,28,0,1690.888,0.301,12.103,11.695,207.139,0.493,0.135,0.455,0.138,2.256,1455.351,0.000,0.127,0.117,0.039,0.539,train_batch,1455.351,14265,0,1,0,0
2026-05-06 01:00:37,run_1778011901552,43,24,6375,v3,55,55,0,3013.984,0.689,24.944,24.141,405.367,1.635,0.280,2.021,0.193,4.232,2548.429,0.000,0.202,0.001,0.055,1.794,train_batch,2548.429,26991,0,0,0,0
2026-05-06 01:01:08,run_1778011901552,43,49,6400,v3,24,24,0,1347.093,0.229,11.116,11.462,203.760,0.363,0.132,0.292,0.086,2.620,1116.362,0.000,0.096,0.108,0.032,0.435,train_batch,1116.362,12397,0,0,0,0
2026-05-06 01:01:46,run_1778011901552,43,74,6425,v3,25,24,0,1453.613,0.245,9.931,9.715,158.354,0.362,0.096,0.344,0.120,1.863,1272.028,0.000,0.101,0.001,0.032,0.422,train_batch,1272.028,13262,0,1,0,0
2026-05-06 01:02:13,run_1778011901552,43,99,6450,v3,18,17,0,1056.062,0.163,7.481,6.998,134.184,0.215,0.077,0.152,0.072,1.415,904.873,0.000,0.081,0.090,0.020,0.240,train_batch,904.873,9692,0,0,0,0
2026-05-06 01:02:43,run_1778011901552,43,124,6475,v3,7,6,0,425.243,0.057,2.554,2.547,52.907,0.040,0.029,0.025,0.029,0.519,366.416,0.000,0.049,0.001,0.009,0.061,train_batch,366.416,3274,0,1,0,0
2026-05-06 01:03:18,run_1778011901552,43,149,6500,v3,12,11,0,633.852,0.105,4.138,3.997,77.840,0.096,0.048,0.073,0.037,0.879,546.352,0.000,0.060,0.089,0.016,0.123,train_batch,546.352,5128,0,0,0,0
2026-05-06 01:03:51,run_1778011901552,44,24,6525,v3,55,56,0,3018.392,0.677,24.219,23.420,416.927,1.625,0.335,2.152,0.209,4.214,2542.571,0.000,0.209,0.001,0.055,1.778,train_batch,2542.571,27082,0,0,0,0
2026-05-06 01:04:22,run_1778011901552,44,49,6550,v3,50,49,0,2796.045,0.585,23.104,21.325,375.607,1.385,0.262,1.568,0.195,3.812,2366.422,0.000,0.189,0.094,0.049,1.449,train_batch,2366.422,22492,0,0,0,0
2026-05-06 01:04:50,run_1778011901552,44,74,6575,v3,6,5,0,437.772,0.055,2.523,2.297,56.903,0.036,0.034,0.021,0.030,0.490,375.319,0.000,0.002,0.001,0.008,0.052,train_batch,375.319,3001,0,0,0,0
2026-05-06 01:05:24,run_1778011901552,44,99,6600,v3,34,32,1,1934.745,0.373,15.527,14.367,260.250,0.672,0.178,0.834,0.134,2.518,1638.888,0.000,0.130,0.093,0.033,0.748,train_batch,1638.888,15629,0,1,0,0
2026-05-06 01:06:02,run_1778011901552,44,124,6625,v3,28,27,0,1508.626,0.291,11.668,11.000,204.689,0.446,0.124,0.366,0.115,2.130,1277.156,0.000,0.112,0.001,0.027,0.501,train_batch,1277.156,12011,0,0,0,0
2026-05-06 01:06:35,run_1778011901552,44,149,6650,v3,22,22,0,1262.571,0.221,9.215,8.574,152.078,0.317,0.097,0.237,0.095,1.634,1089.556,0.000,0.085,0.092,0.025,0.346,train_batch,1089.556,11015,0,0,0,0
2026-05-06 01:07:07,run_1778011901552,45,24,6675,v3,13,12,0,935.340,0.122,6.632,8.069,131.801,0.116,0.074,0.088,0.053,1.788,773.722,0.000,0.072,0.001,0.023,12.781,train_batch,773.722,6853,0,0,0,0
2026-05-06 01:07:46,run_1778011901552,45,49,6700,v3,54,40,13,3146.892,0.623,23.897,23.314,445.271,1.457,0.323,1.832,0.173,3.428,2644.607,0.000,0.157,0.095,0.043,1.675,train_batch,2644.607,24965,0,0,0,0
2026-05-06 01:08:10,run_1778011901552,45,74,6725,v3,9,8,0,621.159,0.075,3.317,3.205,68.747,0.056,0.043,0.040,0.034,0.691,544.791,0.000,0.058,0.001,0.019,0.083,train_batch,544.791,5744,0,0,0,0
2026-05-06 01:08:40,run_1778011901552,45,99,6750,v3,28,27,0,1493.395,0.290,12.214,11.517,194.450,0.507,0.137,0.472,0.107,2.064,1270.763,0.000,0.107,0.200,0.029,0.538,train_batch,1270.763,13315,0,0,0,0
2026-05-06 01:09:15,run_1778011901552,45,124,6775,v3,9,8,0,622.316,0.076,3.411,3.215,74.643,0.055,0.042,0.040,0.035,0.664,539.979,0.000,0.055,0.001,0.018,0.082,train_batch,539.979,5310,0,0,0,0
2026-05-06 01:09:54,run_1778011901552,45,149,6800,v3,26,22,3,1656.929,0.257,11.573,10.802,242.506,0.452,0.126,0.369,0.067,1.957,1388.055,0.000,0.100,0.121,0.028,0.516,train_batch,1388.055,12687,0,0,0,0
2026-05-06 01:10:24,run_1778011901552,46,24,6825,v3,14,13,0,833.068,0.121,5.521,5.578,99.580,0.138,0.059,0.108,0.047,1.094,720.579,0.000,0.066,0.001,0.015,0.161,train_batch,720.579,7090,0,1,0,0
2026-05-06 01:11:01,run_1778011901552,46,49,6850,v3,38,37,1,2133.367,0.425,16.392,16.249,278.589,0.827,0.189,0.869,0.168,2.845,1815.631,0.000,0.138,0.088,0.039,0.918,train_batch,1815.631,18741,0,0,0,0
2026-05-06 01:11:40,run_1778011901552,46,74,6875,v3,26,25,0,1489.597,0.269,11.170,10.846,196.960,0.428,0.128,0.395,0.096,2.026,1266.637,0.000,0.111,0.001,0.027,0.504,train_batch,1266.637,13379,0,0,0,0
2026-05-06 01:12:06,run_1778011901552,46,99,6900,v3,12,11,0,792.115,0.108,6.653,6.196,115.697,0.109,0.065,0.067,0.065,1.744,661.090,0.000,0.061,0.087,0.014,0.159,train_batch,661.090,5532,0,0,0,0
2026-05-06 01:12:36,run_1778011901552,46,124,6925,v3,6,5,0,408.585,0.052,2.432,2.163,37.480,0.033,0.016,0.018,0.010,0.454,365.870,0.000,0.002,0.001,0.008,0.043,train_batch,365.870,3549,0,0,0,0
2026-05-06 01:13:08,run_1778011901552,46,149,6950,v3,16,15,0,857.499,0.149,6.617,6.543,119.032,0.173,0.066,0.114,0.079,1.163,723.181,0.000,0.067,0.084,0.018,0.214,train_batch,723.181,7796,0,0,0,0
2026-05-06 01:13:36,run_1778011901552,47,24,6975,v3,55,58,0,2973.912,0.686,23.637,22.972,384.853,1.733,0.340,2.433,0.214,4.141,2530.750,0.000,0.194,0.001,0.059,1.900,train_batch,2530.750,27434,0,0,0,0
2026-05-06 01:14:05,run_1778011901552,47,49,7000,v3,13,12,0,843.634,0.118,5.503,5.421,98.814,0.122,0.052,0.081,0.046,1.046,732.008,0.000,0.074,0.164,0.023,0.161,train_batch,732.008,7983,0,0,0,0
2026-05-06 01:14:35,run_1778011901552,47,74,7025,v3,17,17,0,1044.745,0.151,6.985,6.827,127.276,0.198,0.080,0.136,0.073,1.287,901.385,0.000,0.076,0.001,0.029,0.243,train_batch,901.385,9532,0,0,0,0
2026-05-06 01:15:04,run_1778011901552,47,99,7050,v3,21,21,0,1258.352,0.199,8.629,8.544,154.282,0.286,0.098,0.240,0.112,1.555,1083.762,0.000,0.093,0.187,0.032,0.332,train_batch,1083.762,11373,0,0,0,0
2026-05-06 01:15:31,run_1778011901552,47,124,7075,v3,7,6,0,416.341,0.057,2.419,2.344,48.852,0.040,0.031,0.026,0.032,0.543,361.887,0.000,0.043,0.001,0.009,0.056,train_batch,361.887,3611,0,0,0,0
2026-05-06 01:16:10,run_1778011901552,47,149,7100,v3,16,15,0,857.374,0.147,6.758,6.331,116.166,0.173,0.073,0.138,0.059,1.176,725.881,0.000,0.076,0.181,0.019,0.196,train_batch,725.881,7883,0,0,0,0
2026-05-06 01:16:45,run_1778011901552,48,24,7125,v3,55,54,3,2966.791,0.674,24.869,24.098,397.544,1.674,0.302,2.234,0.206,3.943,2509.130,0.000,0.191,0.001,0.059,1.866,train_batch,2509.130,27615,0,1,0,0
2026-05-06 01:17:18,run_1778011901552,48,49,7150,v3,55,55,0,3125.005,0.653,27.178,25.444,459.588,1.630,0.318,2.089,0.209,4.915,2600.804,0.000,0.179,0.166,0.055,1.777,train_batch,2600.804,28483,0,0,0,0
2026-05-06 01:17:47,run_1778011901552,48,74,7175,v3,46,48,0,2528.947,0.527,20.915,20.020,347.881,1.407,0.277,1.694,0.162,3.565,2130.768,0.000,0.160,0.001,0.053,1.517,train_batch,2130.768,23870,0,4,0,0
2026-05-06 01:18:21,run_1778011901552,48,99,7200,v3,17,16,0,1177.991,0.156,7.638,9.360,149.876,0.216,0.104,0.159,0.096,2.229,1007.621,0.000,0.080,0.178,0.027,0.253,train_batch,1007.621,9215,0,1,0,0
2026-05-06 01:19:02,run_1778011901552,48,124,7225,v3,38,37,0,2124.439,0.420,16.506,15.821,291.120,0.825,0.209,0.940,0.139,2.881,1794.468,0.000,0.142,0.001,0.038,0.929,train_batch,1794.468,19381,0,0,0,0
2026-05-06 01:19:38,run_1778011901552,48,149,7250,v3,29,30,0,1687.567,0.313,12.259,11.712,227.229,0.562,0.175,0.547,0.140,2.214,1431.498,0.000,0.126,0.089,0.044,0.660,train_batch,1431.498,15910,0,1,0,0
2026-05-06 01:20:15,run_1778011901552,49,24,7275,v3,19,18,0,1212.311,0.199,9.524,27.330,176.560,0.244,0.112,0.191,0.083,2.220,995.441,0.000,0.078,0.002,0.020,0.309,train_batch,995.441,9906,0,0,0,0
2026-05-06 01:20:54,run_1778011901552,49,49,7300,v3,31,30,0,1658.336,0.333,13.388,12.273,205.458,0.551,0.153,0.528,0.113,2.412,1422.286,0.000,0.115,0.086,0.034,0.606,train_batch,1422.286,15813,0,2,0,0
2026-05-06 01:21:33,run_1778011901552,49,74,7325,v3,47,50,1,2559.357,0.569,20.767,19.475,362.394,1.341,0.271,1.433,0.157,3.500,2147.685,0.000,0.174,0.001,0.054,1.537,train_batch,2147.685,24164,0,2,0,0
2026-05-06 01:22:07,run_1778011901552,49,99,7350,v3,14,13,0,842.070,0.124,6.149,5.720,108.189,0.143,0.058,0.088,0.072,0.996,720.094,0.000,0.065,0.182,0.016,0.175,train_batch,720.094,7588,0,1,0,0
2026-05-06 01:22:35,run_1778011901552,49,124,7375,v3,25,24,0,1461.815,0.237,10.642,9.981,191.126,0.370,0.117,0.323,0.090,1.910,1246.447,0.000,0.096,0.001,0.033,0.441,train_batch,1246.447,13521,0,1,0,0
2026-05-06 01:23:01,run_1778011901552,49,149,7400,v3,9,8,0,602.113,0.072,2.786,2.463,58.300,0.060,0.032,0.040,0.055,0.695,537.266,0.000,0.060,0.181,0.019,0.083,train_batch,537.266,5580,0,0,0,0
2026-05-06 01:23:34,run_1778011901552,50,24,7425,v3,8,7,0,430.418,0.065,3.000,2.983,62.047,0.052,0.034,0.036,0.062,0.593,361.405,0.000,0.049,0.001,0.010,0.083,train_batch,361.405,3807,0,0,0,0
2026-05-06 01:24:10,run_1778011901552,50,49,7450,v3,33,31,1,1870.283,0.338,13.556,13.253,233.915,0.600,0.178,0.798,0.167,2.313,1604.046,0.000,0.205,0.198,0.040,0.676,train_batch,1604.046,17639,0,1,0,0
2026-05-06 01:24:43,run_1778011901552,50,74,7475,v3,8,7,0,426.385,0.064,3.030,3.010,61.665,0.045,0.029,0.032,0.020,0.588,357.778,0.000,0.052,0.001,0.009,0.062,train_batch,357.778,3590,0,0,0,0
2026-05-06 01:25:15,run_1778011901552,50,99,7500,v3,19,19,0,1054.582,0.180,7.551,7.467,139.965,0.247,0.094,0.204,0.120,1.435,896.737,0.000,0.081,0.177,0.023,0.301,train_batch,896.737,10171,0,1,0,0
2026-05-06 01:25:55,run_1778011901552,50,124,7525,v3,37,37,0,2104.592,0.406,15.095,14.586,284.982,0.796,0.208,0.982,0.133,2.770,1783.540,0.000,0.142,0.001,0.051,0.900,train_batch,1783.540,20350,0,1,0,0
2026-05-06 01:26:32,run_1778011901552,50,149,7550,v3,42,41,0,2328.734,0.494,18.190,17.523,326.617,0.992,0.233,1.153,0.154,3.172,1958.718,0.000,0.144,0.211,0.042,1.092,train_batch,1958.718,20720,0,1,0,0
2026-05-06 01:27:06,run_1778011901552,51,24,7575,v3,43,40,2,2319.479,0.476,18.243,17.618,320.851,1.015,0.248,1.384,0.178,2.978,1955.137,0.000,0.147,0.001,0.042,1.164,train_batch,1955.137,21190,0,1,0,0
2026-05-06 01:27:42,run_1778011901552,51,49,7600,v3,14,13,0,842.119,0.123,5.387,5.247,103.920,0.149,0.066,0.100,0.048,1.094,725.556,0.000,0.071,0.175,0.016,0.166,train_batch,725.556,8067,0,0,0,0
2026-05-06 01:28:13,run_1778011901552,51,74,7625,v3,55,56,0,3133.332,0.695,26.137,25.491,448.299,1.676,0.356,2.289,0.201,4.877,2621.198,0.000,0.182,0.001,0.055,1.874,train_batch,2621.198,27612,0,0,0,0
2026-05-06 01:28:51,run_1778011901552,51,99,7650,v3,50,50,0,2705.518,0.622,21.993,20.905,347.132,1.363,0.281,1.687,0.178,3.864,2305.596,0.000,0.189,0.159,0.052,1.497,train_batch,2305.596,25070,0,1,0,0
2026-05-06 01:29:23,run_1778011901552,51,124,7675,v3,16,15,0,847.358,0.148,6.499,6.379,119.362,0.162,0.067,0.132,0.051,1.198,713.065,0.000,0.074,0.001,0.017,0.204,train_batch,713.065,7451,0,1,0,0
2026-05-06 01:30:00,run_1778011901552,51,149,7700,v3,14,13,0,830.482,0.126,5.343,5.149,104.187,0.134,0.062,0.098,0.087,1.049,713.816,0.000,0.069,0.179,0.017,0.166,train_batch,713.816,7880,0,1,0,0
2026-05-06 01:30:42,run_1778011901552,52,24,7725,v3,17,16,0,1025.053,0.150,7.044,6.579,117.592,0.189,0.068,0.137,0.079,1.256,891.635,0.000,0.078,0.001,0.026,0.221,train_batch,891.635,9563,0,0,0,0
2026-05-06 01:31:16,run_1778011901552,52,49,7750,v3,17,16,0,1039.796,0.149,6.652,6.561,130.015,0.191,0.081,0.147,0.084,1.230,894.229,0.000,0.075,0.115,0.027,0.239,train_batch,894.229,10102,0,0,0,0
2026-05-06 01:31:44,run_1778011901552,52,74,7775,v3,14,13,0,847.675,0.127,5.495,5.344,115.366,0.132,0.058,0.111,0.052,1.060,719.689,0.000,0.062,0.001,0.016,0.163,train_batch,719.689,8191,0,0,0,0
2026-05-06 01:32:15,run_1778011901552,52,99,7800,v3,10,9,0,614.353,0.086,3.597,3.118,72.762,0.077,0.034,0.044,0.035,0.703,533.560,0.000,0.058,0.160,0.017,0.103,train_batch,533.560,5351,0,2,0,0
2026-05-06 01:32:53,run_1778011901552,52,124,7825,v3,10,9,0,612.413,0.088,3.867,3.681,69.960,0.082,0.041,0.043,0.034,0.746,533.702,0.000,0.053,0.001,0.012,0.103,train_batch,533.702,5724,0,0,0,0
2026-05-06 01:33:21,run_1778011901552,52,149,7850,v3,11,10,0,637.298,0.094,4.204,4.269,86.646,0.088,0.042,0.061,0.067,0.819,540.665,0.000,0.054,0.156,0.013,0.120,train_batch,540.665,5687,0,1,0,0
2026-05-06 01:33:55,run_1778011901552,53,24,7875,v3,55,58,0,2980.733,0.669,24.057,23.341,418.040,1.695,0.332,2.204,0.265,4.126,2503.862,0.000,0.216,0.001,0.056,1.868,train_batch,2503.862,27142,0,0,0,0
2026-05-06 01:34:24,run_1778011901552,53,49,7900,v3,12,11,0,651.054,0.108,4.951,4.761,101.181,0.100,0.053,0.079,0.057,0.883,538.496,0.000,0.064,0.179,0.014,0.128,train_batch,538.496,5933,0,0,0,0
2026-05-06 01:35:02,run_1778011901552,53,74,7925,v3,11,10,0,638.146,0.097,4.727,4.300,95.317,0.095,0.048,0.057,0.037,0.808,532.468,0.000,0.060,0.001,0.015,0.116,train_batch,532.468,5819,0,0,0,0
2026-05-06 01:35:42,run_1778011901552,53,99,7950,v3,11,10,0,617.101,0.094,4.267,4.125,73.861,0.089,0.041,0.055,0.047,0.837,533.332,0.000,0.056,0.176,0.013,0.107,train_batch,533.332,5831,0,0,0,0
2026-05-06 01:36:12,run_1778011901552,53,124,7975,v3,34,32,1,2026.836,0.368,17.154,14.272,298.056,0.652,0.189,0.701,0.136,3.007,1691.407,0.000,0.115,0.001,0.032,0.747,train_batch,1691.407,16704,0,0,0,0
2026-05-06 01:36:49,run_1778011901552,53,149,8000,v3,18,18,0,1055.194,0.178,7.407,6.806,138.761,0.234,0.087,0.155,0.080,1.331,899.616,0.000,0.074,0.159,0.022,0.287,train_batch,899.616,9634,0,0,0,0
2026-05-06 01:37:22,run_1778011901552,54,24,8025,v3,30,29,0,1667.185,0.308,12.115,11.459,200.259,0.527,0.142,0.614,0.118,2.237,1438.633,0.000,0.113,0.001,0.030,0.627,train_batch,1438.633,14695,0,0,0,0
2026-05-06 01:37:59,run_1778011901552,54,49,8050,v3,36,36,0,1926.684,0.381,15.051,14.039,263.247,0.761,0.193,0.778,0.147,2.672,1628.137,0.000,0.120,0.181,0.039,0.939,train_batch,1628.137,19107,0,0,0,0
2026-05-06 01:38:33,run_1778011901552,54,74,8075,v3,10,9,0,623.789,0.092,4.002,3.713,72.102,0.075,0.045,0.066,0.047,0.753,542.713,0.000,0.058,0.001,0.011,0.108,train_batch,542.713,5657,0,0,0,0
2026-05-06 01:39:14,run_1778011901552,54,99,8100,v3,55,51,4,2996.092,0.670,24.201,23.607,412.690,1.583,0.317,2.197,0.219,4.068,2524.219,0.000,0.198,0.163,0.050,1.911,train_batch,2524.219,28423,0,0,0,0
2026-05-06 01:39:58,run_1778011901552,54,124,8125,v3,41,41,0,2334.175,0.452,17.672,17.709,302.135,1.017,0.238,1.116,0.189,3.142,1989.058,0.000,0.166,0.001,0.058,1.221,train_batch,1989.058,21632,0,1,0,0
2026-05-06 01:40:29,run_1778011901552,54,149,8150,v3,6,5,0,422.254,0.052,2.541,2.378,50.324,0.037,0.029,0.027,0.030,0.452,366.137,0.000,0.002,0.180,0.009,0.056,train_batch,366.137,3404,0,0,0,0
2026-05-06 01:41:04,run_1778011901552,55,24,8175,v3,30,29,0,1688.198,0.316,12.601,12.190,219.025,0.532,0.154,0.577,0.118,2.295,1439.592,0.000,0.117,0.001,0.030,0.650,train_batch,1439.592,16325,0,0,0,0
2026-05-06 01:41:43,run_1778011901552,55,49,8200,v3,16,15,0,869.358,0.141,6.412,6.410,121.722,0.167,0.075,0.133,0.054,1.184,732.568,0.000,0.065,0.176,0.018,0.234,train_batch,732.568,7868,0,0,0,0
2026-05-06 01:42:17,run_1778011901552,55,74,8225,v3,36,35,0,1925.214,0.380,15.024,14.705,261.420,0.708,0.171,0.730,0.144,2.742,1628.145,0.000,0.144,0.001,0.035,0.866,train_batch,1628.145,17787,0,0,0,0
2026-05-06 01:42:54,run_1778011901552,55,99,8250,v3,30,29,0,1665.434,0.303,12.372,11.734,193.316,0.517,0.139,0.509,0.122,2.262,1443.259,0.000,0.107,0.162,0.030,0.603,train_batch,1443.259,15844,0,1,0,0
2026-05-06 01:43:30,run_1778011901552,55,124,8275,v3,14,13,0,856.196,0.127,5.485,5.310,114.035,0.137,0.080,0.118,0.072,1.021,729.535,0.000,0.066,0.001,0.016,0.194,train_batch,729.535,7462,0,0,0,0
2026-05-06 01:44:05,run_1778011901552,55,149,8300,v3,21,20,0,1271.496,0.216,8.668,8.389,161.542,0.284,0.123,0.281,0.111,1.628,1089.662,0.000,0.085,0.088,0.032,0.388,train_batch,1089.662,11698,0,0,0,0
2026-05-06 01:44:44,run_1778011901552,56,24,8325,v3,37,36,0,2276.536,0.405,16.607,16.459,314.554,0.777,0.194,0.877,0.164,3.447,1921.908,0.000,0.148,0.001,0.047,0.949,train_batch,1921.908,19465,0,0,0,0
2026-05-06 01:45:23,run_1778011901552,56,49,8350,v3,25,25,0,1464.806,0.263,9.014,8.565,170.341,0.391,0.119,0.404,0.150,1.886,1272.850,0.000,0.119,0.177,0.036,0.494,train_batch,1272.850,13599,0,0,0,0
2026-05-06 01:45:52,run_1778011901552,56,74,8375,v3,8,7,0,420.112,0.061,2.882,2.836,55.601,0.049,0.031,0.039,0.057,0.621,357.795,0.000,0.047,0.001,0.009,0.083,train_batch,357.795,3857,0,0,0,0
2026-05-06 01:46:33,run_1778011901552,56,99,8400,v3,24,23,0,1294.114,0.228,9.941,9.553,180.611,0.364,0.127,0.328,0.098,1.781,1090.312,0.000,0.116,0.172,0.027,0.458,train_batch,1090.312,11689,0,0,0,0
2026-05-06 01:47:04,run_1778011901552,56,124,8425,v3,55,56,0,3191.722,0.692,27.759,25.421,498.416,1.662,0.404,2.551,0.252,4.838,2627.545,0.000,0.202,0.002,0.055,1.924,train_batch,2627.545,27971,0,2,0,0
2026-05-06 01:47:34,run_1778011901552,56,149,8450,v3,17,16,0,1087.065,0.168,7.264,7.102,136.886,0.196,0.097,0.186,0.091,1.359,933.164,0.000,0.078,0.165,0.028,0.282,train_batch,933.164,9098,0,0,0,0
2026-05-06 01:48:11,run_1778011901552,57,24,8475,v3,8,7,0,427.670,0.064,2.958,2.865,58.334,0.051,0.033,0.044,0.034,0.601,362.537,0.000,0.050,0.001,0.009,0.088,train_batch,362.537,3806,0,0,0,0
2026-05-06 01:48:55,run_1778011901552,57,49,8500,v3,55,55,0,3025.984,0.695,25.323,24.388,445.376,1.722,0.347,1.993,0.237,4.404,2519.073,0.000,0.217,0.158,0.057,1.992,train_batch,2519.073,26401,0,0,0,0
2026-05-06 01:49:37,run_1778011901552,57,74,8525,v3,14,14,0,837.872,0.128,5.739,5.337,97.927,0.152,0.064,0.116,0.046,1.049,727.025,0.000,0.063,0.001,0.017,0.208,train_batch,727.025,7671,0,0,0,0
2026-05-06 01:50:10,run_1778011901552,57,99,8550,v3,14,13,0,855.556,0.127,5.695,5.470,117.579,0.140,0.085,0.122,0.044,1.091,724.768,0.000,0.064,0.160,0.017,0.193,train_batch,724.768,7960,0,0,0,0
2026-05-06 01:50:49,run_1778011901552,57,124,8575,v3,33,32,0,1918.706,0.345,14.597,14.052,258.780,0.623,0.173,0.704,0.126,2.553,1625.799,0.000,0.153,0.001,0.042,0.760,train_batch,1625.799,18030,0,0,0,0
2026-05-06 01:51:23,run_1778011901552,57,149,8600,v3,29,29,0,1725.543,0.297,12.619,12.223,244.651,0.504,0.161,0.541,0.174,2.332,1451.047,0.000,0.134,0.175,0.038,0.647,train_batch,1451.047,15340,0,1,0,0
2026-05-06 01:51:55,run_1778011901552,58,24,8625,v3,19,18,0,1056.546,0.176,7.829,7.218,135.025,0.237,0.092,0.217,0.065,1.443,903.842,0.000,0.082,0.001,0.019,0.301,train_batch,903.842,10053,0,0,0,0
2026-05-06 01:52:25,run_1778011901552,58,49,8650,v3,15,14,0,869.501,0.136,6.365,5.976,125.759,0.150,0.088,0.138,0.076,1.126,729.303,0.000,0.066,0.093,0.017,0.209,train_batch,729.303,7346,0,0,0,0
2026-05-06 01:53:03,run_1778011901552,58,74,8675,v3,47,47,1,2575.023,0.560,20.966,19.506,349.019,1.271,0.269,1.656,0.244,3.493,2176.417,0.000,0.170,0.001,0.047,1.404,train_batch,2176.417,22770,0,0,0,0
2026-05-06 01:53:33,run_1778011901552,58,99,8700,v3,13,12,0,832.857,0.116,5.352,4.962,100.400,0.112,0.055,0.075,0.070,1.051,720.260,0.000,0.066,0.164,0.022,0.153,train_batch,720.260,7140,0,0,0,0
2026-05-06 01:54:07,run_1778011901552,58,124,8725,v3,12,11,0,644.451,0.103,4.575,4.531,93.751,0.099,0.051,0.073,0.069,0.908,540.087,0.000,0.065,0.001,0.013,0.125,train_batch,540.087,5465,0,0,0,0
2026-05-06 01:54:41,run_1778011901552,58,149,8750,v3,24,23,1,1431.616,0.237,10.386,10.541,227.907,0.363,0.132,0.289,0.104,2.280,1178.737,0.000,0.096,0.087,0.027,0.432,train_batch,1178.737,11216,0,0,0,0
2026-05-06 01:55:16,run_1778011901552,59,24,8775,v3,52,54,0,2990.764,0.622,26.185,25.145,478.968,1.619,0.313,1.794,0.194,4.596,2449.315,0.000,0.173,0.001,0.053,1.785,train_batch,2449.315,27443,0,1,0,0
2026-05-06 01:55:48,run_1778011901552,59,49,8800,v3,13,12,0,653.770,0.116,5.046,4.421,93.455,0.117,0.056,0.073,0.039,0.898,549.151,0.000,0.063,0.160,0.021,0.156,train_batch,549.151,5735,0,1,0,0
2026-05-06 01:56:27,run_1778011901552,59,74,8825,v3,45,45,0,2549.075,0.512,19.538,18.690,341.028,1.148,0.240,1.457,0.235,3.506,2161.243,0.000,0.181,0.001,0.054,1.241,train_batch,2161.243,24258,0,2,0,0
2026-05-06 01:57:13,run_1778011901552,59,99,8850,v3,6,5,0,425.598,0.049,2.222,2.245,53.347,0.033,0.024,0.017,0.008,0.458,366.972,0.000,0.002,0.166,0.009,0.045,train_batch,366.972,3743,0,0,0,0
2026-05-06 01:57:44,run_1778011901552,59,124,8875,v3,7,6,0,412.147,0.061,2.494,2.357,44.579,0.039,0.023,0.025,0.010,0.532,361.916,0.000,0.050,0.001,0.009,0.052,train_batch,361.916,3477,0,0,0,0
2026-05-06 01:58:25,run_1778011901552,59,149,8900,v3,8,7,0,423.570,0.084,2.740,2.713,56.639,0.048,0.030,0.031,0.031,0.599,360.374,0.000,0.049,0.160,0.010,0.064,train_batch,360.374,3733,0,1,0,0
2026-05-06 01:59:00,run_1778011901552,60,24,8925,v3,35,36,0,1907.258,0.376,15.232,14.252,245.777,0.768,0.176,0.762,0.108,2.845,1625.984,0.000,0.121,0.001,0.036,0.819,train_batch,1625.984,18176,0,1,0,0
2026-05-06 01:59:39,run_1778011901552,60,49,8950,v3,55,55,3,3006.009,0.673,24.440,23.474,422.372,1.713,0.312,2.056,0.189,4.122,2524.318,0.000,0.190,0.177,0.058,1.916,train_batch,2524.318,28109,0,1,0,0
2026-05-06 02:00:18,run_1778011901552,60,74,8975,v3,29,29,0,1688.851,0.299,12.179,11.919,211.965,0.509,0.147,0.544,0.117,2.195,1448.224,0.000,0.126,0.001,0.038,0.589,train_batch,1448.224,15296,0,4,0,0
2026-05-06 02:00:51,run_1778011901552,60,99,9000,v3,14,13,0,847.546,0.126,5.774,5.512,106.727,0.136,0.070,0.096,0.023,1.188,727.465,0.000,0.066,0.184,0.016,0.164,train_batch,727.465,7666,0,0,0,0
2026-05-06 02:01:26,run_1778011901552,60,124,9025,v3,23,22,0,1307.315,0.227,9.893,9.759,192.734,0.310,0.117,0.319,0.120,1.767,1091.590,0.000,0.092,0.001,0.023,0.365,train_batch,1091.590,11373,0,1,0,0
2026-05-06 02:02:01,run_1778011901552,60,149,9050,v3,41,40,0,2371.614,0.473,17.990,17.547,330.573,0.932,0.235,1.208,0.166,3.241,1997.779,0.000,0.161,0.170,0.050,1.090,train_batch,1997.779,21368,0,0,0,0
2026-05-06 02:02:38,run_1778011901552,61,24,9075,v3,38,37,0,2106.759,0.423,15.961,15.271,283.686,0.795,0.201,0.944,0.166,2.891,1785.344,0.000,0.144,0.001,0.038,0.893,train_batch,1785.344,19374,0,3,0,0
2026-05-06 02:03:14,run_1778011901552,61,49,9100,v3,55,56,0,3101.099,0.693,26.101,25.218,469.641,1.656,0.347,2.360,0.208,5.197,2567.382,0.000,0.220,0.175,0.056,1.845,train_batch,2567.382,27016,0,4,0,0
2026-05-06 02:03:50,run_1778011901552,61,74,9125,v3,10,9,0,625.687,0.089,4.391,4.173,79.964,0.080,0.036,0.053,0.032,0.771,535.925,0.000,0.062,0.001,0.012,0.098,train_batch,535.925,5414,0,2,0,0
2026-05-06 02:04:30,run_1778011901552,61,99,9150,v3,26,26,0,1467.222,0.249,10.692,9.986,192.915,0.405,0.138,0.402,0.101,1.964,1249.542,0.000,0.102,0.226,0.032,0.469,train_batch,1249.542,13518,0,2,0,0
2026-05-06 02:05:06,run_1778011901552,61,124,9175,v3,8,7,0,416.989,0.063,2.974,2.831,54.562,0.050,0.030,0.031,0.011,0.612,355.697,0.000,0.051,0.002,0.010,0.067,train_batch,355.697,4079,0,0,0,0
2026-05-06 02:05:38,run_1778011901552,61,149,9200,v3,14,13,0,848.715,0.128,5.745,5.399,112.086,0.133,0.060,0.101,0.057,1.053,723.617,0.000,0.066,0.089,0.016,0.168,train_batch,723.617,7839,0,0,0,0
2026-05-06 02:06:14,run_1778011901552,62,24,9225,v3,12,11,0,772.707,0.111,5.738,5.476,116.454,0.108,0.058,0.073,0.024,1.514,642.939,0.000,0.059,0.001,0.014,0.137,train_batch,642.939,5914,0,0,0,0
2026-05-06 02:06:56,run_1778011901552,62,49,9250,v3,55,58,0,2962.756,0.662,24.441,22.809,411.287,1.717,0.332,2.329,0.257,4.234,2492.338,0.000,0.225,0.177,0.058,1.891,train_batch,2492.338,27787,0,1,0,0
2026-05-06 02:07:31,run_1778011901552,62,74,9275,v3,35,34,0,1905.161,0.371,15.031,13.971,263.768,0.698,0.170,0.682,0.126,2.657,1606.741,0.000,0.118,0.001,0.035,0.794,train_batch,1606.741,18086,0,0,0,0
2026-05-06 02:08:14,run_1778011901552,62,99,9300,v3,45,44,1,2512.559,0.506,20.089,19.091,330.430,1.141,0.251,1.284,0.188,3.497,2134.366,0.000,0.159,0.190,0.053,1.313,train_batch,2134.366,22811,0,2,0,0
2026-05-06 02:08:50,run_1778011901552,62,124,9325,v3,10,9,0,618.113,0.084,3.907,3.653,74.991,0.074,0.036,0.042,0.039,0.771,534.344,0.000,0.055,0.001,0.011,0.104,train_batch,534.344,5495,0,0,0,0
2026-05-06 02:09:29,run_1778011901552,62,149,9350,v3,10,10,0,628.054,0.088,4.063,3.654,84.034,0.083,0.050,0.050,0.036,0.753,534.900,0.000,0.055,0.168,0.015,0.106,train_batch,534.900,5965,0,0,0,0
2026-05-06 02:10:12,run_1778011901552,63,24,9375,v3,8,7,0,420.888,0.064,2.886,2.862,57.004,0.046,0.031,0.028,0.012,0.605,357.225,0.000,0.053,0.001,0.010,0.064,train_batch,357.225,3691,0,0,0,0
2026-05-06 02:10:50,run_1778011901552,63,49,9400,v3,9,8,0,726.475,0.082,4.452,4.790,111.612,0.062,0.060,0.042,0.042,1.364,603.637,0.000,0.056,0.161,0.017,0.098,train_batch,603.637,5496,0,0,0,0
2026-05-06 02:11:26,run_1778011901552,63,74,9425,v3,19,18,0,1055.901,0.176,7.581,7.442,140.379,0.233,0.084,0.158,0.081,1.464,897.922,0.000,0.078,0.001,0.020,0.282,train_batch,897.922,9475,0,0,0,0
2026-05-06 02:12:08,run_1778011901552,63,99,9450,v3,17,16,0,1043.325,0.158,6.796,6.684,129.799,0.193,0.071,0.141,0.087,1.367,897.508,0.000,0.074,0.181,0.026,0.241,train_batch,897.508,9344,0,1,0,0
2026-05-06 02:12:47,run_1778011901552,63,124,9475,v3,23,23,0,1262.368,0.217,9.566,9.099,171.728,0.354,0.113,0.273,0.098,1.789,1068.600,0.000,0.086,0.001,0.026,0.420,train_batch,1068.600,11853,0,1,0,0
2026-05-06 02:13:25,run_1778011901552,63,149,9500,v3,46,48,0,2555.836,0.546,20.659,19.693,363.592,1.299,0.268,1.499,0.172,3.552,2142.713,0.000,0.180,0.182,0.049,1.433,train_batch,2142.713,23034,0,0,0,0
2026-05-06 02:14:08,run_1778011901552,64,24,9525,v3,16,16,0,862.364,0.142,6.405,6.480,132.506,0.174,0.081,0.120,0.042,1.248,714.860,0.000,0.067,0.001,0.019,0.219,train_batch,714.860,7530,0,1,0,0
2026-05-06 02:14:48,run_1778011901552,64,49,9550,v3,51,51,0,2766.742,0.613,22.763,21.273,390.834,1.488,0.290,1.837,0.202,4.001,2321.387,0.000,0.183,0.183,0.052,1.639,train_batch,2321.387,25971,0,1,0,0
2026-05-06 02:15:30,run_1778011901552,64,74,9575,v3,55,55,0,2999.689,0.655,24.458,23.572,438.783,1.691,0.345,2.294,0.203,4.415,2501.088,0.000,0.198,0.001,0.058,1.929,train_batch,2501.088,28260,0,1,0,0
2026-05-06 02:16:05,run_1778011901552,64,99,9600,v3,30,29,0,1681.921,0.306,12.585,12.109,229.308,0.516,0.131,0.484,0.112,2.302,1423.232,0.000,0.124,0.089,0.030,0.593,train_batch,1423.232,15648,0,0,0,0
2026-05-06 02:16:38,run_1778011901552,64,124,9625,v3,15,14,0,835.357,0.139,6.016,5.678,111.389,0.148,0.054,0.109,0.065,1.168,710.321,0.000,0.072,0.001,0.016,0.182,train_batch,710.321,7721,0,0,0,0
2026-05-06 02:17:17,run_1778011901552,64,149,9650,v3,55,55,2,3001.937,0.663,24.401,23.334,442.546,1.771,0.349,2.387,0.227,4.146,2499.757,0.000,0.194,0.176,0.058,1.928,train_batch,2499.757,27257,0,1,0,0
2026-05-06 02:17:55,run_1778011901552,65,24,9675,v3,17,17,0,1038.853,0.147,6.706,6.531,117.227,0.217,0.082,0.156,0.072,1.346,905.991,0.000,0.093,0.001,0.028,0.257,train_batch,905.991,9862,0,0,0,0
2026-05-06 02:18:29,run_1778011901552,65,49,9700,v3,11,11,0,645.762,0.099,4.681,4.377,90.543,0.103,0.056,0.069,0.044,0.863,544.523,0.000,0.065,0.188,0.015,0.136,train_batch,544.523,5892,0,0,0,0
2026-05-06 02:19:08,run_1778011901552,65,74,9725,v3,33,33,0,1933.381,0.345,14.414,14.025,271.710,0.650,0.188,0.697,0.122,2.700,1627.600,0.000,0.126,0.001,0.044,0.759,train_batch,1627.600,18153,0,0,0,0
2026-05-06 02:19:41,run_1778011901552,65,99,9750,v3,10,9,0,630.874,0.089,4.466,3.958,81.259,0.080,0.038,0.051,0.035,0.801,539.753,0.000,0.057,0.175,0.013,0.103,train_batch,539.753,5172,0,0,0,0
2026-05-06 02:20:28,run_1778011901552,65,124,9775,v3,43,43,0,2384.525,0.502,18.623,17.724,334.672,1.041,0.239,1.227,0.155,3.330,2005.616,0.000,0.155,0.001,0.044,1.197,train_batch,2005.616,20401,0,0,0,0
2026-05-06 02:21:06,run_1778011901552,65,149,9800,v3,12,12,0,638.024,0.104,4.857,4.401,86.409,0.131,0.050,0.066,0.039,0.951,540.616,0.000,0.055,0.178,0.016,0.152,train_batch,540.616,5750,0,0,0,0
2026-05-06 02:21:48,run_1778011901552,66,24,9825,v3,55,56,0,2985.181,0.681,25.218,23.406,399.703,1.731,0.305,2.226,0.250,4.430,2525.045,0.000,0.185,0.001,0.060,1.940,train_batch,2525.045,27531,0,1,0,0
2026-05-06 02:22:27,run_1778011901552,66,49,9850,v3,42,42,0,2357.123,0.474,18.645,17.277,319.331,1.028,0.246,1.289,0.152,3.235,1993.904,0.000,0.165,0.177,0.044,1.155,train_batch,1993.904,21844,0,1,0,0
2026-05-06 02:23:08,run_1778011901552,66,74,9875,v3,22,21,0,1285.792,0.225,9.653,9.003,177.739,0.301,0.116,0.303,0.063,1.691,1086.239,0.000,0.086,0.001,0.023,0.350,train_batch,1086.239,11170,0,0,0,0
2026-05-06 02:23:44,run_1778011901552,66,99,9900,v3,55,59,0,3043.631,0.677,25.016,23.725,441.564,1.800,0.379,2.217,0.271,4.355,2541.218,0.000,0.187,0.165,0.060,2.000,train_batch,2541.218,27981,0,1,0,0
2026-05-06 02:24:24,run_1778011901552,66,124,9925,v3,55,54,2,3039.089,0.673,24.738,23.840,445.443,1.650,0.351,2.212,0.203,4.131,2533.732,0.000,0.192,0.001,0.054,1.868,train_batch,2533.732,28579,0,1,0,0
2026-05-06 02:24:56,run_1778011901552,66,149,9950,v3,28,28,0,1524.920,0.287,11.652,11.196,221.351,0.529,0.159,0.496,0.112,2.286,1275.928,0.000,0.106,0.148,0.033,0.638,train_batch,1275.928,14821,0,0,0,0
2026-05-06 02:25:34,run_1778011901552,67,24,9975,v3,55,55,0,3017.782,0.707,24.928,23.917,429.588,1.588,0.350,2.466,0.256,4.381,2527.532,0.000,0.207,0.001,0.052,1.808,train_batch,2527.532,26144,0,1,0,0
2026-05-06 02:26:15,run_1778011901552,67,49,10000,v3,24,23,0,1285.794,0.231,9.818,9.229,182.449,0.344,0.109,0.306,0.102,1.876,1080.632,0.000,0.102,0.179,0.025,0.393,train_batch,1080.632,11588,0,0,0,0
2026-05-06 02:27:06,run_1778011901552,67,74,10025,v3,46,45,0,2717.891,0.548,22.355,21.633,406.163,1.198,0.266,1.345,0.160,4.247,2258.427,0.000,0.148,0.001,0.046,1.354,train_batch,2258.427,23564,0,0,0,0
2026-05-06 02:27:43,run_1778011901552,67,99,10050,v3,20,19,0,1092.548,0.191,8.663,8.278,167.889,0.254,0.097,0.255,0.082,1.555,904.692,0.000,0.084,0.176,0.021,0.312,train_batch,904.692,9030,0,0,0,0
2026-05-06 02:28:22,run_1778011901552,67,124,10075,v3,31,30,0,1723.984,0.323,13.368,12.969,246.758,0.568,0.146,0.516,0.115,2.408,1446.010,0.000,0.130,0.001,0.030,0.643,train_batch,1446.010,13982,0,0,0,0
2026-05-06 02:29:01,run_1778011901552,67,149,10100,v3,8,7,0,422.458,0.077,2.881,2.983,53.225,0.048,0.029,0.029,0.033,0.629,362.212,0.000,0.052,0.183,0.011,0.068,train_batch,362.212,3592,0,0,0,0
2026-05-06 02:29:40,run_1778011901552,68,24,10125,v3,27,26,0,1511.130,0.263,11.849,11.189,211.342,0.434,0.127,0.386,0.106,2.170,1272.608,0.000,0.095,0.001,0.027,0.535,train_batch,1272.608,12072,0,0,0,0
2026-05-06 02:30:23,run_1778011901552,68,49,10150,v3,52,52,0,2975.261,0.608,25.582,24.323,476.351,1.524,0.328,2.282,0.205,5.017,2436.916,0.000,0.190,0.168,0.055,1.711,train_batch,2436.916,16907,0,1,0,0
2026-05-06 02:31:04,run_1778011901552,68,74,10175,v3,26,25,0,1563.737,0.267,11.590,11.789,224.285,0.401,0.151,0.428,0.123,2.368,1311.735,0.000,0.094,0.001,0.025,0.480,train_batch,1311.735,10588,0,0,0,0
2026-05-06 02:31:42,run_1778011901552,68,99,10200,v3,50,51,1,2852.386,0.598,22.675,22.086,417.149,1.566,0.328,2.186,0.220,3.897,2379.508,0.000,0.181,0.178,0.056,1.761,train_batch,2379.508,18697,0,0,0,0
2026-05-06 02:32:24,run_1778011901552,68,124,10225,v3,55,55,0,3034.102,0.684,24.778,23.935,433.360,1.641,0.327,2.105,0.207,4.355,2540.640,0.000,0.212,0.001,0.055,1.801,train_batch,2540.640,20275,0,0,0,0
2026-05-06 02:33:02,run_1778011901552,68,149,10250,v3,29,28,0,1801.396,0.291,12.013,11.569,235.255,0.485,0.136,0.469,0.083,2.336,1537.839,0.000,0.122,0.176,0.042,0.582,train_batch,1537.839,12127,0,0,0,0
2026-05-06 02:33:31,run_1778011901552,69,24,10275,v3,55,55,0,3052.571,0.687,24.593,23.300,433.885,1.599,0.350,2.455,0.214,4.323,2559.062,0.000,0.236,0.001,0.054,1.813,train_batch,2559.062,22013,0,0,0,0
2026-05-06 02:34:09,run_1778011901552,69,49,10300,v3,19,18,0,1083.509,0.186,7.794,7.566,158.106,0.230,0.094,0.176,0.098,1.465,907.238,0.000,0.077,0.185,0.021,0.275,train_batch,907.238,7582,0,0,0,0
2026-05-06 02:34:48,run_1778011901552,69,74,10325,v3,13,12,0,841.803,0.119,5.344,5.059,93.819,0.117,0.053,0.080,0.042,1.036,735.881,0.000,0.072,0.001,0.021,0.158,train_batch,735.881,5420,0,0,0,0
2026-05-06 02:35:32,run_1778011901552,69,99,10350,v3,17,16,0,1046.489,0.148,6.755,6.315,116.817,0.197,0.072,0.128,0.084,1.332,914.099,0.000,0.094,0.178,0.028,0.243,train_batch,914.099,7652,0,0,0,0
2026-05-06 02:36:10,run_1778011901552,69,124,10375,v3,29,25,3,1728.972,0.298,12.564,12.009,232.679,0.443,0.145,0.385,0.122,2.189,1467.414,0.000,0.107,0.001,0.034,0.584,train_batch,1467.414,12031,0,0,0,0
2026-05-06 02:36:49,run_1778011901552,69,149,10400,v3,30,29,0,1855.392,15.509,13.931,13.264,276.234,0.548,0.174,0.477,0.113,3.173,1531.038,0.000,0.113,0.145,0.030,0.641,train_batch,1531.038,13380,0,0,0,0
2026-05-06 02:37:24,run_1778011901552,70,24,10425,v3,7,6,0,420.177,0.056,2.620,2.554,50.454,0.043,0.026,0.026,0.010,0.540,363.732,0.000,0.047,0.001,0.009,0.058,train_batch,363.732,3227,0,0,0,0
2026-05-06 02:38:07,run_1778011901552,70,49,10450,v3,32,31,0,1757.639,0.335,13.979,12.912,259.851,0.630,0.186,0.597,0.126,2.461,1465.507,0.000,0.117,0.173,0.035,0.731,train_batch,1465.507,12193,0,0,0,0
2026-05-06 02:38:50,run_1778011901552,70,74,10475,v3,30,29,0,1709.907,0.312,13.055,12.034,218.715,0.507,0.139,0.506,0.099,2.344,1461.459,0.000,0.104,0.001,0.030,0.605,train_batch,1461.459,13997,0,0,0,0
2026-05-06 02:39:33,run_1778011901552,70,99,10500,v3,43,42,0,2440.086,0.516,19.228,18.240,363.910,1.063,0.257,1.423,0.157,3.367,2030.339,0.000,0.169,0.181,0.045,1.191,train_batch,2030.339,19596,0,1,0,0
2026-05-06 02:40:05,run_1778011901552,70,124,10525,v3,10,9,0,634.530,0.087,3.642,3.501,80.291,0.080,0.041,0.050,0.047,0.786,545.839,0.000,0.052,0.002,0.012,0.101,train_batch,545.839,5781,0,1,0,0
2026-05-06 02:40:34,run_1778011901552,70,149,10550,v3,55,52,3,3062.990,0.683,24.852,23.747,448.448,1.690,0.344,2.119,0.254,4.112,2554.385,0.000,0.197,0.177,0.058,1.925,train_batch,2554.385,24632,0,0,0,0
2026-05-06 02:41:11,run_1778011901552,71,24,10575,v3,14,13,0,852.911,0.122,5.700,5.618,112.643,0.142,0.072,0.095,0.069,1.088,727.097,0.000,0.063,0.001,0.016,0.185,train_batch,727.097,7173,0,0,0,0
2026-05-06 02:41:50,run_1778011901552,71,49,10600,v3,24,23,0,1302.003,0.231,9.697,9.463,183.602,0.352,0.125,0.315,0.107,1.890,1095.471,0.000,0.094,0.203,0.028,0.427,train_batch,1095.471,10976,0,0,0,0
2026-05-06 02:42:22,run_1778011901552,71,74,10625,v3,21,21,0,1271.316,0.218,6.316,5.720,158.385,0.274,0.095,0.216,0.078,1.635,1097.935,0.000,0.086,0.001,0.030,0.329,train_batch,1097.935,11162,0,0,0,0
2026-05-06 02:42:58,run_1778011901552,71,99,10650,v3,35,36,0,1966.899,0.372,14.967,14.564,278.526,0.738,0.217,0.856,0.135,2.801,1652.529,0.000,0.131,0.162,0.038,0.865,train_batch,1652.529,17739,0,1,0,0
2026-05-06 02:43:40,run_1778011901552,71,124,10675,v3,31,31,0,1722.593,0.318,13.187,12.428,232.753,0.605,0.149,0.567,0.123,2.421,1459.193,0.000,0.117,0.001,0.032,0.701,train_batch,1459.193,15744,0,0,0,0
2026-05-06 02:44:14,run_1778011901552,71,149,10700,v3,42,42,0,2394.095,0.483,18.029,17.401,340.981,1.021,0.238,1.285,0.157,3.290,2009.694,0.000,0.148,0.160,0.043,1.166,train_batch,2009.694,20695,0,0,0,0
2026-05-06 02:44:55,run_1778011901552,72,24,10725,v3,15,16,0,859.731,0.131,6.314,5.955,113.013,0.174,0.067,0.103,0.044,1.256,732.394,0.000,0.062,0.001,0.019,0.200,train_batch,732.394,8138,0,0,0,0
2026-05-06 02:45:41,run_1778011901552,72,49,10750,v3,14,13,0,989.883,0.143,6.503,5.950,140.633,0.155,0.068,0.104,0.050,1.595,834.235,0.000,0.068,0.160,0.017,0.203,train_batch,834.235,7609,0,0,0,0
2026-05-06 02:46:29,run_1778011901552,72,74,10775,v3,15,14,0,836.330,0.128,6.098,5.771,95.815,0.154,0.060,0.107,0.055,1.164,726.714,0.000,0.066,0.001,0.017,0.180,train_batch,726.714,7904,0,0,0,0
2026-05-06 02:47:06,run_1778011901552,72,99,10800,v3,12,11,0,652.097,0.115,4.602,4.320,93.134,0.103,0.052,0.074,0.038,0.933,548.360,0.000,0.057,0.160,0.014,0.135,train_batch,548.360,5809,0,0,0,0
2026-05-06 02:47:48,run_1778011901552,72,124,10825,v3,12,12,0,656.587,0.106,4.642,4.481,98.685,0.110,0.056,0.071,0.043,0.941,547.227,0.000,0.054,0.001,0.014,0.155,train_batch,547.227,5684,0,0,0,0
2026-05-06 02:48:28,run_1778011901552,72,149,10850,v3,16,16,0,891.384,0.155,6.885,6.557,133.551,0.182,0.074,0.129,0.087,1.857,725.187,0.000,0.074,0.171,0.026,16.449,train_batch,725.187,7249,0,0,0,0
2026-05-06 02:49:14,run_1778011901552,73,24,10875,v3,11,10,0,639.923,0.094,4.197,4.012,82.227,0.087,0.043,0.059,0.043,0.826,548.154,0.000,0.057,0.001,0.012,0.112,train_batch,548.154,5324,0,0,0,0
2026-05-06 02:49:55,run_1778011901552,73,49,10900,v3,15,14,0,868.570,0.141,6.541,6.150,120.083,0.152,0.065,0.116,0.081,1.204,733.590,0.000,0.069,0.175,0.018,0.186,train_batch,733.590,7774,0,0,0,0
2026-05-06 02:50:39,run_1778011901552,73,74,10925,v3,25,24,0,1493.276,0.238,10.744,9.664,197.656,0.383,0.123,0.318,0.065,1.967,1271.533,0.000,0.114,0.001,0.034,0.437,train_batch,1271.533,13410,0,0,0,0
2026-05-06 02:51:21,run_1778011901552,73,99,10950,v3,55,55,0,3093.256,0.691,26.078,24.131,468.163,1.737,0.344,2.495,0.203,4.389,2562.687,0.000,0.210,0.198,0.057,1.873,train_batch,2562.687,26622,0,0,0,0
2026-05-06 02:52:03,run_1778011901552,73,124,10975,v3,24,23,0,1321.562,0.244,10.888,9.983,193.217,0.360,0.119,0.341,0.067,1.899,1103.934,0.000,0.095,0.001,0.024,0.391,train_batch,1103.934,11531,0,0,0,0
2026-05-06 02:52:36,run_1778011901552,73,149,11000,v3,11,10,0,783.816,0.101,5.354,5.630,138.949,0.104,0.068,0.062,0.076,1.477,631.710,0.000,0.052,0.082,0.013,0.139,train_batch,631.710,5185,0,0,0,0
2026-05-06 02:53:24,run_1778011901552,74,24,11025,v3,8,7,0,436.670,0.073,2.938,2.823,67.342,0.049,0.033,0.033,0.030,0.622,362.599,0.000,0.049,0.001,0.010,0.069,train_batch,362.599,3035,0,0,0,0
2026-05-06 02:54:11,run_1778011901552,74,49,11050,v3,30,30,1,1706.735,0.311,13.193,12.159,227.328,0.565,0.159,0.512,0.104,2.369,1449.053,0.000,0.116,0.175,0.034,0.660,train_batch,1449.053,13874,0,0,0,0
2026-05-06 02:55:02,run_1778011901552,74,74,11075,v3,13,12,0,850.273,0.113,5.362,5.087,108.947,0.116,0.057,0.083,0.042,1.027,729.197,0.000,0.074,0.001,0.022,0.145,train_batch,729.197,6937,0,0,0,0
2026-05-06 02:55:45,run_1778011901552,74,99,11100,v3,44,43,0,2432.400,0.507,20.454,19.077,365.181,1.059,0.263,1.478,0.214,3.526,2019.065,0.000,0.169,0.177,0.043,1.187,train_batch,2019.065,19916,0,0,0,0
2026-05-06 02:56:27,run_1778011901552,74,124,11125,v3,36,36,0,1959.248,0.385,15.778,14.780,277.997,0.744,0.176,0.746,0.134,2.785,1644.706,0.000,0.139,0.001,0.036,0.842,train_batch,1644.706,15259,0,0,0,0
2026-05-06 02:57:10,run_1778011901552,74,149,11150,v3,37,38,0,2161.027,0.409,17.173,16.244,292.483,0.952,0.206,0.924,0.132,3.077,1828.104,0.000,0.147,0.158,0.051,0.969,train_batch,1828.104,18225,0,1,0,0
2026-05-06 02:57:54,run_1778011901552,75,24,11175,v3,52,53,0,2838.765,0.619,23.401,22.316,407.536,1.616,0.321,2.313,0.197,4.250,2374.184,0.000,0.170,0.001,0.056,1.787,train_batch,2374.184,24115,0,1,0,0
2026-05-06 02:58:33,run_1778011901552,75,49,11200,v3,38,37,1,2162.260,0.443,16.640,15.962,302.947,0.888,0.227,0.988,0.134,3.050,1819.611,0.000,0.123,0.174,0.045,1.031,train_batch,1819.611,18439,0,0,0,0
2026-05-06 02:59:23,run_1778011901552,75,74,11225,v3,43,44,0,2383.680,0.489,18.951,18.217,340.425,1.090,0.243,1.497,0.166,3.557,1997.581,0.000,0.180,0.001,0.043,1.241,train_batch,1997.581,19352,0,0,0,0
2026-05-06 03:00:10,run_1778011901552,75,99,11250,v3,55,56,0,3055.751,0.663,24.644,23.723,442.420,1.684,0.356,2.445,0.196,4.567,2552.776,0.000,0.199,0.156,0.056,1.868,train_batch,2552.776,25493,0,1,0,0
2026-05-06 03:00:49,run_1778011901552,75,124,11275,v3,27,27,0,1532.416,0.268,11.159,10.757,218.307,0.461,0.158,0.400,0.121,2.079,1288.026,0.000,0.109,0.001,0.040,0.531,train_batch,1288.026,12892,0,0,0,0
2026-05-06 03:01:34,run_1778011901552,75,149,11300,v3,10,9,0,637.297,0.089,4.110,3.735,77.473,0.085,0.037,0.047,0.035,0.785,550.576,0.000,0.057,0.155,0.013,0.099,train_batch,550.576,5503,0,0,0,0
2026-05-06 03:02:07,run_1778011901552,76,24,11325,v3,39,39,0,2311.003,0.411,17.876,17.906,347.102,0.851,0.225,1.068,0.157,4.896,1919.350,0.000,0.153,0.001,0.039,0.970,train_batch,1919.350,19497,0,1,0,0
2026-05-06 03:02:50,run_1778011901552,76,49,11350,v3,55,59,0,3063.422,0.675,25.299,24.211,458.412,1.752,0.354,2.250,0.219,4.579,2543.294,0.000,0.217,0.177,0.059,1.924,train_batch,2543.294,28771,0,0,0,0
2026-05-06 03:03:32,run_1778011901552,76,74,11375,v3,25,25,0,1514.581,0.236,10.698,10.144,215.056,0.421,0.128,0.367,0.067,2.015,1274.826,0.000,0.110,0.001,0.037,0.474,train_batch,1274.826,13894,0,0,0,0
2026-05-06 03:04:07,run_1778011901552,76,99,11400,v3,12,11,0,651.341,0.101,4.631,4.545,90.224,0.102,0.064,0.068,0.067,0.933,550.317,0.000,0.055,0.086,0.015,0.134,train_batch,550.317,5936,0,0,0,0
2026-05-06 03:04:47,run_1778011901552,76,124,11425,v3,24,23,0,1303.883,0.251,9.945,9.318,182.610,0.359,0.115,0.334,0.111,2.004,1098.279,0.000,0.091,0.001,0.025,0.440,train_batch,1098.279,11849,0,0,0,0
2026-05-06 03:05:26,run_1778011901552,76,149,11450,v3,12,11,0,661.478,0.114,4.978,4.654,100.457,0.102,0.051,0.077,0.070,0.962,549.631,0.000,0.057,0.173,0.017,0.135,train_batch,549.631,6035,0,0,0,0
2026-05-06 03:06:01,run_1778011901552,77,24,11475,v3,29,28,0,1712.412,0.285,12.314,11.538,230.105,0.499,0.171,0.549,0.103,2.326,1453.798,0.000,0.108,0.001,0.038,0.577,train_batch,1453.798,15995,0,3,0,0
2026-05-06 03:06:35,run_1778011901552,77,49,11500,v3,15,14,0,880.483,0.138,6.558,6.007,126.656,0.162,0.076,0.125,0.086,1.234,738.985,0.000,0.063,0.175,0.017,0.204,train_batch,738.985,7361,0,0,0,0
2026-05-06 03:07:15,run_1778011901552,77,74,11525,v3,55,57,0,3037.012,0.669,25.380,23.751,432.200,1.677,0.325,2.481,0.219,4.577,2543.648,0.000,0.213,0.001,0.057,1.813,train_batch,2543.648,28002,0,0,0,0
2026-05-06 03:08:00,run_1778011901552,77,99,11550,v3,8,7,0,441.319,0.066,3.008,2.843,66.432,0.050,0.037,0.032,0.032,0.627,367.905,0.000,0.053,0.155,0.011,0.070,train_batch,367.905,3495,0,0,0,0
2026-05-06 03:08:46,run_1778011901552,77,124,11575,v3,55,56,0,3038.009,0.679,24.832,23.151,435.552,1.758,0.337,2.145,0.188,4.473,2542.688,0.000,0.173,0.001,0.059,1.972,train_batch,2542.688,27733,0,0,0,0
2026-05-06 03:09:30,run_1778011901552,77,149,11600,v3,22,23,0,1282.678,0.212,8.986,8.576,167.414,0.323,0.123,0.251,0.067,1.752,1094.331,0.000,0.091,0.156,0.027,0.370,train_batch,1094.331,11410,0,0,0,0
2026-05-06 03:10:17,run_1778011901552,78,24,11625,v3,55,57,0,3308.836,0.713,27.930,28.203,536.227,1.848,0.358,2.297,0.215,6.286,2702.436,0.000,0.217,0.001,0.061,2.045,train_batch,2702.436,29056,0,0,0,0
2026-05-06 03:10:47,run_1778011901552,78,49,11650,v3,29,29,0,1746.260,0.298,12.389,12.228,247.146,0.479,0.172,0.565,0.119,2.317,1469.640,0.000,0.127,0.176,0.038,0.567,train_batch,1469.640,14793,0,0,0,0
2026-05-06 03:11:23,run_1778011901552,78,74,11675,v3,12,11,0,646.469,0.104,4.649,4.580,88.601,0.104,0.053,0.064,0.057,0.962,547.084,0.000,0.062,0.001,0.013,0.133,train_batch,547.084,5569,0,0,0,0
2026-05-06 03:12:09,run_1778011901552,78,99,11700,v3,55,56,1,3062.165,0.671,25.056,23.590,449.619,1.734,0.363,2.563,0.196,4.403,2551.682,0.000,0.185,0.158,0.057,1.888,train_batch,2551.682,27619,0,0,0,0
2026-05-06 03:12:54,run_1778011901552,78,124,11725,v3,46,48,0,2602.988,0.535,20.301,19.535,356.281,1.387,0.276,1.592,0.175,3.800,2197.345,0.000,0.149,0.001,0.053,1.559,train_batch,2197.345,24414,0,0,0,0
2026-05-06 03:13:38,run_1778011901552,78,149,11750,v3,18,17,0,1057.227,0.168,7.538,6.988,133.693,0.206,0.078,0.171,0.063,1.467,906.281,0.000,0.076,0.240,0.030,0.229,train_batch,906.281,10416,0,0,0,0
2026-05-06 03:14:21,run_1778011901552,79,24,11775,v3,12,12,0,634.263,0.110,4.686,4.797,87.855,0.106,0.050,0.065,0.045,1.023,535.315,0.000,0.052,0.001,0.016,0.142,train_batch,535.315,6525,0,0,0,0
2026-05-06 03:15:07,run_1778011901552,79,49,11800,v3,41,40,0,2367.647,0.446,18.281,17.831,340.624,0.943,0.223,0.965,0.162,3.470,1983.266,0.000,0.154,0.164,0.051,1.069,train_batch,1983.266,21401,0,0,0,0
2026-05-06 03:15:42,run_1778011901552,79,74,11825,v3,55,59,0,3009.718,0.677,24.574,23.387,434.354,1.753,0.326,1.902,0.198,4.470,2515.835,0.000,0.198,0.001,0.064,1.979,train_batch,2515.835,30364,0,1,0,0
2026-05-06 03:16:26,run_1778011901552,79,99,11850,v3,55,52,4,3242.117,0.664,25.823,24.795,525.914,1.758,0.351,2.221,0.219,5.004,2652.997,0.000,0.183,0.158,0.056,1.974,train_batch,2652.997,28929,0,0,0,0
2026-05-06 03:17:06,run_1778011901552,79,124,11875,v3,31,30,0,1729.544,0.327,13.901,13.360,256.887,0.563,0.160,0.470,0.107,2.505,1440.456,0.000,0.107,0.001,0.033,0.671,train_batch,1440.456,16907,0,0,0,0
2026-05-06 03:17:54,run_1778011901552,79,149,11900,v3,29,28,0,1947.102,0.305,13.889,14.471,308.391,0.519,0.175,0.482,0.122,3.210,1604.660,0.000,0.124,0.113,0.041,0.599,train_batch,1604.660,16085,0,2,0,0
2026-05-06 03:18:32,run_1778011901552,80,24,11925,v3,39,39,0,2166.116,0.440,17.292,16.739,323.025,0.902,0.213,0.940,0.174,3.131,1802.048,0.000,0.133,0.001,0.044,1.034,train_batch,1802.048,22107,0,0,0,0
2026-05-06 03:19:15,run_1778011901552,80,49,11950,v3,55,55,2,2995.509,0.675,24.045,22.964,442.031,1.673,0.336,2.186,0.243,4.405,2494.709,0.000,0.167,0.179,0.059,1.837,train_batch,2494.709,30651,0,3,0,0
2026-05-06 03:19:57,run_1778011901552,80,74,11975,v3,11,10,0,629.046,0.095,4.300,4.144,87.385,0.087,0.052,0.062,0.039,0.934,531.764,0.000,0.056,0.001,0.014,0.113,train_batch,531.764,6118,0,0,0,0
2026-05-06 03:20:34,run_1778011901552,80,99,12000,v3,9,8,0,621.584,0.075,3.374,3.297,73.859,0.057,0.042,0.041,0.035,0.727,539.755,0.000,0.061,0.159,0.018,0.085,train_batch,539.755,5527,0,0,0,0
2026-05-06 03:21:07,run_1778011901552,80,124,12025,v3,9,8,0,611.095,0.075,3.454,3.289,68.052,0.057,0.043,0.038,0.037,0.787,535.104,0.000,0.056,0.002,0.019,0.085,train_batch,535.104,5667,0,0,0,0
2026-05-06 03:21:50,run_1778011901552,80,149,12050,v3,8,7,0,423.480,0.066,3.194,2.900,60.665,0.056,0.029,0.035,0.032,0.691,355.593,0.000,0.052,0.085,0.012,0.071,train_batch,355.593,3838,0,0,0,0
2026-05-06 03:22:28,run_1778011901552,81,24,12075,v3,47,48,0,2601.915,0.539,21.674,20.380,372.185,1.210,0.284,1.639,0.207,3.984,2178.218,0.000,0.173,0.001,0.050,1.371,train_batch,2178.218,23956,0,1,0,0
2026-05-06 03:23:21,run_1778011901552,81,49,12100,v3,29,28,0,1518.128,0.297,12.807,11.560,233.506,0.491,0.141,0.462,0.113,2.359,1255.589,0.000,0.105,0.090,0.034,0.576,train_batch,1255.589,13885,0,1,0,0
2026-05-06 03:24:05,run_1778011901552,81,74,12125,v3,15,15,0,843.509,0.136,6.273,5.819,112.593,0.171,0.062,0.102,0.068,1.212,716.775,0.000,0.064,0.001,0.020,0.213,train_batch,716.775,7437,0,0,0,0
2026-05-06 03:24:50,run_1778011901552,81,99,12150,v3,55,56,0,3018.424,0.705,24.606,23.522,445.570,1.627,0.332,2.287,0.275,4.566,2512.670,0.000,0.212,0.177,0.060,1.814,train_batch,2512.670,29317,0,0,0,0
2026-05-06 03:25:25,run_1778011901552,81,124,12175,v3,15,14,0,865.886,0.136,6.348,6.294,125.542,0.159,0.063,0.099,0.070,1.224,725.656,0.000,0.066,0.001,0.018,0.211,train_batch,725.656,7849,0,0,0,0
2026-05-06 03:26:04,run_1778011901552,81,149,12200,v3,25,24,0,1472.356,0.237,10.225,9.981,195.216,0.384,0.125,0.378,0.096,2.075,1252.858,0.000,0.099,0.179,0.037,0.466,train_batch,1252.858,14662,0,0,0,0
2026-05-06 03:26:49,run_1778011901552,82,24,12225,v3,8,7,0,424.167,0.061,2.914,2.970,61.761,0.047,0.028,0.028,0.033,0.685,355.512,0.000,0.048,0.001,0.011,0.067,train_batch,355.512,3981,0,0,0,0
2026-05-06 03:27:33,run_1778011901552,82,49,12250,v3,55,55,0,3242.884,0.690,26.818,48.406,514.076,1.766,0.352,2.114,0.211,6.289,2639.728,0.000,0.197,0.164,0.064,2.007,train_batch,2639.728,26793,0,0,0,0
2026-05-06 03:28:11,run_1778011901552,82,74,12275,v3,42,42,0,2365.017,0.488,18.340,17.209,338.096,1.058,0.253,1.365,0.135,3.414,1983.246,0.000,0.150,0.001,0.046,1.216,train_batch,1983.246,22086,0,0,0,0
2026-05-06 03:28:57,run_1778011901552,82,99,12300,v3,16,15,0,846.289,0.138,6.222,5.992,122.371,0.166,0.077,0.127,0.070,1.327,709.424,0.000,0.070,0.082,0.020,0.203,train_batch,709.424,8285,0,0,0,0
2026-05-06 03:29:41,run_1778011901552,82,124,12325,v3,52,54,0,2850.817,0.620,23.853,22.553,444.422,1.586,0.316,1.910,0.249,4.475,2348.791,0.000,0.196,0.001,0.056,1.791,train_batch,2348.791,27156,0,0,0,0
2026-05-06 03:30:34,run_1778011901552,82,149,12350,v3,55,58,0,3047.058,0.710,26.114,24.914,466.586,1.826,0.351,2.276,0.204,4.664,2516.944,0.000,0.185,0.176,0.066,2.044,train_batch,2516.944,28903,0,0,0,0
2026-05-06 03:31:17,run_1778011901552,83,24,12375,v3,24,23,0,1274.831,0.235,10.493,10.090,187.370,0.345,0.105,0.307,0.094,2.031,1063.249,0.000,0.097,0.001,0.024,0.393,train_batch,1063.249,12838,0,0,0,0
2026-05-06 03:32:00,run_1778011901552,83,49,12400,v3,55,56,0,3040.750,0.688,24.984,24.125,459.237,1.651,0.369,2.716,0.259,4.703,2519.736,0.000,0.199,0.161,0.062,1.861,train_batch,2519.736,27919,0,0,0,0
2026-05-06 03:32:46,run_1778011901552,83,74,12425,v3,50,45,5,2792.271,0.580,22.858,21.791,400.319,1.341,0.311,1.898,0.269,3.814,2337.311,0.000,0.167,0.001,0.046,1.566,train_batch,2337.311,25630,0,1,0,0
2026-05-06 03:33:28,run_1778011901552,83,99,12450,v3,16,15,0,856.833,0.142,6.430,6.194,131.344,0.179,0.080,0.121,0.089,1.331,710.534,0.000,0.065,0.083,0.021,0.220,train_batch,710.534,8209,0,0,0,0
2026-05-06 03:34:11,run_1778011901552,83,124,12475,v3,29,29,0,1958.094,0.295,14.676,13.467,292.778,0.546,0.184,0.516,0.128,4.742,1605.555,0.000,0.116,0.002,0.041,25.048,train_batch,1605.555,15336,0,0,0,0
2026-05-06 03:34:54,run_1778011901552,83,149,12500,v3,15,14,0,853.445,0.140,6.192,5.845,117.895,0.147,0.072,0.130,0.060,1.307,721.285,0.000,0.068,0.094,0.018,0.194,train_batch,721.285,7593,0,0,0,0
2026-05-06 03:35:41,run_1778011901552,84,24,12525,v3,55,53,3,3051.846,0.683,26.066,24.025,474.172,1.710,0.386,2.413,0.197,4.493,2515.524,0.000,0.175,0.001,0.058,1.942,train_batch,2515.524,30021,0,1,0,0
2026-05-06 03:36:24,run_1778011901552,84,49,12550,v3,55,58,0,3018.567,0.685,25.716,24.063,452.632,1.707,0.372,2.618,0.213,4.756,2503.521,0.000,0.204,0.119,0.071,1.891,train_batch,2503.521,28459,0,1,0,0
2026-05-06 03:37:06,run_1778011901552,84,74,12575,v3,55,58,0,3034.898,0.706,26.656,24.847,461.765,1.842,0.349,2.415,0.250,5.276,2508.454,0.000,0.202,0.002,0.068,2.068,train_batch,2508.454,29840,0,1,0,0
2026-05-06 03:37:52,run_1778011901552,84,99,12600,v3,41,40,0,2367.794,0.459,18.600,17.490,328.800,0.995,0.252,1.285,0.155,3.499,1994.834,0.000,0.154,0.082,0.054,1.135,train_batch,1994.834,22994,0,0,0,0
2026-05-06 03:38:40,run_1778011901552,84,124,12625,v3,17,16,0,1053.620,0.165,7.057,6.682,136.439,0.192,0.085,0.160,0.058,1.475,900.939,0.000,0.079,0.001,0.026,0.263,train_batch,900.939,10457,0,0,0,0
2026-05-06 03:39:26,run_1778011901552,84,149,12650,v3,53,53,0,3028.358,0.659,25.318,23.316,455.057,1.518,0.347,1.913,0.190,4.611,2513.218,0.000,0.201,0.198,0.073,1.740,train_batch,2513.218,28250,0,1,0,0
2026-05-06 03:40:05,run_1778011901552,85,24,12675,v3,12,11,0,648.453,0.110,4.983,4.663,98.398,0.095,0.059,0.078,0.050,1.012,538.796,0.000,0.058,0.001,0.019,0.131,train_batch,538.796,5858,0,0,0,0
2026-05-06 03:40:48,run_1778011901552,85,49,12700,v3,41,41,0,2358.929,0.482,18.581,17.575,346.416,1.039,0.239,1.217,0.149,3.465,1968.178,0.000,0.157,0.180,0.060,1.194,train_batch,1968.178,23068,0,0,0,0
2026-05-06 03:41:31,run_1778011901552,85,74,12725,v3,6,5,0,411.596,0.051,2.200,2.069,45.075,0.034,0.022,0.017,0.026,0.502,361.543,0.000,0.002,0.001,0.009,0.045,train_batch,361.543,3595,0,0,0,0
2026-05-06 03:42:19,run_1778011901552,85,99,12750,v3,55,55,1,3051.112,0.691,25.691,24.122,467.836,1.692,0.353,2.317,0.196,4.575,2521.408,0.000,0.196,0.164,0.056,1.814,train_batch,2521.408,25820,0,1,0,0
2026-05-06 03:43:07,run_1778011901552,85,124,12775,v3,8,7,0,425.245,0.068,3.116,2.870,62.274,0.048,0.030,0.032,0.012,0.648,356.022,0.000,0.051,0.002,0.010,0.063,train_batch,356.022,4063,0,0,0,0
2026-05-06 03:43:54,run_1778011901552,85,149,12800,v3,17,18,0,1061.376,0.157,7.540,7.100,142.683,0.203,0.087,0.147,0.061,1.473,901.345,0.000,0.084,0.197,0.040,0.259,train_batch,901.345,9895,0,0,0,0
2026-05-06 03:44:33,run_1778011901552,86,24,12825,v3,21,21,0,1258.370,0.204,8.566,8.137,164.158,0.271,0.101,0.236,0.107,1.789,1074.345,0.000,0.092,0.001,0.031,0.331,train_batch,1074.345,11405,0,0,0,0
2026-05-06 03:45:11,run_1778011901552,86,49,12850,v3,16,15,0,853.306,0.146,6.703,6.799,123.715,0.161,0.076,0.151,0.062,1.570,713.481,0.000,0.072,0.151,0.018,0.202,train_batch,713.481,7937,0,0,0,0
2026-05-06 03:45:56,run_1778011901552,86,74,12875,v3,25,22,2,1471.933,0.237,10.553,10.216,201.982,0.350,0.146,0.388,0.119,2.061,1245.329,0.000,0.098,0.001,0.030,0.424,train_batch,1245.329,13148,0,1,0,0
2026-05-06 03:46:44,run_1778011901552,86,99,12900,v3,38,37,0,2380.621,0.426,19.177,19.283,365.713,0.834,0.251,0.978,0.157,4.552,1967.961,0.000,0.141,0.158,0.039,0.952,train_batch,1967.961,19308,0,1,0,0
2026-05-06 03:47:21,run_1778011901552,86,124,12925,v3,28,27,0,1511.407,0.280,12.167,11.857,233.542,0.480,0.145,0.425,0.108,2.473,1249.254,0.000,0.094,0.001,0.030,0.553,train_batch,1249.254,14749,0,0,0,0
2026-05-06 03:48:10,run_1778011901552,86,149,12950,v3,55,55,1,3016.031,0.697,25.143,24.119,453.357,1.674,0.335,2.313,0.204,4.715,2501.222,0.000,0.195,0.173,0.054,1.832,train_batch,2501.222,27398,0,0,0,0
2026-05-06 03:48:55,run_1778011901552,87,24,12975,v3,14,13,0,851.346,0.124,5.724,5.393,111.128,0.137,0.061,0.087,0.068,1.212,727.150,0.000,0.069,0.001,0.016,0.176,train_batch,727.150,7569,0,0,0,0
2026-05-06 03:49:44,run_1778011901552,87,49,13000,v3,50,48,1,3026.543,0.639,23.954,22.621,438.165,1.399,0.339,1.830,0.188,4.974,2530.493,0.000,0.181,0.089,0.050,1.619,train_batch,2530.493,25514,0,4,0,0
2026-05-06 03:50:31,run_1778011901552,87,74,13025,v3,16,15,0,875.454,0.148,6.556,6.188,128.533,0.168,0.072,0.131,0.080,1.324,731.953,0.000,0.070,0.001,0.017,0.213,train_batch,731.953,8042,0,2,0,0
2026-05-06 03:51:13,run_1778011901552,87,99,13050,v3,44,41,2,2389.375,0.489,19.989,18.582,340.194,1.026,0.259,1.184,0.157,3.716,2002.233,0.000,0.151,0.173,0.042,1.179,train_batch,2002.233,22147,0,0,0,0
2026-05-06 03:51:52,run_1778011901552,87,124,13075,v3,26,26,0,1529.996,0.262,11.626,11.168,219.967,0.441,0.142,0.398,0.109,2.312,1282.904,0.000,0.094,0.001,0.029,0.544,train_batch,1282.904,14615,0,1,0,0
2026-05-06 03:52:40,run_1778011901552,87,149,13100,v3,24,23,0,1608.553,0.255,42.016,14.058,303.326,0.376,0.199,0.375,0.072,3.520,1243.706,0.000,0.100,0.080,0.025,0.445,train_batch,1243.706,12309,0,0,0,0
2026-05-06 03:53:25,run_1778011901552,88,24,13125,v3,55,57,0,3070.105,0.676,25.553,23.563,449.771,1.651,0.358,2.478,0.205,5.004,2558.716,0.000,0.214,0.001,0.056,1.860,train_batch,2558.716,28084,0,1,0,0
2026-05-06 03:54:11,run_1778011901552,88,49,13150,v3,12,12,0,662.016,0.106,5.204,4.828,93.491,0.107,0.062,0.072,0.036,1.025,556.703,0.000,0.058,0.168,0.016,0.141,train_batch,556.703,5573,0,0,0,0
2026-05-06 03:54:54,run_1778011901552,88,74,13175,v3,18,17,0,1076.710,0.169,7.978,7.541,151.111,0.213,0.080,0.166,0.053,1.561,907.480,0.000,0.082,0.001,0.019,0.258,train_batch,907.480,9431,0,0,0,0
2026-05-06 03:55:33,run_1778011901552,88,99,13200,v3,13,12,0,888.957,0.122,5.838,5.763,128.935,0.119,0.068,0.091,0.077,1.216,746.302,0.000,0.069,0.153,0.024,0.181,train_batch,746.302,8253,0,0,0,0
2026-05-06 03:56:13,run_1778011901552,88,124,13225,v3,26,25,0,1526.048,0.260,11.361,10.514,218.078,0.426,0.155,0.395,0.103,2.288,1281.837,0.000,0.094,0.001,0.028,0.509,train_batch,1281.837,14011,0,0,0,0
2026-05-06 03:57:09,run_1778011901552,88,149,13250,v3,42,41,0,2409.984,0.481,18.846,17.688,344.399,0.960,0.254,1.131,0.179,3.618,2021.042,0.000,0.152,0.082,0.041,1.110,train_batch,2021.042,22045,0,0,0,0
2026-05-06 03:58:03,run_1778011901552,89,24,13275,v3,48,49,0,2592.023,0.562,21.339,20.186,367.515,1.311,0.265,1.562,0.162,4.351,2173.054,0.000,0.187,0.001,0.048,1.481,train_batch,2173.054,24863,0,0,0,0
2026-05-06 03:58:41,run_1778011901552,89,49,13300,v3,21,21,0,1285.665,0.194,9.184,8.311,166.524,0.285,0.127,0.249,0.060,1.905,1098.207,0.000,0.093,0.159,0.032,0.336,train_batch,1098.207,11920,0,1,0,0
2026-05-06 03:59:26,run_1778011901552,89,74,13325,v3,55,36,20,3095.213,0.639,25.307,23.996,461.711,1.396,0.433,1.998,0.180,3.103,2574.547,0.000,0.138,0.001,0.036,1.730,train_batch,2574.547,28561,0,1,0,0
2026-05-06 04:00:14,run_1778011901552,89,99,13350,v3,23,22,0,1466.871,0.230,10.705,10.327,223.272,0.336,0.114,0.254,0.109,2.544,1218.334,0.000,0.090,0.122,0.025,0.407,train_batch,1218.334,12142,0,0,0,0
2026-05-06 04:01:01,run_1778011901552,89,124,13375,v3,22,22,0,1299.533,0.228,9.638,8.872,180.580,0.341,0.118,0.297,0.105,2.017,1096.820,0.000,0.082,0.001,0.026,0.407,train_batch,1096.820,12122,0,0,0,0
2026-05-06 04:01:49,run_1778011901552,89,149,13400,v3,39,38,0,2161.374,0.440,17.075,16.379,299.327,0.878,0.209,1.081,0.151,3.407,1821.052,0.000,0.144,0.177,0.044,1.011,train_batch,1821.052,19612,0,1,0,0
2026-05-06 04:02:38,run_1778011901552,90,24,13425,v3,54,52,1,3060.389,0.688,25.348,23.070,449.979,1.555,0.315,2.128,0.241,4.576,2550.547,0.000,0.207,0.001,0.054,1.680,train_batch,2550.547,28993,0,1,0,0
2026-05-06 04:03:26,run_1778011901552,90,49,13450,v3,55,54,1,3065.340,0.675,25.231,24.053,446.823,1.656,0.334,2.531,0.218,4.819,2556.758,0.000,0.184,0.175,0.058,1.827,train_batch,2556.758,28572,0,0,0,0
2026-05-06 04:04:16,run_1778011901552,90,74,13475,v3,55,53,4,3066.766,0.681,25.203,23.958,449.335,1.711,0.335,2.405,0.231,4.508,2556.208,0.000,0.204,0.001,0.056,1.930,train_batch,2556.208,28545,0,0,0,0
2026-05-06 04:04:55,run_1778011901552,90,99,13500,v3,29,28,0,1711.356,0.289,12.395,11.947,224.845,0.483,0.143,0.576,0.187,2.623,1457.044,0.000,0.120,0.083,0.038,0.584,train_batch,1457.044,16294,0,0,0,0
2026-05-06 04:05:41,run_1778011901552,90,124,13525,v3,22,21,0,1318.000,0.228,10.059,9.308,191.900,0.312,0.127,0.276,0.064,2.042,1103.195,0.000,0.091,0.001,0.023,0.374,train_batch,1103.195,11775,0,0,0,0
2026-05-06 04:06:25,run_1778011901552,90,149,13550,v3,22,21,0,1290.988,0.211,9.878,9.019,170.072,0.310,0.095,0.244,0.084,1.934,1098.446,0.000,0.102,0.187,0.025,0.381,train_batch,1098.446,12088,0,0,0,0
2026-05-06 04:07:07,run_1778011901552,91,24,13575,v3,6,5,0,415.433,0.048,2.265,2.092,46.801,0.031,0.022,0.019,0.026,0.502,363.570,0.000,0.002,0.001,0.008,0.045,train_batch,363.570,3773,0,0,0,0
2026-05-06 04:07:51,run_1778011901552,91,49,13600,v3,18,18,0,1058.519,0.164,7.688,6.988,140.823,0.228,0.096,0.176,0.076,1.603,900.233,0.000,0.069,0.082,0.022,0.272,train_batch,900.233,10296,0,0,0,0
2026-05-06 04:08:40,run_1778011901552,91,74,13625,v3,44,43,1,2400.990,0.510,20.839,19.455,354.210,1.115,0.275,1.560,0.176,3.852,1997.502,0.000,0.161,0.001,0.044,1.291,train_batch,1997.502,22852,0,0,0,0
2026-05-06 04:09:30,run_1778011901552,91,99,13650,v3,24,23,0,1320.788,0.238,10.366,9.812,202.030,0.361,0.127,0.295,0.093,2.061,1094.661,0.000,0.089,0.176,0.027,0.453,train_batch,1094.661,12036,0,0,0,0
2026-05-06 04:10:14,run_1778011901552,91,124,13675,v3,11,11,0,645.593,0.095,4.486,4.240,92.463,0.093,0.058,0.061,0.036,0.962,542.906,0.000,0.055,0.001,0.014,0.123,train_batch,542.906,5926,0,0,0,0
2026-05-06 04:11:10,run_1778011901552,91,149,13700,v3,55,57,1,3127.633,0.681,26.737,24.521,493.048,1.646,0.368,2.360,0.270,5.461,2570.362,0.000,0.194,0.107,0.067,1.813,train_batch,2570.362,27744,0,1,0,0
2026-05-06 04:11:59,run_1778011901552,92,24,13725,v3,37,40,0,2143.773,0.389,15.957,15.574,292.037,0.872,0.235,0.862,0.159,3.316,1813.214,0.000,0.125,0.001,0.049,0.985,train_batch,1813.214,20552,0,0,0,0
2026-05-06 04:12:38,run_1778011901552,92,49,13750,v3,25,25,0,1507.515,0.248,10.505,10.040,204.970,0.391,0.144,0.403,0.130,2.255,1277.633,0.000,0.110,0.171,0.037,0.479,train_batch,1277.633,14366,0,0,0,0
2026-05-06 04:13:24,run_1778011901552,92,74,13775,v3,55,57,0,3296.921,0.703,50.896,28.273,529.856,1.793,0.419,2.354,0.270,6.391,2673.652,0.000,0.189,0.001,0.059,2.066,train_batch,2673.652,27779,0,0,0,0
2026-05-06 04:14:07,run_1778011901552,92,99,13800,v3,30,30,0,1752.683,0.308,13.713,12.530,261.031,0.556,0.184,0.567,0.129,2.711,1460.011,0.000,0.108,0.172,0.032,0.632,train_batch,1460.011,15287,0,0,0,0
2026-05-06 04:14:50,run_1778011901552,92,124,13825,v3,31,32,0,1732.527,0.333,13.189,12.572,247.436,0.610,0.193,0.565,0.126,2.816,1453.814,0.000,0.113,0.001,0.037,0.723,train_batch,1453.814,15935,0,0,0,0
2026-05-06 04:15:37,run_1778011901552,92,149,13850,v3,14,13,0,866.754,0.130,6.320,6.007,122.420,0.137,0.060,0.101,0.091,1.221,729.841,0.000,0.070,0.171,0.017,0.168,train_batch,729.841,8271,0,0,0,0
2026-05-06 04:16:32,run_1778011901552,93,24,13875,v3,52,53,0,2924.923,0.614,23.445,22.944,439.382,1.522,0.304,1.917,0.188,4.998,2427.607,0.000,0.203,0.001,0.058,1.742,train_batch,2427.607,27758,0,0,0,0
2026-05-06 04:17:24,run_1778011901552,93,49,13900,v3,10,9,0,637.449,0.091,4.057,3.419,81.168,0.083,0.047,0.065,0.035,0.810,547.317,0.000,0.056,0.154,0.019,0.129,train_batch,547.317,5738,0,1,0,0
2026-05-06 04:18:07,run_1778011901552,93,74,13925,v3,55,57,0,3099.517,0.700,26.070,24.463,481.742,1.680,0.385,2.607,0.219,4.919,2554.559,0.000,0.195,0.001,0.068,1.908,train_batch,2554.559,28295,0,0,0,0
2026-05-06 04:18:53,run_1778011901552,93,99,13950,v3,15,14,0,865.171,0.141,6.607,6.152,121.213,0.166,0.068,0.109,0.076,1.525,728.654,0.000,0.073,0.159,0.017,0.210,train_batch,728.654,8056,0,0,0,0
2026-05-06 04:19:42,run_1778011901552,93,124,13975,v3,17,16,0,1063.822,0.158,6.897,6.676,142.747,0.183,0.087,0.158,0.085,1.501,904.977,0.000,0.083,0.001,0.025,0.243,train_batch,904.977,9218,0,0,0,0
2026-05-06 04:20:34,run_1778011901552,93,149,14000,v3,55,57,1,3078.120,0.652,26.214,24.956,488.205,2.043,0.389,2.390,0.231,5.127,2525.343,0.000,0.174,0.123,0.071,2.204,train_batch,2525.343,29473,0,1,0,0
2026-05-06 04:21:24,run_1778011901552,94,24,14025,v3,31,31,0,1758.702,0.330,14.355,13.583,263.728,0.569,0.169,0.643,0.154,2.807,1461.555,0.000,0.117,0.001,0.032,0.658,train_batch,1461.555,16090,0,0,0,0
2026-05-06 04:22:04,run_1778011901552,94,49,14050,v3,15,14,0,1030.462,0.149,8.129,7.146,183.321,0.169,0.091,0.115,0.089,2.139,828.663,0.000,0.071,0.154,0.017,0.210,train_batch,828.663,7989,0,0,0,0
2026-05-06 04:22:47,run_1778011901552,94,74,14075,v3,55,59,0,3080.187,0.693,26.091,24.155,472.555,1.732,0.394,2.367,0.213,5.057,2544.752,0.000,0.183,0.001,0.059,1.934,train_batch,2544.752,28295,0,0,0,0
2026-05-06 04:23:36,run_1778011901552,94,99,14100,v3,9,8,0,632.275,0.080,3.788,3.697,77.223,0.062,0.036,0.043,0.038,0.799,546.267,0.000,0.057,0.083,0.019,0.084,train_batch,546.267,5473,0,0,0,0
2026-05-06 04:24:28,run_1778011901552,94,124,14125,v3,55,57,0,3088.133,0.688,25.933,24.209,472.035,1.824,0.362,2.396,0.214,4.987,2553.151,0.000,0.189,0.001,0.061,2.084,train_batch,2553.151,28662,0,2,0,0
2026-05-06 04:25:07,run_1778011901552,94,149,14150,v3,32,31,0,1750.292,0.343,13.983,13.310,261.599,0.585,0.156,0.639,0.119,2.901,1455.724,0.000,0.115,0.082,0.035,0.701,train_batch,1455.724,17581,0,0,0,0
2026-05-06 04:26:02,run_1778011901552,95,24,14175,v3,55,55,2,3041.587,0.671,25.496,23.927,459.947,1.645,0.352,2.232,0.204,4.944,2520.105,0.000,0.196,0.001,0.055,1.813,train_batch,2520.105,29453,0,0,0,0
2026-05-06 04:26:48,run_1778011901552,95,49,14200,v3,12,11,0,782.905,0.110,5.598,5.357,123.783,0.110,0.063,0.078,0.046,1.423,645.976,0.000,0.061,0.153,0.015,0.133,train_batch,645.976,5677,0,0,0,0
2026-05-06 04:27:32,run_1778011901552,95,74,14225,v3,55,55,0,3069.903,0.681,26.112,24.588,469.635,1.649,0.331,2.106,0.199,4.967,2537.561,0.000,0.184,0.001,0.056,1.834,train_batch,2537.561,30173,0,1,0,0
2026-05-06 04:28:17,run_1778011901552,95,99,14250,v3,34,28,7,1964.413,0.362,15.243,14.525,290.300,0.623,0.210,0.618,0.140,2.499,1638.857,0.000,0.112,0.153,0.029,0.742,train_batch,1638.857,17841,0,1,0,0
2026-05-06 04:29:04,run_1778011901552,95,124,14275,v3,27,27,0,1521.112,0.276,11.616,11.045,222.427,0.438,0.145,0.400,0.120,2.484,1271.517,0.000,0.105,0.001,0.029,0.509,train_batch,1271.517,15003,0,0,0,0
2026-05-06 04:29:52,run_1778011901552,95,149,14300,v3,55,56,0,3067.834,0.701,26.269,24.816,466.531,1.728,0.341,2.196,0.205,5.221,2537.517,0.000,0.182,0.088,0.060,1.980,train_batch,2537.517,28892,0,0,0,0
2026-05-06 04:30:43,run_1778011901552,96,24,14325,v3,55,56,0,3307.561,0.661,28.673,26.384,546.411,1.796,0.404,2.468,0.222,6.271,2692.038,0.000,0.173,0.001,0.061,1.998,train_batch,2692.038,29683,0,0,0,0
2026-05-06 04:31:33,run_1778011901552,96,49,14350,v3,35,34,0,1947.895,0.367,15.135,14.431,277.418,0.696,0.179,0.678,0.124,3.100,1634.646,0.000,0.137,0.165,0.036,0.784,train_batch,1634.646,18211,0,0,0,0
2026-05-06 04:32:18,run_1778011901552,96,74,14375,v3,14,13,0,864.030,0.131,5.887,5.654,119.827,0.146,0.063,0.097,0.079,1.337,730.543,0.000,0.067,0.001,0.016,0.181,train_batch,730.543,8144,0,0,0,0
2026-05-06 04:33:02,run_1778011901552,96,99,14400,v3,11,10,0,642.194,0.098,4.482,4.458,92.925,0.092,0.052,0.058,0.041,1.002,538.714,0.000,0.053,0.083,0.016,0.120,train_batch,538.714,6162,0,0,0,0
2026-05-06 04:33:44,run_1778011901552,96,124,14425,v3,20,19,0,1100.877,0.209,8.718,8.342,166.871,0.259,0.089,0.204,0.086,1.966,913.696,0.000,0.088,0.001,0.021,0.327,train_batch,913.696,10883,0,0,0,0
2026-05-06 04:34:32,run_1778011901552,96,149,14450,v3,30,30,0,1728.408,0.323,13.274,12.394,238.484,0.558,0.162,0.579,0.128,2.779,1458.749,0.000,0.113,0.173,0.033,0.659,train_batch,1458.749,16429,0,0,0,0
2026-05-06 04:35:18,run_1778011901552,97,24,14475,v3,35,37,0,1950.562,0.381,16.164,15.051,290.635,0.735,0.195,0.832,0.183,3.291,1622.113,0.000,0.132,0.001,0.038,0.810,train_batch,1622.113,18287,0,0,0,0
2026-05-06 04:36:17,run_1778011901552,97,49,14500,v3,27,24,2,1531.142,0.273,12.223,11.280,230.623,0.461,0.148,0.412,0.127,2.281,1272.502,0.000,0.091,0.151,0.029,0.542,train_batch,1272.502,15237,0,0,0,0
2026-05-06 04:37:03,run_1778011901552,97,74,14525,v3,18,17,0,1096.394,0.178,8.228,7.322,159.339,0.214,0.098,0.179,0.057,1.650,918.766,0.000,0.086,0.001,0.020,0.257,train_batch,918.766,10456,0,0,0,0
2026-05-06 04:37:48,run_1778011901552,97,99,14550,v3,55,56,0,3056.767,0.684,26.266,24.478,466.588,1.814,0.368,2.643,0.240,5.088,2526.293,0.000,0.178,0.097,0.062,1.969,train_batch,2526.293,29099,0,0,0,0
2026-05-06 04:38:45,run_1778011901552,97,124,14575,v3,55,55,1,3045.626,0.674,25.551,23.783,451.667,1.779,0.338,2.373,0.280,4.948,2532.029,0.000,0.190,0.002,0.057,1.957,train_batch,2532.029,28887,0,0,0,0
2026-05-06 04:39:28,run_1778011901552,97,149,14600,v3,22,21,0,1556.210,0.243,10.955,10.479,273.036,0.340,0.146,0.239,0.078,3.172,1256.867,0.000,0.088,0.155,0.024,0.388,train_batch,1256.867,12382,0,0,0,0
2026-05-06 04:40:21,run_1778011901552,98,24,14625,v3,55,57,0,3062.033,0.692,25.652,23.896,454.897,1.770,0.347,2.333,0.213,5.032,2544.965,0.000,0.196,0.001,0.060,1.981,train_batch,2544.965,29057,0,0,0,0
2026-05-06 04:41:06,run_1778011901552,98,49,14650,v3,12,11,0,660.225,0.105,4.993,4.823,106.290,0.121,0.051,0.070,0.064,1.115,542.303,0.000,0.057,0.085,0.015,0.134,train_batch,542.303,6256,0,0,0,0
2026-05-06 04:41:58,run_1778011901552,98,74,14675,v3,55,56,0,3086.551,0.673,25.287,23.934,463.796,1.791,0.342,2.246,0.200,5.109,2560.870,0.000,0.249,0.001,0.058,1.995,train_batch,2560.870,30991,0,0,0,0
2026-05-06 04:42:47,run_1778011901552,98,99,14700,v3,15,14,0,866.681,0.139,6.209,5.802,122.394,0.157,0.075,0.122,0.069,1.334,729.921,0.000,0.066,0.177,0.019,0.198,train_batch,729.921,8458,0,0,0,0
2026-05-06 04:43:37,run_1778011901552,98,124,14725,v3,27,27,0,1496.983,0.270,11.359,10.574,213.439,0.451,0.163,0.491,0.123,2.573,1256.873,0.000,0.103,0.001,0.030,0.535,train_batch,1256.873,14174,0,0,0,0
2026-05-06 04:44:30,run_1778011901552,98,149,14750,v3,55,58,0,3090.115,0.716,26.123,24.956,476.372,1.713,0.362,2.353,0.211,5.107,2549.862,0.000,0.203,0.163,0.058,1.915,train_batch,2549.862,28372,0,1,0,0
2026-05-06 04:45:12,run_1778011901552,99,24,14775,v3,55,55,1,3044.032,0.680,25.052,23.780,444.694,1.644,0.338,2.379,0.225,5.042,2538.075,0.000,0.211,0.001,0.057,1.855,train_batch,2538.075,30201,0,0,0,0
2026-05-06 04:46:04,run_1778011901552,99,49,14800,v3,55,56,0,3059.411,0.696,25.293,24.323,435.503,1.712,0.313,33.587,0.223,5.511,2529.972,0.000,0.215,0.099,0.057,1.908,train_batch,2529.972,29276,0,0,0,0
2026-05-06 04:47:00,run_1778011901552,99,74,14825,v3,9,8,0,628.907,0.074,3.434,3.359,73.327,0.059,0.037,0.036,0.034,0.803,547.575,0.000,0.057,0.001,0.019,0.091,train_batch,547.575,5690,0,1,0,0
2026-05-06 04:47:39,run_1778011901552,99,99,14850,v3,10,9,0,635.430,0.087,4.114,3.891,80.359,0.082,0.054,0.055,0.017,0.959,545.546,0.000,0.063,0.093,0.013,0.097,train_batch,545.546,5253,0,0,0,0
2026-05-06 04:48:22,run_1778011901552,99,124,14875,v3,23,22,0,1521.573,0.244,10.966,11.240,295.109,0.336,0.175,0.318,0.083,2.889,1199.675,0.000,0.100,0.001,0.025,0.414,train_batch,1199.675,12481,0,0,0,0
2026-05-06 04:49:06,run_1778011901552,99,149,14900,v3,37,36,1,2475.595,0.418,19.497,17.951,412.972,0.901,0.277,0.929,0.156,4.992,2016.226,0.000,0.128,0.086,0.051,1.012,train_batch,2016.226,21453,0,0,0,0
2026-05-06 04:50:02,run_1778011901552,100,24,14925,v3,21,20,0,1594.169,0.213,12.122,10.561,265.536,0.283,0.133,0.246,0.088,2.812,1301.686,0.000,0.095,0.001,0.030,0.362,train_batch,1301.686,12131,0,0,0,0
2026-05-06 04:50:43,run_1778011901552,100,49,14950,v3,17,18,0,1075.349,0.154,7.313,6.894,147.993,0.206,0.102,0.164,0.053,1.618,910.310,0.000,0.085,0.162,0.028,0.268,train_batch,910.310,9760,0,0,0,0
2026-05-06 04:51:34,run_1778011901552,100,74,14975,v3,41,42,0,2401.326,0.451,18.550,17.577,361.350,0.955,0.253,1.055,0.145,3.930,1995.726,0.000,0.141,0.001,0.051,1.142,train_batch,1995.726,22056,0,0,0,0
2026-05-06 04:52:20,run_1778011901552,100,99,15000,v3,55,57,0,3086.212,0.716,26.655,24.392,476.445,1.718,0.388,2.022,0.220,5.152,2546.170,0.000,0.187,0.172,0.058,1.917,train_batch,2546.170,29623,0,0,0,0
2026-05-06 04:53:10,run_1778011901552,100,124,15025,v3,55,55,0,3097.411,0.669,25.824,23.847,471.799,1.750,0.359,2.190,0.221,5.163,2563.372,0.000,0.184,0.001,0.057,1.975,train_batch,2563.372,30400,0,1,0,0
2026-05-06 04:53:55,run_1778011901552,100,149,15050,v3,15,14,0,891.004,0.141,6.552,6.275,136.575,0.155,0.084,0.124,0.080,1.441,739.124,0.000,0.077,0.151,0.018,0.207,train_batch,739.124,8141,0,0,0,0
2026-05-06 04:54:41,run_1778011901552,101,24,15075,v3,55,56,1,3082.660,0.706,25.879,23.820,461.820,1.713,0.378,2.456,0.238,5.053,2558.440,0.000,0.187,0.001,0.064,1.905,train_batch,2558.440,28518,0,1,0,0
2026-05-06 04:55:37,run_1778011901552,101,49,15100,v3,9,8,0,632.962,0.078,3.630,3.493,73.531,0.061,0.042,0.039,0.059,0.871,550.905,0.000,0.056,0.082,0.021,0.095,train_batch,550.905,5915,0,0,0,0
2026-05-06 04:56:24,run_1778011901552,101,74,15125,v3,53,53,0,3044.934,0.633,24.092,22.494,441.597,1.705,0.335,2.022,0.203,4.903,2544.800,0.000,0.176,0.001,0.070,1.905,train_batch,2544.800,29315,0,2,0,0
2026-05-06 04:57:05,run_1778011901552,101,99,15150,v3,9,8,0,632.063,0.075,3.447,3.454,76.197,0.058,0.051,0.046,0.015,0.823,547.506,0.000,0.073,0.212,0.024,0.082,train_batch,547.506,5375,0,1,0,0
2026-05-06 04:57:53,run_1778011901552,101,124,15175,v3,55,52,3,3059.561,0.690,25.261,23.620,459.697,1.604,0.387,2.696,0.248,4.776,2538.530,0.000,0.189,0.001,0.052,1.811,train_batch,2538.530,28723,0,1,0,0
2026-05-06 04:58:40,run_1778011901552,101,149,15200,v3,33,32,0,1939.324,0.347,14.563,13.887,265.139,0.616,0.189,0.792,0.124,3.052,1639.641,0.000,0.139,0.084,0.042,0.709,train_batch,1639.641,17789,0,0,0,0
2026-05-06 04:59:32,run_1778011901552,102,24,15225,v3,12,11,0,649.272,0.102,4.724,4.419,98.772,0.096,0.051,0.069,0.062,1.136,539.645,0.000,0.060,0.001,0.013,0.122,train_batch,539.645,6396,0,0,0,0
2026-05-06 05:00:22,run_1778011901552,102,49,15250,v3,28,28,0,1527.122,0.268,12.110,11.445,226.537,0.485,0.146,0.460,0.101,2.588,1272.127,0.000,0.099,0.157,0.030,0.571,train_batch,1272.127,15211,0,0,0,0
2026-05-06 05:01:09,run_1778011901552,102,74,15275,v3,26,25,0,1518.800,0.273,11.137,10.550,222.420,0.430,0.150,0.427,0.089,2.635,1270.090,0.000,0.093,0.001,0.028,0.478,train_batch,1270.090,14330,0,1,0,0
2026-05-06 05:02:03,run_1778011901552,102,99,15300,v3,55,58,0,3087.496,0.698,26.167,24.443,471.063,1.783,0.348,2.584,0.221,5.147,2552.690,0.000,0.206,0.096,0.062,1.987,train_batch,2552.690,28733,0,3,0,0
2026-05-06 05:02:45,run_1778011901552,102,124,15325,v3,55,57,0,3110.590,0.669,25.765,24.361,449.069,1.825,0.336,2.604,0.213,5.669,2597.793,0.000,0.192,0.002,0.065,2.027,train_batch,2597.793,30160,0,2,0,0
2026-05-06 05:03:33,run_1778011901552,102,149,15350,v3,17,17,0,1055.491,0.150,6.974,6.626,138.020,0.200,0.084,0.132,0.052,1.591,901.141,0.000,0.075,0.164,0.029,0.255,train_batch,901.141,10225,0,0,0,0
2026-05-06 05:04:24,run_1778011901552,103,24,15375,v3,24,24,0,1641.729,0.241,11.570,12.387,313.615,0.394,0.160,0.336,0.116,3.183,1299.123,0.000,0.085,0.001,0.027,0.492,train_batch,1299.123,12981,0,0,0,0
2026-05-06 05:05:13,run_1778011901552,103,49,15400,v3,43,43,0,2462.634,0.584,21.636,19.886,392.748,1.230,0.281,1.519,0.194,4.084,2018.689,0.000,0.174,0.164,0.059,1.385,train_batch,2018.689,21894,0,0,0,0
2026-05-06 05:06:06,run_1778011901552,103,74,15425,v3,17,17,0,1081.590,0.160,7.470,7.024,147.681,0.188,0.086,0.156,0.060,1.680,916.753,0.000,0.069,0.001,0.027,0.237,train_batch,916.753,10237,0,0,0,0
2026-05-06 05:06:56,run_1778011901552,103,99,15450,v3,26,25,0,1490.808,0.277,11.344,10.244,206.177,0.405,0.176,0.394,0.162,2.568,1258.181,0.000,0.104,0.082,0.027,0.667,train_batch,1258.181,14793,0,0,0,0
2026-05-06 05:07:56,run_1778011901552,103,124,15475,v3,17,16,0,1367.881,0.166,8.983,8.569,236.213,0.210,0.098,0.169,0.057,2.578,1110.425,0.000,0.083,0.001,0.025,0.304,train_batch,1110.425,10329,0,0,0,0
2026-05-06 05:08:43,run_1778011901552,103,149,15500,v3,44,44,0,2420.880,0.507,20.072,18.412,369.969,1.110,0.292,1.367,0.172,4.336,2002.965,0.000,0.140,0.155,0.045,1.338,train_batch,2002.965,23210,0,0,0,0
2026-05-06 05:09:33,run_1778011901552,104,24,15525,v3,40,40,0,2191.032,0.453,18.234,16.806,327.821,0.935,0.265,1.267,0.202,3.789,1819.972,0.000,0.147,0.001,0.041,1.099,train_batch,1819.972,21058,0,1,0,0
2026-05-06 05:10:24,run_1778011901552,104,49,15550,v3,28,28,0,1855.712,0.310,14.653,15.564,330.921,0.517,0.201,0.555,0.159,4.165,1487.776,0.000,0.106,0.091,0.030,0.665,train_batch,1487.776,14084,0,0,0,0
2026-05-06 05:11:09,run_1778011901552,104,74,15575,v3,13,13,0,840.643,0.113,5.194,4.996,108.984,0.117,0.078,0.107,0.072,1.247,719.466,0.000,0.071,0.001,0.024,0.173,train_batch,719.466,7703,0,0,0,0
2026-05-06 05:12:06,run_1778011901552,104,99,15600,v3,16,15,0,877.457,0.150,6.680,6.321,135.481,0.173,0.082,0.151,0.077,1.555,726.288,0.000,0.072,0.171,0.018,0.239,train_batch,726.288,8365,0,1,0,0
2026-05-06 05:12:57,run_1778011901552,104,124,15625,v3,35,34,0,1947.729,0.380,15.644,14.658,277.876,0.692,0.216,0.782,0.141,3.478,1632.855,0.000,0.118,0.001,0.035,0.854,train_batch,1632.855,18256,0,0,0,0
2026-05-06 05:13:38,run_1778011901552,104,149,15650,v3,11,10,0,638.130,0.096,4.457,4.161,86.528,0.094,0.053,0.075,0.071,1.041,541.146,0.000,0.050,0.211,0.015,0.134,train_batch,541.146,5593,0,0,0,0
2026-05-06 05:14:28,run_1778011901552,105,24,15675,v3,55,57,0,3104.044,0.723,27.109,24.961,486.080,1.755,0.383,2.503,0.247,5.432,2552.549,0.000,0.194,0.002,0.056,2.051,train_batch,2552.549,29376,0,1,0,0
2026-05-06 05:15:17,run_1778011901552,105,49,15700,v3,51,52,0,2823.367,0.637,23.941,22.443,411.628,1.628,0.361,2.191,0.218,5.071,2353.056,0.000,0.161,0.081,0.058,1.894,train_batch,2353.056,25666,0,0,0,0
2026-05-06 05:16:12,run_1778011901552,105,74,15725,v3,49,49,0,2842.510,0.606,23.291,21.767,428.903,1.366,0.329,2.011,0.216,4.747,2357.382,0.000,0.197,0.001,0.060,1.634,train_batch,2357.382,27570,0,0,0,0
2026-05-06 05:16:56,run_1778011901552,105,99,15750,v3,55,50,5,3066.864,0.713,25.628,24.209,461.987,1.503,0.372,2.377,0.236,4.781,2542.851,0.000,0.190,0.180,0.051,1.789,train_batch,2542.851,28618,0,0,0,0
2026-05-06 05:17:45,run_1778011901552,105,124,15775,v3,15,14,0,1149.096,0.154,8.497,8.332,208.400,0.165,0.105,0.147,0.080,2.666,920.218,0.000,0.067,0.001,0.016,0.248,train_batch,920.218,8293,0,0,0,0
2026-05-06 05:18:37,run_1778011901552,105,149,15800,v3,20,19,0,1113.422,0.198,8.894,8.774,175.128,0.250,0.109,0.260,0.096,1.969,917.136,0.000,0.084,0.158,0.021,0.346,train_batch,917.136,10213,0,0,0,0
2026-05-06 05:19:27,run_1778011901552,106,24,15825,v3,9,8,0,643.223,0.086,3.859,3.746,82.781,0.070,0.052,0.055,0.035,0.867,551.486,0.000,0.059,0.001,0.027,0.101,train_batch,551.486,5546,0,0,0,0
2026-05-06 05:20:06,run_1778011901552,106,49,15850,v3,26,25,0,1569.922,0.276,12.346,11.454,236.810,0.430,0.161,0.448,0.111,2.686,1304.341,0.000,0.085,0.167,0.027,0.581,train_batch,1304.341,15168,0,0,0,0
2026-05-06 05:20:54,run_1778011901552,106,74,15875,v3,39,39,0,2171.684,0.445,18.352,16.915,319.525,0.943,0.233,1.102,0.193,3.851,1808.802,0.000,0.139,0.002,0.041,1.142,train_batch,1808.802,21102,0,0,0,0
2026-05-06 05:21:51,run_1778011901552,106,99,15900,v3,52,51,0,3048.219,0.638,26.846,25.756,494.752,1.538,0.387,2.156,0.205,6.705,2459.043,0.000,0.185,0.099,0.059,29.851,train_batch,2459.043,27806,0,0,0,0
2026-05-06 05:22:35,run_1778011901552,106,124,15925,v3,11,10,0,647.757,0.095,4.596,4.309,91.126,0.096,0.058,0.073,0.040,1.106,546.048,0.000,0.054,0.001,0.013,0.144,train_batch,546.048,6019,0,0,0,0
2026-05-06 05:23:25,run_1778011901552,106,149,15950,v3,16,15,0,872.731,0.150,7.043,6.346,129.996,0.178,0.091,0.164,0.084,1.498,726.669,0.000,0.070,0.173,0.019,0.252,train_batch,726.669,8365,0,0,0,0
2026-05-06 05:24:12,run_1778011901552,107,24,15975,v3,14,14,0,867.619,0.132,5.994,5.506,120.785,0.144,0.078,0.141,0.049,1.378,733.122,0.000,0.065,0.001,0.016,0.207,train_batch,733.122,8154,0,0,0,0
2026-05-06 05:25:02,run_1778011901552,107,49,16000,v3,18,17,0,1106.477,0.185,8.122,7.379,159.559,0.209,0.093,0.206,0.104,1.736,928.344,0.000,0.077,0.155,0.020,0.290,train_batch,928.344,10206,0,0,0,0
2026-05-06 05:25:50,run_1778011901552,107,74,16025,v3,31,31,0,1770.715,0.355,13.955,13.390,264.231,0.589,0.170,0.580,0.130,3.059,1473.344,0.000,0.124,0.001,0.032,0.754,train_batch,1473.344,16868,0,0,0,0
2026-05-06 05:26:41,run_1778011901552,107,99,16050,v3,55,56,2,3429.889,0.680,29.141,27.701,596.437,1.755,0.427,2.202,0.236,7.333,2761.622,0.000,0.185,0.092,0.057,2.021,train_batch,2761.622,29551,0,0,0,0
2026-05-06 05:27:20,run_1778011901552,107,124,16075,v3,55,56,0,3311.336,0.693,25.724,24.173,556.523,1.668,0.407,2.039,0.255,7.115,2690.546,0.000,0.193,0.001,0.054,1.946,train_batch,2690.546,27580,0,0,0,0
2026-05-06 05:28:13,run_1778011901552,107,149,16100,v3,55,57,0,3099.761,0.705,26.197,24.751,470.690,1.656,0.367,2.374,0.228,5.434,2564.975,0.000,0.198,0.203,0.060,1.923,train_batch,2564.975,29986,0,0,0,0
2026-05-06 05:28:58,run_1778011901552,108,24,16125,v3,55,56,0,3089.174,0.681,25.321,23.739,458.057,1.719,0.387,2.170,0.234,5.279,2569.318,0.000,0.177,0.001,0.060,2.031,train_batch,2569.318,30841,0,0,0,0
2026-05-06 05:29:45,run_1778011901552,108,49,16150,v3,55,55,1,3395.031,0.700,28.229,26.417,571.161,1.781,0.426,2.502,0.259,6.605,2754.459,0.000,0.182,0.167,0.059,2.085,train_batch,2754.459,29691,0,0,0,0
2026-05-06 05:30:34,run_1778011901552,108,74,16175,v3,35,34,0,1991.998,0.378,16.169,14.985,300.437,0.708,0.197,0.782,0.143,3.383,1653.839,0.000,0.118,0.001,0.035,0.822,train_batch,1653.839,18316,0,0,0,0
2026-05-06 05:31:24,run_1778011901552,108,99,16200,v3,55,58,0,3091.937,0.676,24.892,23.454,454.918,1.815,0.371,2.360,0.212,5.274,2575.492,0.000,0.185,0.174,0.062,2.053,train_batch,2575.492,30073,0,1,0,0
2026-05-06 05:32:06,run_1778011901552,108,124,16225,v3,38,39,0,2158.171,0.412,16.988,15.559,298.922,0.847,0.232,1.031,0.151,3.769,1819.122,0.000,0.149,0.001,0.043,0.945,train_batch,1819.122,20533,0,0,0,0
2026-05-06 05:32:56,run_1778011901552,108,149,16250,v3,9,8,0,628.815,0.077,3.336,3.374,69.910,0.057,0.036,0.041,0.039,0.881,550.748,0.000,0.059,0.154,0.018,0.086,train_batch,550.748,5888,0,0,0,0
2026-05-06 05:33:36,run_1778011901552,109,24,16275,v3,9,9,0,622.036,0.075,3.442,3.417,66.086,0.065,0.042,0.039,0.013,0.843,547.848,0.000,0.058,0.001,0.020,0.088,train_batch,547.848,5856,0,1,0,0
2026-05-06 05:34:22,run_1778011901552,109,49,16300,v3,51,52,0,2876.406,0.598,23.214,21.892,434.700,1.379,0.291,1.491,0.194,4.853,2385.851,0.000,0.182,0.157,0.051,1.552,train_batch,2385.851,26358,0,0,0,0
2026-05-06 05:35:14,run_1778011901552,109,74,16325,v3,55,54,2,3164.931,0.863,28.496,25.941,487.619,2.039,0.386,2.247,0.292,5.286,2609.116,0.000,0.287,0.001,0.078,2.281,train_batch,2609.116,27510,0,0,0,0
2026-05-06 05:36:04,run_1778011901552,109,99,16350,v3,19,19,0,1064.866,0.177,8.514,7.693,138.823,0.267,0.092,0.192,0.076,1.883,906.646,0.000,0.076,0.087,0.023,0.318,train_batch,906.646,10170,0,0,0,0
2026-05-06 05:36:50,run_1778011901552,109,124,16375,v3,43,42,0,2428.727,0.495,20.207,18.200,363.803,0.998,0.244,1.448,0.177,4.137,2017.647,0.000,0.162,0.001,0.041,1.167,train_batch,2017.647,21477,0,1,0,0
2026-05-06 05:37:38,run_1778011901552,109,149,16400,v3,51,47,3,2870.324,0.604,23.909,21.780,425.495,1.277,0.303,1.837,0.218,4.708,2388.312,0.000,0.194,0.176,0.047,1.465,train_batch,2388.312,23893,0,0,0,0
2026-05-06 05:38:25,run_1778011901552,110,24,16425,v3,55,55,0,3046.500,0.672,26.054,23.800,432.665,1.683,0.329,2.480,0.219,5.540,2550.937,0.000,0.205,0.001,0.059,1.856,train_batch,2550.937,24948,0,2,0,0
2026-05-06 05:39:17,run_1778011901552,110,49,16450,v3,17,16,0,1103.845,0.162,7.612,7.334,154.985,0.187,0.073,0.136,0.083,1.800,930.958,0.000,0.081,0.153,0.025,0.255,train_batch,930.958,9361,0,1,0,0
2026-05-06 05:40:01,run_1778011901552,110,74,16475,v3,11,10,0,670.350,0.096,4.688,4.325,100.713,0.088,0.058,0.067,0.039,1.144,558.945,0.000,0.059,0.001,0.013,0.116,train_batch,558.945,5108,0,1,0,0
2026-05-06 05:40:53,run_1778011901552,110,99,16500,v3,28,26,1,1541.025,0.297,12.426,11.579,230.770,0.460,0.159,0.533,0.094,2.642,1281.315,0.000,0.102,0.082,0.030,0.537,train_batch,1281.315,11534,0,0,0,0
2026-05-06 05:41:38,run_1778011901552,110,124,16525,v3,55,57,0,3114.892,0.686,26.024,24.422,468.778,1.729,0.353,2.383,0.226,5.508,2582.608,0.000,0.178,0.001,0.056,1.938,train_batch,2582.608,28183,0,0,0,0
2026-05-06 05:42:22,run_1778011901552,110,149,16550,v3,26,25,0,1534.204,0.285,11.835,11.181,223.165,0.433,0.149,0.438,0.085,2.629,1283.223,0.000,0.105,0.174,0.028,0.474,train_batch,1283.223,13115,0,0,0,0
2026-05-06 05:43:06,run_1778011901552,111,24,16575,v3,21,21,0,1300.200,0.203,9.456,8.749,175.935,0.298,0.106,0.247,0.080,2.151,1102.504,0.000,0.096,0.001,0.032,0.341,train_batch,1102.504,10902,0,0,0,0
2026-05-06 05:43:55,run_1778011901552,111,49,16600,v3,8,7,0,438.563,0.069,3.026,2.913,64.945,0.048,0.037,0.033,0.012,0.748,366.454,0.000,0.047,0.154,0.010,0.068,train_batch,366.454,3624,0,2,0,0
2026-05-06 05:44:50,run_1778011901552,111,74,16625,v3,24,24,0,1315.890,0.241,10.527,9.765,195.167,0.349,0.125,0.304,0.105,2.358,1096.416,0.000,0.092,0.001,0.026,0.415,train_batch,1096.416,12079,0,0,0,0
2026-05-06 05:45:46,run_1778011901552,111,99,16650,v3,55,56,0,3088.254,0.703,26.155,24.420,448.943,1.670,0.337,2.568,0.221,5.865,2575.079,0.000,0.208,0.089,0.058,1.937,train_batch,2575.079,29359,0,0,0,0
2026-05-06 05:46:42,run_1778011901552,111,124,16675,v3,36,35,0,2003.534,0.391,16.638,15.395,308.099,0.763,0.185,0.793,0.143,3.492,1656.612,0.000,0.132,0.002,0.038,0.851,train_batch,1656.612,19115,0,2,0,0
2026-05-06 05:47:29,run_1778011901552,111,149,16700,v3,20,19,0,1112.857,0.197,8.530,7.958,169.106,0.265,0.100,0.203,0.094,2.058,923.786,0.000,0.071,0.153,0.023,0.315,train_batch,923.786,10988,0,0,0,0
2026-05-06 05:48:28,run_1778011901552,112,24,16725,v3,51,50,0,2873.934,0.630,24.242,22.903,432.642,1.447,0.312,2.064,0.224,5.229,2382.343,0.000,0.172,0.001,0.053,1.672,train_batch,2382.343,26958,0,0,0,0
2026-05-06 05:49:17,run_1778011901552,112,49,16750,v3,11,10,0,650.895,0.098,4.606,4.174,91.841,0.087,0.043,0.060,0.043,1.087,548.585,0.000,0.057,0.085,0.013,0.116,train_batch,548.585,5960,0,0,0,0
2026-05-06 05:50:00,run_1778011901552,112,74,16775,v3,15,15,0,869.354,0.136,6.098,5.760,118.014,0.167,0.074,0.117,0.046,1.471,737.176,0.000,0.061,0.001,0.018,0.216,train_batch,737.176,8358,0,0,0,0
2026-05-06 05:50:48,run_1778011901552,112,99,16800,v3,10,9,0,648.081,0.091,4.687,3.756,86.515,0.084,0.047,0.045,0.046,0.981,551.485,0.000,0.050,0.168,0.013,0.112,train_batch,551.485,6331,0,0,0,0
2026-05-06 05:51:44,run_1778011901552,112,124,16825,v3,55,57,0,3094.460,0.706,26.746,24.144,467.385,1.713,0.344,2.521,0.243,5.611,2562.842,0.000,0.196,0.001,0.056,1.952,train_batch,2562.842,28514,0,1,0,0
2026-05-06 05:52:30,run_1778011901552,112,149,16850,v3,14,13,0,873.257,0.132,6.274,5.677,123.116,0.136,0.059,0.096,0.045,1.621,735.689,0.000,0.066,0.153,0.016,0.177,train_batch,735.689,7726,0,0,0,0
2026-05-06 05:53:23,run_1778011901552,113,24,16875,v3,55,55,0,3082.653,0.671,27.311,24.491,469.563,1.636,0.334,2.260,0.205,5.684,2548.455,0.000,0.200,0.001,0.054,1.788,train_batch,2548.455,30293,0,0,0,0
2026-05-06 05:54:13,run_1778011901552,113,49,16900,v3,26,27,0,1540.581,0.263,11.806,10.511,224.411,0.472,0.160,0.412,0.108,2.652,1288.931,0.000,0.101,0.171,0.030,0.553,train_batch,1288.931,13919,0,0,0,0
2026-05-06 05:55:06,run_1778011901552,113,74,16925,v3,36,35,0,2045.112,0.391,17.553,16.301,335.003,0.764,0.200,0.809,0.155,3.679,1669.184,0.000,0.129,0.001,0.039,0.905,train_batch,1669.184,19386,0,0,0,0
2026-05-06 05:56:00,run_1778011901552,113,99,16950,v3,55,56,0,3135.618,0.691,26.236,25.119,474.959,1.676,0.346,2.242,0.219,5.562,2596.233,0.000,0.201,0.169,0.056,1.908,train_batch,2596.233,28454,0,0,0,0
2026-05-06 05:56:45,run_1778011901552,113,124,16975,v3,22,20,1,1312.969,0.210,9.652,9.038,186.224,0.299,0.117,0.240,0.095,2.170,1104.436,0.000,0.084,0.001,0.022,0.382,train_batch,1104.436,11588,0,0,0,0
2026-05-06 05:57:46,run_1778011901552,113,149,17000,v3,7,6,0,431.418,0.058,2.740,2.534,56.545,0.040,0.039,0.025,0.011,0.697,368.442,0.000,0.047,0.173,0.011,0.059,train_batch,368.442,3693,0,0,0,0
2026-05-06 05:58:41,run_1778011901552,114,24,17025,v3,16,16,0,890.347,0.145,6.807,6.369,142.304,0.186,0.086,0.142,0.082,1.578,732.321,0.000,0.069,0.001,0.019,0.239,train_batch,732.321,7685,0,0,0,0
2026-05-06 05:59:25,run_1778011901552,114,49,17050,v3,11,10,0,643.044,0.099,4.567,4.220,87.979,0.089,0.046,0.064,0.038,1.146,544.523,0.000,0.060,0.083,0.014,0.116,train_batch,544.523,5492,0,0,0,0
2026-05-06 06:00:16,run_1778011901552,114,74,17075,v3,53,55,0,3083.378,0.660,24.662,22.959,447.973,1.662,0.331,1.905,0.234,5.410,2575.421,0.000,0.198,0.001,0.065,1.898,train_batch,2575.421,26168,0,2,0,0
2026-05-06 06:01:11,run_1778011901552,114,99,17100,v3,17,14,2,1070.345,0.149,7.116,6.689,137.660,0.169,0.078,0.110,0.065,1.495,916.272,0.000,0.080,0.211,0.025,0.227,train_batch,916.272,9521,0,0,0,0
2026-05-06 06:02:02,run_1778011901552,114,124,17125,v3,55,57,0,3120.044,0.678,25.719,24.094,478.716,1.628,0.334,2.158,0.196,5.606,2578.830,0.000,0.199,0.001,0.056,1.830,train_batch,2578.830,29320,0,3,0,0
2026-05-06 06:02:54,run_1778011901552,114,149,17150,v3,42,45,0,2647.851,0.498,22.097,20.246,419.425,1.252,0.328,1.352,0.168,5.245,2175.474,0.000,0.140,0.157,0.054,1.416,train_batch,2175.474,21961,0,0,0,0
2026-05-06 06:03:45,run_1778011901552,115,24,17175,v3,11,10,0,661.454,0.101,4.450,4.108,95.825,0.088,0.052,0.068,0.018,1.102,555.462,0.000,0.062,0.001,0.012,0.107,train_batch,555.462,5390,0,0,0,0
2026-05-06 06:04:38,run_1778011901552,115,49,17200,v3,55,55,2,3114.235,0.679,25.940,24.129,467.540,1.705,0.381,2.628,0.234,5.405,2583.226,0.000,0.186,0.170,0.056,1.958,train_batch,2583.226,28598,0,1,0,0
2026-05-06 06:05:26,run_1778011901552,115,74,17225,v3,22,21,0,1326.437,0.301,10.955,10.341,198.433,0.431,0.140,0.294,0.199,2.316,1102.407,0.000,0.142,0.001,0.026,0.452,train_batch,1102.407,12176,0,0,0,0
2026-05-06 06:06:16,run_1778011901552,115,99,17250,v3,25,24,0,1540.436,0.266,11.900,11.094,217.774,0.366,0.122,0.347,0.131,2.560,1295.135,0.000,0.106,0.162,0.033,0.441,train_batch,1295.135,13833,0,0,0,0
2026-05-06 06:07:07,run_1778011901552,115,124,17275,v3,28,28,0,1553.539,0.300,12.844,11.567,238.152,0.485,0.167,0.515,0.164,2.858,1285.789,0.000,0.103,0.001,0.032,0.562,train_batch,1285.789,14357,0,0,0,0
2026-05-06 06:07:54,run_1778011901552,115,149,17300,v3,55,54,0,3121.439,0.697,26.637,24.373,472.451,1.625,0.333,2.031,0.241,5.970,2584.966,0.000,0.195,0.086,0.054,1.781,train_batch,2584.966,28915,0,0,0,0
2026-05-06 06:08:39,run_1778011901552,116,24,17325,v3,24,24,0,1324.471,0.228,11.273,10.194,196.467,0.375,0.121,0.355,0.101,2.428,1102.373,0.000,0.091,0.001,0.026,0.437,train_batch,1102.373,13314,0,0,0,0
2026-05-06 06:09:25,run_1778011901552,116,49,17350,v3,31,30,0,1750.308,0.352,14.342,12.826,254.202,0.542,0.163,0.662,0.166,3.186,1463.026,0.000,0.109,0.085,0.032,0.615,train_batch,1463.026,16302,0,0,0,0
2026-05-06 06:10:03,run_1778011901552,116,74,17375,v3,36,36,0,2078.652,0.407,18.140,16.519,338.272,0.742,0.210,0.837,0.154,3.929,1698.403,0.000,0.129,0.001,0.035,0.873,train_batch,1698.403,18997,0,1,0,0
2026-05-06 06:10:52,run_1778011901552,116,99,17400,v3,55,58,0,3135.111,0.726,26.844,24.818,479.162,1.700,0.397,2.542,0.247,5.683,2590.649,0.000,0.190,0.172,0.059,1.923,train_batch,2590.649,27952,0,0,0,0
2026-05-06 06:11:41,run_1778011901552,116,124,17425,v3,35,34,0,2255.679,0.393,17.625,17.022,368.402,0.725,0.253,0.818,0.156,4.811,1844.450,0.000,0.119,0.002,0.034,0.870,train_batch,1844.450,19370,0,0,0,0
2026-05-06 06:12:34,run_1778011901552,116,149,17450,v3,20,19,0,1106.004,0.190,8.662,8.009,170.114,0.248,0.106,0.232,0.110,2.054,915.711,0.000,0.088,0.157,0.022,0.303,train_batch,915.711,9448,0,1,0,0
2026-05-06 06:13:38,run_1778011901552,117,24,17475,v3,28,28,0,1558.974,0.288,12.814,11.934,246.217,0.471,0.145,0.448,0.103,2.897,1282.932,0.000,0.105,0.001,0.030,0.591,train_batch,1282.932,15050,0,0,0,0
2026-05-06 06:14:36,run_1778011901552,117,49,17500,v3,36,38,0,2012.718,0.392,16.688,15.870,318.666,0.802,0.229,0.945,0.172,3.708,1653.988,0.000,0.123,0.153,0.040,0.941,train_batch,1653.988,19349,0,0,0,0
2026-05-06 06:15:21,run_1778011901552,117,74,17525,v3,36,36,0,2169.741,0.405,18.183,17.578,349.907,0.781,0.205,0.731,0.155,4.907,1775.822,0.000,0.127,0.001,0.037,0.903,train_batch,1775.822,18771,0,0,0,0
2026-05-06 06:16:09,run_1778011901552,117,99,17550,v3,29,29,0,1994.685,0.317,15.003,14.373,353.192,0.587,0.242,0.608,0.144,4.416,1604.750,0.000,0.116,0.160,0.044,0.733,train_batch,1604.750,15886,0,0,0,0
2026-05-06 06:16:59,run_1778011901552,117,124,17575,v3,46,44,1,2663.787,0.568,22.589,20.805,389.977,1.296,0.272,1.731,0.252,4.637,2219.982,0.000,0.158,0.001,0.063,1.456,train_batch,2219.982,25661,0,0,0,0
2026-05-06 06:17:47,run_1778011901552,117,149,17600,v3,55,56,2,3077.507,0.659,26.067,23.491,450.077,1.703,0.353,2.019,0.211,5.419,2565.180,0.000,0.193,0.177,0.058,1.899,train_batch,2565.180,30246,0,0,0,0
2026-05-06 06:18:39,run_1778011901552,118,24,17625,v3,8,7,0,457.851,0.068,3.349,3.281,78.321,0.050,0.039,0.034,0.014,0.818,371.739,0.000,0.055,0.001,0.011,0.072,train_batch,371.739,3675,0,0,0,0
2026-05-06 06:19:25,run_1778011901552,118,49,17650,v3,41,40,0,2406.041,0.460,18.876,17.313,346.627,0.935,0.240,1.262,0.181,4.270,2014.432,0.000,0.159,0.161,0.051,1.075,train_batch,2014.432,22608,0,1,0,0
2026-05-06 06:20:19,run_1778011901552,118,74,17675,v3,26,25,0,1567.832,0.287,12.160,10.972,231.640,0.437,0.151,0.360,0.106,2.771,1308.264,0.000,0.097,0.002,0.029,0.557,train_batch,1308.264,15175,0,1,0,0
2026-05-06 06:21:06,run_1778011901552,118,99,17700,v3,13,12,0,855.682,0.120,5.539,4.994,110.811,0.114,0.062,0.077,0.075,1.342,732.159,0.000,0.068,0.153,0.023,0.148,train_batch,732.159,7553,0,0,0,0
2026-05-06 06:21:57,run_1778011901552,118,124,17725,v3,55,55,1,3334.046,0.674,27.813,25.836,539.604,1.670,0.392,2.462,0.237,6.481,2726.731,0.000,0.189,0.001,0.056,1.900,train_batch,2726.731,29595,0,1,0,0
2026-05-06 06:22:49,run_1778011901552,118,149,17750,v3,55,54,1,3115.384,0.685,26.647,24.249,466.769,1.648,0.346,2.071,0.232,5.611,2584.879,0.000,0.186,0.176,0.055,1.830,train_batch,2584.879,30453,0,0,0,0
2026-05-06 06:23:41,run_1778011901552,119,24,17775,v3,28,27,0,1570.731,0.293,13.200,11.740,244.975,0.442,0.147,0.430,0.151,2.955,1295.763,0.000,0.102,0.001,0.028,0.504,train_batch,1295.763,15319,0,0,0,0
2026-05-06 06:24:28,run_1778011901552,119,49,17800,v3,38,39,0,2219.179,0.415,17.946,16.568,334.159,0.836,0.231,0.872,0.142,3.950,1842.759,0.000,0.116,0.172,0.041,0.972,train_batch,1842.759,20897,0,0,0,0
2026-05-06 06:25:21,run_1778011901552,119,74,17825,v3,55,56,0,3115.183,0.729,26.987,24.576,481.927,1.791,0.370,2.641,0.225,5.789,2567.766,0.000,0.255,0.001,0.061,2.068,train_batch,2567.766,29929,0,1,0,0
2026-05-06 06:26:14,run_1778011901552,119,99,17850,v3,27,26,0,1544.990,0.275,12.085,11.264,225.813,0.442,0.137,0.378,0.114,2.806,1290.848,0.000,0.103,0.154,0.030,0.543,train_batch,1290.848,15472,0,2,0,0
2026-05-06 06:26:55,run_1778011901552,119,124,17875,v3,41,41,0,2439.364,0.476,19.337,17.991,356.533,1.000,0.253,0.944,0.156,4.206,2037.111,0.000,0.151,0.001,0.053,1.150,train_batch,2037.111,23299,0,1,0,0
2026-05-06 06:27:42,run_1778011901552,119,149,17900,v3,14,13,0,892.307,0.130,6.449,5.938,133.134,0.137,0.074,0.095,0.085,1.439,744.382,0.000,0.080,0.169,0.016,0.181,train_batch,744.382,8392,0,0,0,0
2026-05-06 06:28:36,run_1778011901552,120,24,17925,v3,13,12,0,863.440,0.114,5.580,5.100,114.838,0.115,0.057,0.082,0.046,1.331,735.925,0.000,0.070,0.001,0.021,0.161,train_batch,735.925,8026,0,0,0,0
2026-05-06 06:29:22,run_1778011901552,120,49,17950,v3,55,55,0,3126.061,0.726,26.485,25.031,483.376,1.595,0.394,3.026,0.341,5.681,2577.163,0.000,0.214,0.179,0.058,1.794,train_batch,2577.163,29059,0,0,0,0
2026-05-06 06:30:09,run_1778011901552,120,74,17975,v3,10,9,0,640.057,0.088,4.130,3.791,82.672,0.077,0.043,0.049,0.037,1.009,547.992,0.000,0.058,0.001,0.012,0.099,train_batch,547.992,5631,0,0,0,0
2026-05-06 06:30:56,run_1778011901552,120,99,18000,v3,55,52,4,3094.255,0.681,25.803,23.689,459.786,1.614,0.352,2.466,0.214,5.273,2572.146,0.000,0.173,0.169,0.054,1.836,train_batch,2572.146,30135,0,0,0,0
2026-05-06 06:31:54,run_1778011901552,120,124,18025,v3,49,51,0,2889.633,0.598,23.520,22.310,435.425,1.413,0.306,1.788,0.206,5.088,2397.156,0.000,0.157,0.001,0.059,1.608,train_batch,2397.156,27303,0,3,0,0
2026-05-06 06:32:53,run_1778011901552,120,149,18050,v3,55,53,3,3117.947,0.680,26.474,24.562,472.320,1.645,0.357,2.320,0.201,5.446,2581.677,0.000,0.185,0.172,0.056,1.852,train_batch,2581.677,28839,0,1,0,0
2026-05-06 06:33:48,run_1778011901552,121,24,18075,v3,55,58,0,3111.326,0.710,26.935,24.820,470.246,1.778,0.357,2.513,0.232,5.777,2575.706,0.000,0.184,0.001,0.062,2.006,train_batch,2575.706,29474,0,2,0,0
2026-05-06 06:34:43,run_1778011901552,121,49,18100,v3,27,28,0,1552.766,0.276,12.057,11.078,234.890,0.460,0.175,0.434,0.109,2.746,1289.696,0.000,0.099,0.175,0.030,0.542,train_batch,1289.696,14105,0,1,0,0
2026-05-06 06:35:35,run_1778011901552,121,74,18125,v3,29,28,0,1763.446,0.328,13.956,12.560,254.355,0.515,0.171,0.581,0.100,3.041,1477.052,0.000,0.125,0.001,0.040,0.621,train_batch,1477.052,15587,0,1,0,0
2026-05-06 06:36:21,run_1778011901552,121,99,18150,v3,29,28,0,1772.337,0.322,13.761,12.568,263.338,0.519,0.180,0.517,0.117,3.072,1476.986,0.000,0.114,0.175,0.041,0.627,train_batch,1476.986,15970,0,0,0,0
2026-05-06 06:37:23,run_1778011901552,121,124,18175,v3,8,7,0,445.571,0.069,3.308,2.988,69.888,0.049,0.032,0.032,0.037,0.840,368.199,0.000,0.049,0.001,0.010,0.071,train_batch,368.199,3718,0,0,0,0
2026-05-06 06:38:17,run_1778011901552,121,149,18200,v3,37,28,8,2197.632,0.396,17.663,16.365,318.690,0.730,0.229,0.801,0.144,3.057,1838.373,0.000,0.120,0.178,0.037,0.849,train_batch,1838.373,18405,0,0,0,0
2026-05-06 06:39:11,run_1778011901552,122,24,18225,v3,9,8,0,463.225,0.079,3.719,3.207,81.628,0.056,0.047,0.043,0.037,0.862,373.364,0.000,0.053,0.001,0.013,0.115,train_batch,373.364,3657,0,1,0,0
2026-05-06 06:40:06,run_1778011901552,122,49,18250,v3,12,11,0,663.675,0.108,5.136,4.656,99.189,0.099,0.047,0.069,0.024,1.222,552.764,0.000,0.064,0.155,0.014,0.128,train_batch,552.764,6120,0,0,0,0
2026-05-06 06:40:59,run_1778011901552,122,74,18275,v3,9,9,0,639.344,0.083,3.743,3.558,79.239,0.061,0.038,0.040,0.013,0.928,551.478,0.000,0.062,0.001,0.018,0.083,train_batch,551.478,5581,0,0,0,0
2026-05-06 06:41:50,run_1778011901552,122,99,18300,v3,6,5,0,425.819,0.054,2.359,2.118,51.007,0.034,0.025,0.018,0.008,0.611,369.452,0.000,0.002,0.079,0.009,0.044,train_batch,369.452,3745,0,0,0,0
2026-05-06 06:42:45,run_1778011901552,122,124,18325,v3,7,6,0,427.424,0.062,2.637,2.397,54.674,0.043,0.030,0.025,0.034,0.748,366.653,0.000,0.049,0.001,0.009,0.062,train_batch,366.653,3541,0,0,0,0
2026-05-06 06:43:42,run_1778011901552,122,149,18350,v3,48,47,0,2659.250,0.570,22.196,19.935,398.088,1.273,0.285,1.661,0.189,5.071,2208.171,0.000,0.172,0.157,0.053,1.429,train_batch,2208.171,25094,0,1,0,0
2026-05-06 06:44:35,run_1778011901552,123,24,18375,v3,55,56,0,3106.049,0.663,25.907,23.964,480.627,1.657,0.344,2.065,0.196,5.983,2562.510,0.000,0.225,0.001,0.055,1.852,train_batch,2562.510,29219,0,0,0,0
2026-05-06 06:45:24,run_1778011901552,123,49,18400,v3,55,55,0,3124.908,0.669,26.173,24.525,474.338,1.620,0.350,2.262,0.260,5.747,2586.714,0.000,0.202,0.161,0.064,1.823,train_batch,2586.714,29930,0,0,0,0
2026-05-06 06:46:13,run_1778011901552,123,74,18425,v3,17,16,0,904.713,0.160,7.981,6.979,153.987,0.191,0.072,0.143,0.078,1.671,733.066,0.000,0.086,0.001,0.025,0.276,train_batch,733.066,7695,0,1,0,0
2026-05-06 06:47:04,run_1778011901552,123,99,18450,v3,43,44,0,2426.902,0.509,19.738,18.330,360.609,1.049,0.273,1.455,0.195,4.496,2018.665,0.000,0.149,0.175,0.046,1.214,train_batch,2018.665,23578,0,1,0,0
2026-05-06 06:48:07,run_1778011901552,123,124,18475,v3,26,25,0,1536.310,0.270,11.755,10.964,223.810,0.398,0.146,0.348,0.124,2.754,1285.161,0.000,0.100,0.001,0.026,0.455,train_batch,1285.161,14246,0,0,0,0
2026-05-06 06:48:50,run_1778011901552,123,149,18500,v3,27,27,0,1531.105,0.272,11.854,11.038,214.183,0.481,0.140,0.370,0.116,2.831,1288.961,0.000,0.098,0.171,0.030,0.559,train_batch,1288.961,14341,0,0,0,0
2026-05-06 06:49:44,run_1778011901552,124,24,18525,v3,7,6,0,427.224,0.058,2.844,2.650,54.777,0.040,0.022,0.025,0.012,0.760,365.911,0.000,0.056,0.001,0.009,0.060,train_batch,365.911,3585,0,0,0,0
2026-05-06 06:50:43,run_1778011901552,124,49,18550,v3,55,58,1,3208.470,0.966,30.624,27.250,515.380,2.105,0.527,2.832,0.305,5.911,2619.837,0.000,0.176,0.171,0.059,2.327,train_batch,2619.837,29462,0,2,0,0
2026-05-06 06:51:39,run_1778011901552,124,74,18575,v3,10,9,0,646.188,0.086,4.309,3.766,87.742,0.079,0.049,0.050,0.037,1.042,548.859,0.000,0.054,0.001,0.012,0.103,train_batch,548.859,6305,0,0,0,0
2026-05-06 06:52:36,run_1778011901552,124,99,18600,v3,35,34,0,1989.237,0.378,16.202,14.704,299.708,0.709,0.207,0.904,0.178,3.669,1651.433,0.000,0.120,0.170,0.036,0.819,train_batch,1651.433,19035,0,1,0,0
2026-05-06 06:53:30,run_1778011901552,124,124,18625,v3,14,13,0,894.020,0.130,6.730,5.927,134.657,0.142,0.068,0.096,0.078,1.465,744.460,0.000,0.069,0.001,0.015,0.182,train_batch,744.460,8162,0,0,0,0
2026-05-06 06:54:20,run_1778011901552,124,149,18650,v3,55,56,0,3116.837,0.704,27.097,24.590,469.385,1.713,0.338,2.200,0.205,5.793,2582.452,0.000,0.196,0.167,0.059,1.938,train_batch,2582.452,29582,0,0,0,0
2026-05-06 06:55:07,run_1778011901552,125,24,18675,v3,15,14,0,888.721,0.137,6.754,6.133,132.119,0.167,0.075,0.115,0.073,1.610,741.248,0.000,0.075,0.001,0.017,0.197,train_batch,741.248,8159,0,0,0,0
2026-05-06 06:55:59,run_1778011901552,125,49,18700,v3,52,52,0,2908.352,0.638,25.472,23.264,453.480,1.591,0.323,2.032,0.193,5.839,2393.274,0.000,0.199,0.220,0.053,1.775,train_batch,2393.274,26928,0,0,0,0
2026-05-06 06:56:59,run_1778011901552,125,74,18725,v3,55,56,0,3093.368,0.705,26.624,24.864,463.636,1.803,0.355,2.242,0.220,5.933,2564.672,0.000,0.188,0.001,0.069,2.058,train_batch,2564.672,28045,0,1,0,0
2026-05-06 06:57:53,run_1778011901552,125,99,18750,v3,19,18,0,1105.249,0.182,8.310,7.443,159.370,0.224,0.091,0.181,0.081,1.961,926.858,0.000,0.075,0.175,0.021,0.278,train_batch,926.858,10553,0,0,0,0
2026-05-06 06:58:39,run_1778011901552,125,124,18775,v3,17,17,0,1088.604,0.156,7.266,6.752,147.471,0.198,0.091,0.146,0.079,1.808,924.265,0.000,0.076,0.001,0.029,0.266,train_batch,924.265,10782,0,1,0,0
2026-05-06 06:59:38,run_1778011901552,125,149,18800,v3,36,36,0,2033.777,0.399,16.799,15.700,323.292,0.757,0.202,0.874,0.150,3.861,1670.472,0.000,0.141,0.170,0.038,0.923,train_batch,1670.472,18678,0,0,0,0
2026-05-06 07:00:27,run_1778011901552,126,24,18825,v3,26,25,0,1542.826,0.271,11.898,10.901,222.553,0.411,0.133,0.330,0.119,2.756,1292.827,0.000,0.091,0.001,0.026,0.508,train_batch,1292.827,15110,0,0,0,0
2026-05-06 07:01:23,run_1778011901552,126,49,18850,v3,8,7,0,441.269,0.067,3.195,2.962,68.492,0.050,0.033,0.032,0.034,0.841,365.281,0.000,0.051,0.154,0.010,0.069,train_batch,365.281,3768,0,0,0,0
2026-05-06 07:02:09,run_1778011901552,126,74,18875,v3,17,16,0,1080.483,0.156,7.287,6.959,148.287,0.183,0.091,0.157,0.089,1.826,915.098,0.000,0.084,0.001,0.026,0.240,train_batch,915.098,9309,0,1,0,0
2026-05-06 07:03:03,run_1778011901552,126,99,18900,v3,10,9,0,647.776,0.095,4.352,4.283,85.781,0.079,0.046,0.048,0.037,1.312,551.375,0.000,0.060,0.174,0.013,0.122,train_batch,551.375,5918,0,0,0,0
2026-05-06 07:04:00,run_1778011901552,126,124,18925,v3,39,40,0,2212.132,0.442,18.209,16.493,333.831,0.940,0.216,0.977,0.174,4.204,1835.383,0.000,0.145,0.001,0.043,1.073,train_batch,1835.383,21338,0,0,0,0
2026-05-06 07:05:00,run_1778011901552,126,149,18950,v3,19,18,0,1103.800,0.196,8.493,7.722,161.485,0.225,0.101,0.188,0.067,2.021,922.775,0.000,0.076,0.161,0.020,0.271,train_batch,922.775,10355,0,0,0,0
2026-05-06 07:05:55,run_1778011901552,127,24,18975,v3,48,48,2,2671.866,0.576,23.135,21.073,416.630,1.328,0.302,1.528,0.222,5.222,2200.110,0.000,0.154,0.001,0.049,1.535,train_batch,2200.110,27413,0,0,0,0
2026-05-06 07:06:47,run_1778011901552,127,49,19000,v3,7,6,0,439.164,0.061,3.041,2.566,60.807,0.043,0.038,0.026,0.034,0.742,371.508,0.000,0.055,0.170,0.010,0.065,train_batch,371.508,3818,0,0,0,0
2026-05-06 07:07:46,run_1778011901552,127,74,19025,v3,19,18,0,1092.098,0.188,8.569,7.532,157.101,0.230,0.087,0.168,0.098,2.000,915.755,0.000,0.073,0.001,0.020,0.277,train_batch,915.755,10581,0,0,0,0
2026-05-06 07:08:41,run_1778011901552,127,99,19050,v3,12,11,0,667.068,0.103,5.051,4.630,103.375,0.102,0.053,0.066,0.066,1.288,551.954,0.000,0.058,0.171,0.014,0.137,train_batch,551.954,6508,0,0,0,0
2026-05-06 07:09:38,run_1778011901552,127,124,19075,v3,41,37,3,2391.160,0.456,17.127,15.223,330.782,0.913,0.211,1.074,0.134,4.442,2019.560,0.000,0.155,0.001,0.045,1.036,train_batch,2019.560,23072,0,0,0,0
2026-05-06 07:10:37,run_1778011901552,127,149,19100,v3,12,12,0,675.558,0.105,5.329,4.903,111.436,0.107,0.062,0.071,0.047,1.233,551.887,0.000,0.060,0.156,0.016,0.146,train_batch,551.887,6183,0,0,0,0
2026-05-06 07:11:31,run_1778011901552,128,24,19125,v3,55,56,0,3101.933,0.679,26.553,24.375,464.481,1.787,0.357,2.497,0.226,6.023,2572.712,0.000,0.190,0.001,0.057,1.995,train_batch,2572.712,30637,0,0,0,0
2026-05-06 07:12:28,run_1778011901552,128,49,19150,v3,55,57,2,3112.896,0.660,26.571,24.360,475.335,1.671,0.362,2.570,0.211,5.876,2572.965,0.000,0.193,0.164,0.057,1.902,train_batch,2572.965,29364,0,0,0,0
2026-05-06 07:13:23,run_1778011901552,128,74,19175,v3,52,47,8,2935.791,0.644,25.492,23.656,472.787,1.526,0.392,1.992,0.309,5.653,2401.379,0.000,0.154,0.001,0.046,1.762,train_batch,2401.379,26379,0,0,0,0
2026-05-06 07:14:19,run_1778011901552,128,99,19200,v3,55,55,2,3088.631,0.669,25.752,23.635,466.221,1.638,0.354,2.321,0.212,5.965,2559.569,0.000,0.201,0.157,0.055,1.883,train_batch,2559.569,30219,0,0,0,0
2026-05-06 07:15:14,run_1778011901552,128,124,19225,v3,55,56,0,3109.742,0.675,25.800,23.997,465.631,1.726,0.388,2.657,0.225,5.816,2580.645,0.000,0.192,0.001,0.056,1.934,train_batch,2580.645,30555,0,0,0,0
2026-05-06 07:16:00,run_1778011901552,128,149,19250,v3,28,29,0,1553.230,0.291,12.772,11.733,226.308,0.496,0.160,0.472,0.133,2.949,1297.038,0.000,0.100,0.172,0.031,0.576,train_batch,1297.038,14381,0,0,0,0
2026-05-06 07:16:52,run_1778011901552,129,24,19275,v3,17,16,0,1077.489,0.162,7.243,6.761,145.809,0.176,0.081,0.164,0.101,1.798,914.822,0.000,0.087,0.001,0.026,0.258,train_batch,914.822,9732,0,0,0,0
2026-05-06 07:17:44,run_1778011901552,129,49,19300,v3,24,24,0,1327.416,0.236,10.667,9.762,201.567,0.376,0.131,0.367,0.120,2.565,1100.897,0.000,0.095,0.173,0.027,0.432,train_batch,1100.897,12566,0,0,0,0
2026-05-06 07:18:37,run_1778011901552,129,74,19325,v3,55,54,2,3148.135,0.675,27.088,24.876,491.161,1.654,0.374,2.520,0.219,5.819,2591.580,0.000,0.204,0.001,0.055,1.909,train_batch,2591.580,30028,0,1,0,0
2026-05-06 07:19:25,run_1778011901552,129,99,19350,v3,38,38,0,2230.087,0.431,18.032,16.195,340.278,0.834,0.248,1.101,0.143,4.015,1847.415,0.000,0.150,0.244,0.040,0.962,train_batch,1847.415,20158,0,0,0,0
2026-05-06 07:20:15,run_1778011901552,129,124,19375,v3,20,19,0,1122.268,0.200,9.118,8.580,173.291,0.246,0.098,0.256,0.068,2.152,927.829,0.000,0.088,0.001,0.020,0.320,train_batch,927.829,10317,0,0,0,0
2026-05-06 07:21:05,run_1778011901552,129,149,19400,v3,10,9,0,646.992,0.088,4.245,3.853,83.760,0.076,0.044,0.047,0.038,1.087,553.430,0.000,0.056,0.155,0.013,0.100,train_batch,553.430,5987,0,0,0,0
2026-05-06 07:22:01,run_1778011901552,130,24,19425,v3,21,20,0,1323.779,0.212,9.527,8.787,188.907,0.274,0.107,0.223,0.109,2.215,1112.927,0.000,0.097,0.001,0.032,0.362,train_batch,1112.927,12593,0,0,0,0
2026-05-06 07:22:44,run_1778011901552,130,49,19450,v3,8,7,0,436.410,0.080,3.246,3.032,64.021,0.048,0.032,0.035,0.014,0.851,364.769,0.000,0.052,0.156,0.010,0.064,train_batch,364.769,3673,0,0,0,0
2026-05-06 07:23:34,run_1778011901552,130,74,19475,v3,16,15,0,905.992,0.148,7.437,6.806,147.290,0.165,0.078,0.130,0.058,1.671,741.908,0.000,0.076,0.001,0.017,0.208,train_batch,741.908,8077,0,0,0,0
2026-05-06 07:24:22,run_1778011901552,130,99,19500,v3,26,25,0,1551.428,0.272,12.129,10.824,231.084,0.411,0.132,0.381,0.113,2.685,1292.622,0.000,0.092,0.153,0.027,0.503,train_batch,1292.622,15427,0,0,0,0
2026-05-06 07:25:16,run_1778011901552,130,124,19525,v3,55,51,4,3146.744,0.680,27.064,24.809,488.870,1.491,0.349,1.823,0.211,5.911,2593.563,0.000,0.202,0.001,0.050,1.718,train_batch,2593.563,29165,0,0,0,0
2026-05-06 07:26:17,run_1778011901552,130,149,19550,v3,48,50,0,2867.281,0.557,23.993,22.118,485.213,1.330,0.332,1.858,0.184,5.430,2324.388,0.000,0.154,0.162,0.056,1.506,train_batch,2324.388,25557,0,2,0,0
2026-05-06 07:27:01,run_1778011901552,131,24,19575,v3,32,32,0,1824.080,0.353,15.343,14.356,307.646,0.595,0.191,0.639,0.151,3.370,1480.574,0.000,0.114,0.001,0.033,0.715,train_batch,1480.574,16092,0,0,0,0
2026-05-06 07:27:49,run_1778011901552,131,49,19600,v3,55,56,0,3098.641,0.688,26.530,24.333,475.784,1.668,0.355,2.251,0.257,5.906,2558.611,0.000,0.220,0.153,0.057,1.829,train_batch,2558.611,29909,0,1,0,0
2026-05-06 07:28:52,run_1778011901552,131,74,19625,v3,26,26,0,1540.074,0.279,12.012,10.798,223.558,0.428,0.161,0.402,0.114,2.713,1288.979,0.000,0.093,0.001,0.028,0.508,train_batch,1288.979,13835,0,0,0,0
2026-05-06 07:29:53,run_1778011901552,131,99,19650,v3,55,44,11,3132.719,0.662,26.352,23.896,474.556,1.521,0.335,1.802,0.186,5.731,2595.602,0.000,0.164,0.154,0.045,1.714,train_batch,2595.602,29454,0,0,0,0
2026-05-06 07:30:50,run_1778011901552,131,124,19675,v3,55,58,0,3124.815,0.696,26.098,24.301,480.090,1.740,0.392,2.540,0.225,5.734,2580.762,0.000,0.202,0.001,0.058,1.976,train_batch,2580.762,28407,0,0,0,0
2026-05-06 07:31:42,run_1778011901552,131,149,19700,v3,37,37,0,2207.154,0.419,17.424,15.865,318.561,0.826,0.227,1.133,0.153,3.969,1847.244,0.000,0.143,0.176,0.047,0.967,train_batch,1847.244,21078,0,0,0,0
2026-05-06 07:32:44,run_1778011901552,132,24,19725,v3,18,17,0,1088.598,0.182,8.148,7.452,154.029,0.215,0.079,0.156,0.055,1.927,915.975,0.000,0.082,0.001,0.019,0.279,train_batch,915.975,10526,0,0,0,0
2026-05-06 07:33:35,run_1778011901552,132,49,19750,v3,55,56,0,3105.448,0.672,26.413,24.230,469.883,1.634,0.352,2.321,0.217,5.836,2571.591,0.000,0.187,0.210,0.056,1.847,train_batch,2571.591,27575,0,1,0,0
2026-05-06 07:34:40,run_1778011901552,132,74,19775,v3,25,23,1,1533.332,0.247,11.307,10.604,215.017,0.376,0.135,0.392,0.075,2.632,1291.958,0.000,0.111,0.001,0.031,0.447,train_batch,1291.958,14439,0,0,0,0
2026-05-06 07:35:41,run_1778011901552,132,99,19800,v3,48,49,0,2710.362,0.595,23.413,21.676,415.331,1.364,0.336,1.618,0.236,5.244,2238.634,0.000,0.167,0.157,0.050,1.541,train_batch,2238.634,24212,0,0,0,0
2026-05-06 07:36:37,run_1778011901552,132,124,19825,v3,8,7,0,453.963,0.067,3.440,3.256,75.920,0.051,0.036,0.033,0.032,0.826,370.165,0.000,0.052,0.001,0.010,0.075,train_batch,370.165,3553,0,0,0,0
2026-05-06 07:37:28,run_1778011901552,132,149,19850,v3,55,58,0,3131.470,0.683,27.187,24.435,485.875,1.703,0.380,2.249,0.219,5.801,2580.553,0.000,0.173,0.197,0.063,1.952,train_batch,2580.553,29279,0,0,0,0
2026-05-06 07:38:30,run_1778011901552,133,24,19875,v3,55,56,1,3093.456,0.688,27.161,24.032,464.837,1.642,0.364,2.296,0.218,6.153,2563.930,0.000,0.227,0.001,0.054,1.854,train_batch,2563.930,27302,0,0,0,0
2026-05-06 07:39:24,run_1778011901552,133,49,19900,v3,55,56,0,3131.941,0.708,26.895,24.743,491.218,1.602,0.370,2.197,0.234,5.732,2576.025,0.000,0.201,0.152,0.056,1.808,train_batch,2576.025,27520,0,0,0,0
2026-05-06 07:40:16,run_1778011901552,133,74,19925,v3,55,57,0,3316.300,0.713,30.092,27.490,557.645,1.780,0.401,2.434,0.243,6.720,2686.541,0.000,0.208,0.001,0.059,1.976,train_batch,2686.541,28752,0,1,0,0
2026-05-06 07:41:21,run_1778011901552,133,99,19950,v3,55,54,1,3114.858,0.682,26.355,24.974,475.747,1.615,0.347,2.422,0.215,5.918,2574.400,0.000,0.188,0.156,0.055,1.785,train_batch,2574.400,29198,0,0,0,0
2026-05-06 07:42:21,run_1778011901552,133,124,19975,v3,9,8,0,633.808,0.077,3.409,3.296,73.541,0.056,0.040,0.043,0.042,0.926,552.202,0.000,0.068,0.002,0.020,0.087,train_batch,552.202,5825,0,0,0,0
2026-05-06 07:43:20,run_1778011901552,133,149,20000,v3,55,55,1,3087.702,0.699,26.773,24.252,462.137,1.612,0.360,2.403,0.228,6.057,2560.967,0.000,0.176,0.155,0.056,1.827,train_batch,2560.967,29318,0,0,0,0
2026-05-06 07:44:15,run_1778011901552,134,24,20025,v3,55,59,0,3258.796,0.688,26.782,45.293,508.819,1.865,0.399,2.496,0.229,6.266,2663.596,0.000,0.166,0.001,0.063,2.133,train_batch,2663.596,31208,0,0,0,0
2026-05-06 07:45:16,run_1778011901552,134,49,20050,v3,55,56,0,3085.500,0.686,27.043,24.919,477.752,1.731,0.381,2.640,0.218,5.882,2541.849,0.000,0.256,0.146,0.058,1.939,train_batch,2541.849,30098,0,0,0,0
2026-05-06 07:46:11,run_1778011901552,134,74,20075,v3,49,51,1,2836.263,0.576,22.894,21.253,422.329,1.357,0.354,2.118,0.240,5.263,2358.075,0.000,0.195,0.001,0.059,1.551,train_batch,2358.075,26457,0,0,0,0
2026-05-06 07:47:03,run_1778011901552,134,99,20100,v3,55,55,1,3106.881,0.666,27.155,24.698,479.723,1.708,0.360,2.389,0.239,5.820,2561.814,0.000,0.178,0.134,0.056,1.942,train_batch,2561.814,29180,0,0,0,0
2026-05-06 07:48:05,run_1778011901552,134,124,20125,v3,9,9,0,632.254,0.074,3.527,3.336,75.860,0.058,0.046,0.041,0.013,0.929,548.209,0.000,0.058,0.001,0.019,0.085,train_batch,548.209,6165,0,0,0,0
2026-05-06 07:49:03,run_1778011901552,134,149,20150,v3,32,29,6,1796.001,0.340,15.071,13.929,295.508,0.632,0.241,0.734,0.124,3.386,1464.971,0.000,0.101,0.151,0.031,0.783,train_batch,1464.971,16555,0,0,0,0
2026-05-06 07:49:51,run_1778011901552,135,24,20175,v3,20,19,0,1133.892,0.194,9.275,8.522,187.287,0.245,0.097,0.211,0.113,2.112,925.418,0.000,0.082,0.001,0.021,0.314,train_batch,925.418,10625,0,0,0,0
2026-05-06 07:50:44,run_1778011901552,135,49,20200,v3,55,57,0,3187.039,0.741,27.636,25.489,505.643,1.870,0.371,2.588,0.247,5.987,2613.864,0.000,0.200,0.156,0.063,2.185,train_batch,2613.864,29672,0,0,0,0
2026-05-06 07:51:41,run_1778011901552,135,74,20225,v3,55,58,0,3128.391,0.698,27.155,24.432,474.215,1.734,0.363,2.631,0.228,6.020,2588.682,0.000,0.196,0.001,0.057,1.979,train_batch,2588.682,30157,0,2,0,0
2026-05-06 07:52:27,run_1778011901552,135,99,20250,v3,55,57,0,3165.072,0.700,28.428,24.975,513.291,1.768,0.361,2.195,0.224,5.978,2584.832,0.000,0.224,0.081,0.057,1.957,train_batch,2584.832,28393,0,0,0,0
2026-05-06 07:53:20,run_1778011901552,135,124,20275,v3,55,57,0,3119.777,0.678,26.410,23.707,480.506,1.671,0.387,2.360,0.215,5.862,2575.871,0.000,0.189,0.001,0.056,1.864,train_batch,2575.871,30573,0,0,0,0
2026-05-06 07:54:20,run_1778011901552,135,149,20300,v3,54,53,0,3130.758,0.676,26.791,24.282,479.477,1.579,0.360,2.439,0.265,6.161,2586.519,0.000,0.198,0.139,0.053,1.818,train_batch,2586.519,27601,0,0,0,0
2026-05-06 07:55:22,run_1778011901552,136,24,20325,v3,55,57,0,3130.673,0.708,27.022,24.607,481.158,1.762,0.366,2.628,0.281,5.949,2584.036,0.000,0.175,0.001,0.056,1.924,train_batch,2584.036,26548,0,0,0,0
2026-05-06 07:56:15,run_1778011901552,136,49,20350,v3,55,54,2,3117.650,0.675,25.835,24.165,472.340,1.675,0.363,2.406,0.306,5.779,2581.826,0.000,0.172,0.155,0.054,1.901,train_batch,2581.826,28228,0,1,0,0
2026-05-06 07:57:15,run_1778011901552,136,74,20375,v3,55,57,0,3143.049,0.715,27.366,25.012,489.763,1.765,0.354,2.455,0.221,5.742,2587.355,0.000,0.190,0.001,0.140,1.973,train_batch,2587.355,27724,0,0,0,0
2026-05-06 07:58:18,run_1778011901552,136,99,20400,v3,38,37,0,2214.030,0.424,17.910,16.527,330.857,0.838,0.218,0.956,0.164,3.957,1840.905,0.000,0.129,0.150,0.040,0.956,train_batch,1840.905,18963,0,0,0,0
2026-05-06 07:59:07,run_1778011901552,136,124,20425,v3,24,23,0,1377.911,0.241,10.660,10.115,208.144,0.367,0.133,0.324,0.102,2.545,1144.722,0.000,0.090,0.001,0.025,0.442,train_batch,1144.722,11921,0,1,0,0
