timestamp,run_id,epoch,episode,total_episode_count,state_encoder_version,voxel_channels,has_global_vector,global_feature_count,total_actions,invalid_actions,invalid_pct,blocks_placed,acc_step_reward,final_eval_reward,total_reward,epsilon,stop_reason,max_floor,placed_floor_distribution,rejected_total,rejected_no_support,rejected_collision,rejected_bad_socket,rejected_out_of_bounds,pruned_types,dead_tiles,dead_rotations,rejected_rot_aim,rejected_proximity,encoder_time_ms,global_encoder_time_ms,global_has_nan,global_has_infinity,global_feat_cnt,global_feat_mean,global_feat_max,global_feat_nonzero
2026-05-06 12:45:57,run_1778060708817,1,1,1,v3,16,true,32,27,0,0.0,27,19.4440,-12.1838,7.2602,1.00000,AGENT_STOP,2,F0:19|F1:6|F2:2,1482,0,0,0,0,0,0,0,0,1482,88,0,false,false,32,0.3060,1.0000,19
2026-05-06 12:45:59,run_1778060708817,1,2,2,v3,16,true,32,37,0,0.0,36,33.7269,-17.7670,15.9599,0.99963,AGENT_STOP,3,F0:23|F1:6|F2:5|F3:2,9634,0,0,0,0,0,0,0,0,9634,38,0,false,false,32,0.3327,1.0000,19
2026-05-06 12:46:00,run_1778060708817,1,3,3,v3,16,true,32,9,0,0.0,8,3.8600,-8.2643,-4.4043,0.99925,AGENT_STOP,0,F0:8,5879,0,0,0,0,0,0,0,0,5879,9,0,false,false,32,0.2949,1.0000,16
2026-05-06 12:46:00,run_1778060708817,1,4,4,v3,16,true,32,10,0,0.0,9,3.6019,-11.5885,-7.9866,0.99888,AGENT_STOP,0,F0:9,5997,0,0,0,0,0,0,0,0,5997,7,0,false,false,32,0.2174,1.0000,14
2026-05-06 12:46:02,run_1778060708817,1,5,5,v3,16,true,32,18,0,0.0,17,10.9361,-9.3574,1.5786,0.99850,AGENT_STOP,1,F0:12|F1:5,10247,0,0,0,0,0,0,0,0,10247,19,0,false,false,32,0.2264,1.0000,18
2026-05-06 12:46:03,run_1778060708817,1,6,6,v3,16,true,32,11,0,0.0,10,5.2739,-6.8918,-1.6179,0.99813,AGENT_STOP,1,F0:9|F1:1,5776,0,0,0,0,0,0,0,0,5776,10,0,false,false,32,0.2286,1.0000,16
2026-05-06 12:46:05,run_1778060708817,1,7,7,v3,16,true,32,17,0,0.0,16,9.0256,-7.8298,1.1959,0.99776,AGENT_STOP,1,F0:15|F1:1,9479,0,0,0,0,0,0,0,0,9479,17,0,false,false,32,0.2528,1.0000,17
2026-05-06 12:46:05,run_1778060708817,1,8,8,v3,16,true,32,10,0,0.0,9,5.2307,-5.9674,-0.7367,0.99738,AGENT_STOP,2,F0:5|F1:3|F2:1,5634,0,0,0,0,0,0,0,0,5634,8,0,false,false,32,0.2454,1.0000,16
2026-05-06 12:46:06,run_1778060708817,1,9,9,v3,16,true,32,10,0,0.0,10,4.5600,-9.7886,-5.2286,0.99701,AGENT_STOP,0,F0:10,5194,0,0,0,0,0,0,0,0,5194,10,0,false,false,32,0.2693,1.0000,15
2026-05-06 12:46:06,run_1778060708817,1,10,10,v3,16,true,32,8,0,0.0,7,2.9700,-6.6263,-3.6563,0.99664,AGENT_STOP,0,F0:7,3435,0,0,0,0,0,0,0,0,3435,7,0,false,false,32,0.2029,1.0000,13
2026-05-06 12:46:08,run_1778060708817,1,11,11,v3,16,true,32,17,0,0.0,16,9.1120,-14.6285,-5.5165,0.99626,AGENT_STOP,1,F0:12|F1:4,8048,0,0,0,0,0,0,0,0,8048,12,0,false,false,32,0.2861,1.0000,18
2026-05-06 12:46:08,run_1778060708817,1,12,12,v3,16,true,32,8,0,0.0,7,2.9600,-8.2866,-5.3266,0.99589,AGENT_STOP,0,F0:7,3420,0,0,0,0,0,0,0,0,3420,9,0,false,false,32,0.2883,1.0000,16
2026-05-06 12:46:09,run_1778060708817,1,13,13,v3,16,true,32,12,0,0.0,11,6.0400,-7.5387,-1.4987,0.99552,AGENT_STOP,1,F0:8|F1:3,5729,0,0,0,0,0,0,0,0,5729,6,0,false,false,32,0.2879,1.0000,18
2026-05-06 12:46:09,run_1778060708817,1,14,14,v3,16,true,32,14,0,0.0,14,6.8761,-13.3465,-6.4704,0.99514,AGENT_STOP,1,F0:12|F1:2,7611,0,0,0,0,0,0,0,0,7611,10,0,false,false,32,0.2583,1.0000,17
2026-05-06 12:46:10,run_1778060708817,1,15,15,v3,16,true,32,11,0,0.0,10,5.2440,-7.9356,-2.6916,0.99477,AGENT_STOP,1,F0:8|F1:2,5534,0,0,0,0,0,0,0,0,5534,10,0,false,false,32,0.2871,1.0000,18
2026-05-06 12:46:11,run_1778060708817,1,16,16,v3,16,true,32,16,0,0.0,15,7.4200,-16.8281,-9.4081,0.99440,AGENT_STOP,0,F0:15,7485,0,0,0,0,0,0,0,0,7485,12,0,false,false,32,0.2845,1.0000,16
2026-05-06 12:46:12,run_1778060708817,1,17,17,v3,16,true,32,7,0,0.0,6,2.0800,-10.6444,-8.5644,0.99403,AGENT_STOP,0,F0:6,3169,0,0,0,0,0,0,0,0,3169,6,0,false,false,32,0.2558,1.0000,15
2026-05-06 12:46:13,run_1778060708817,1,18,18,v3,16,true,32,24,0,0.0,23,14.7746,-16.4030,-1.6284,0.99365,AGENT_STOP,2,F0:19|F1:2|F2:2,10849,0,0,0,0,0,0,0,0,10849,18,0,false,false,32,0.3028,1.0000,19
2026-05-06 12:46:15,run_1778060708817,1,19,19,v3,16,true,32,22,0,0.0,21,13.0400,-16.3203,-3.2803,0.99328,AGENT_STOP,1,F0:18|F1:3,11219,0,0,0,0,0,0,0,0,11219,24,0,false,false,32,0.3018,1.0000,18
2026-05-06 12:46:15,run_1778060708817,1,20,20,v3,16,true,32,8,0,0.0,8,3.6319,-5.6086,-1.9767,0.99291,AGENT_STOP,0,F0:8,3819,0,0,0,0,0,0,0,0,3819,4,0,false,false,32,0.2340,1.0000,13
2026-05-06 12:46:16,run_1778060708817,1,21,21,v3,16,true,32,9,0,0.0,8,3.5100,-8.6145,-5.1045,0.99254,AGENT_STOP,0,F0:8,5549,0,0,0,0,0,0,0,0,5549,7,0,false,false,32,0.2141,1.0000,14
2026-05-06 12:46:17,run_1778060708817,1,22,22,v3,16,true,32,19,0,0.0,18,9.1000,-19.3200,-10.2200,0.99217,AGENT_STOP,0,F0:18,9124,0,0,0,0,0,0,0,0,9124,12,0,false,false,32,0.2805,1.0000,16
2026-05-06 12:46:17,run_1778060708817,1,23,23,v3,16,true,32,6,0,0.0,5,1.7900,-10.1516,-8.3616,0.99180,AGENT_STOP,0,F0:5,3286,0,0,0,0,0,0,0,0,3286,4,0,false,false,32,0.2617,1.0000,14
2026-05-06 12:46:19,run_1778060708817,1,24,24,v3,16,true,32,27,0,0.0,26,19.4904,-11.5889,7.9015,0.99142,AGENT_STOP,2,F0:16|F1:7|F2:3,13184,0,0,0,0,0,0,0,0,13184,19,0,false,false,32,0.3172,1.0000,19
2026-05-06 12:46:19,run_1778060708817,1,25,25,v3,16,true,32,8,0,0.0,7,2.8800,-8.6183,-5.7383,0.99105,AGENT_STOP,0,F0:7,3450,0,0,0,0,0,0,0,0,3450,2,0,false,false,32,0.1980,1.0000,13
2026-05-06 12:46:20,run_1778060708817,1,26,26,v3,16,true,32,14,0,0.0,13,7.4376,-9.4292,-1.9916,0.99068,AGENT_STOP,2,F0:8|F1:3|F2:2,8234,0,0,0,0,0,0,0,0,8234,9,0,false,false,32,0.3203,1.0000,19
2026-05-06 12:46:21,run_1778060708817,1,27,27,v3,16,true,32,6,0,0.0,6,1.8000,-8.4206,-6.6206,0.99031,AGENT_STOP,0,F0:6,3024,0,0,0,0,0,0,0,0,3024,5,0,false,false,32,0.2107,1.0000,14
2026-05-06 12:46:21,run_1778060708817,1,28,28,v3,16,true,32,11,0,0.0,10,4.6804,-9.3464,-4.6660,0.98994,AGENT_STOP,1,F0:6|F1:4,5660,0,0,0,0,0,0,0,0,5660,7,0,false,false,32,0.2017,1.0000,17
2026-05-06 12:46:24,run_1778060708817,1,29,29,v3,16,true,32,49,0,0.0,48,50.9180,-12.4416,38.4764,0.98957,AGENT_STOP,2,F0:36|F1:6|F2:6,24786,0,0,0,0,0,0,0,0,24786,41,0,false,false,32,0.3014,1.0000,20
2026-05-06 12:46:25,run_1778060708817,1,30,30,v3,16,true,32,15,0,0.0,14,6.8420,-14.5860,-7.7440,0.98920,AGENT_STOP,1,F0:13|F1:1,7635,0,0,0,0,0,0,0,0,7635,11,0,false,false,32,0.3000,1.0000,19
2026-05-06 12:46:26,run_1778060708817,1,31,31,v3,16,true,32,19,0,0.0,18,11.1300,-25.3844,-14.2544,0.98883,AGENT_STOP,1,F0:15|F1:3,9129,0,0,0,0,0,0,0,0,9129,15,0,false,false,32,0.2890,1.0000,19
2026-05-06 12:46:26,run_1778060708817,1,32,32,v3,16,true,32,6,0,0.0,5,1.5020,-10.1516,-8.6496,0.98846,AGENT_STOP,1,F0:4|F1:1,3626,0,0,0,0,0,0,0,0,3626,3,0,false,false,32,0.2245,1.0000,16
2026-05-06 12:46:27,run_1778060708817,1,33,33,v3,16,true,32,13,0,0.0,13,7.0200,-7.7149,-0.6949,0.98809,AGENT_STOP,0,F0:13,7514,0,0,0,0,0,0,0,0,7514,7,0,false,false,32,0.3032,1.0000,16
2026-05-06 12:46:28,run_1778060708817,1,34,34,v3,16,true,32,20,0,0.0,19,11.8208,-15.4778,-3.6570,0.98772,AGENT_STOP,2,F0:14|F1:4|F2:1,9062,0,0,0,0,0,0,0,0,9062,13,0,false,false,32,0.3122,1.0000,19
2026-05-06 12:46:29,run_1778060708817,1,35,35,v3,16,true,32,10,0,0.0,9,3.8808,-6.7680,-2.8872,0.98735,MASK_EMPTY,1,F0:7|F1:2,5029,0,0,0,0,0,1,0,0,5028,6,0,false,false,32,0.2384,1.0000,17
2026-05-06 12:46:29,run_1778060708817,1,36,36,v3,16,true,32,7,0,0.0,6,2.8620,-6.7832,-3.9212,0.98698,AGENT_STOP,1,F0:5|F1:1,3454,0,0,0,0,0,0,0,0,3454,7,0,false,false,32,0.2983,1.0000,18
2026-05-06 12:46:30,run_1778060708817,1,37,37,v3,16,true,32,16,0,0.0,15,8.6840,-11.5361,-2.8521,0.98661,AGENT_STOP,1,F0:12|F1:3,6987,0,0,0,0,0,1,0,0,6986,15,0,false,false,32,0.3000,1.0000,19
2026-05-06 12:46:31,run_1778060708817,1,38,38,v3,16,true,32,12,0,0.0,11,5.3437,-9.2745,-3.9308,0.98624,AGENT_STOP,0,F0:11,5797,0,0,0,0,0,0,0,0,5797,4,0,false,false,32,0.2175,1.0000,14
2026-05-06 12:46:32,run_1778060708817,1,39,39,v3,16,true,32,6,0,0.0,5,1.7400,-10.1516,-8.4116,0.98587,AGENT_STOP,0,F0:5,3270,0,0,0,0,0,0,0,0,3270,3,0,false,false,32,0.1837,1.0000,12
2026-05-06 12:46:32,run_1778060708817,1,40,40,v3,16,true,32,16,0,0.0,15,8.4460,-14.0173,-5.5713,0.98550,AGENT_STOP,1,F0:12|F1:3,8034,0,0,0,0,0,1,0,0,8033,9,0,false,false,32,0.3104,1.0000,19
2026-05-06 12:46:33,run_1778060708817,1,41,41,v3,16,true,32,6,0,0.0,5,2.2240,-10.1516,-7.9276,0.98513,AGENT_STOP,1,F0:3|F1:2,3307,0,0,0,0,0,1,0,0,3306,3,0,false,false,32,0.2929,1.0000,18
2026-05-06 12:46:33,run_1778060708817,1,42,42,v3,16,true,32,6,0,0.0,5,1.4400,-10.1516,-8.7116,0.98476,AGENT_STOP,0,F0:5,2941,0,0,0,0,0,0,0,0,2941,4,0,false,false,32,0.1837,1.0000,12
2026-05-06 12:46:34,run_1778060708817,1,43,43,v3,16,true,32,8,0,0.0,8,2.9300,-7.9373,-5.0073,0.98440,AGENT_STOP,0,F0:8,3254,0,0,0,0,0,0,0,0,3254,5,0,false,false,32,0.2031,1.0000,13
2026-05-06 12:46:35,run_1778060708817,1,44,44,v3,16,true,32,13,0,0.0,12,7.1151,-8.3538,-1.2387,0.98403,AGENT_STOP,2,F0:7|F1:4|F2:1,8423,0,0,0,0,0,0,0,0,8423,12,0,false,false,32,0.2467,1.0000,17
2026-05-06 12:46:35,run_1778060708817,1,45,45,v3,16,true,32,8,0,0.0,7,3.4100,-7.5249,-4.1149,0.98366,AGENT_STOP,0,F0:7,3724,0,0,0,0,0,0,0,0,3724,6,0,false,false,32,0.2725,1.0000,15
2026-05-06 12:46:36,run_1778060708817,1,46,46,v3,16,true,32,18,0,0.0,18,10.2148,-9.8025,0.4123,0.98329,AGENT_STOP,1,F0:14|F1:4,9568,0,0,0,0,0,0,0,0,9568,14,0,false,false,32,0.2628,1.0000,17
2026-05-06 12:46:37,run_1778060708817,1,47,47,v3,16,true,32,9,0,0.0,8,3.2720,-10.1515,-6.8795,0.98292,AGENT_STOP,1,F0:7|F1:1,5437,0,0,0,0,0,0,0,0,5437,5,0,false,false,32,0.2317,1.0000,16
2026-05-06 12:46:37,run_1778060708817,1,48,48,v3,16,true,32,6,0,0.0,5,1.9700,-10.1516,-8.1816,0.98255,AGENT_STOP,0,F0:5,3606,0,0,0,0,0,1,0,0,3605,5,0,false,false,32,0.2803,1.0000,15
2026-05-06 12:46:39,run_1778060708817,1,49,49,v3,16,true,32,22,0,0.0,21,13.6436,-14.9093,-1.2657,0.98219,AGENT_STOP,1,F0:16|F1:5,11155,0,0,0,0,0,1,0,0,11154,15,0,false,false,32,0.3190,1.0000,19
2026-05-06 12:46:40,run_1778060708817,1,50,50,v3,16,true,32,22,0,0.0,22,13.7320,-20.2671,-6.5351,0.98182,AGENT_STOP,1,F0:15|F1:7,11394,0,0,0,0,0,1,0,0,11393,18,0,false,false,32,0.3058,1.0000,19
2026-05-06 12:46:41,run_1778060708817,1,51,51,v3,16,true,32,15,0,0.0,14,8.2408,-7.9411,0.2997,0.98145,AGENT_STOP,1,F0:12|F1:2,7331,0,0,0,0,0,0,0,0,7331,12,0,false,false,32,0.3098,1.0000,19
2026-05-06 12:46:41,run_1778060708817,1,52,52,v3,16,true,32,7,0,0.0,6,1.7700,-9.4047,-7.6347,0.98108,AGENT_STOP,0,F0:6,3222,0,0,0,0,0,0,0,0,3222,4,0,false,false,32,0.1933,1.0000,12
2026-05-06 12:46:42,run_1778060708817,1,53,53,v3,16,true,32,20,0,0.0,20,12.5400,-12.6337,-0.0937,0.98072,AGENT_STOP,1,F0:14|F1:6,9487,0,0,0,0,0,3,0,0,9484,16,0,false,false,32,0.2982,1.0000,19
2026-05-06 12:46:43,run_1778060708817,1,54,54,v3,16,true,32,16,0,0.0,15,9.2400,-6.4669,2.7731,0.98035,AGENT_STOP,1,F0:12|F1:3,7383,0,0,0,0,0,2,0,0,7381,13,0,false,false,32,0.2900,1.0000,18
2026-05-06 12:46:44,run_1778060708817,1,55,55,v3,16,true,32,20,0,0.0,19,12.6380,-13.7649,-1.1269,0.97998,AGENT_STOP,1,F0:17|F1:2,9582,0,0,0,0,0,2,0,0,9580,13,0,false,false,32,0.2982,1.0000,19
2026-05-06 12:46:46,run_1778060708817,1,56,56,v3,16,true,32,36,0,0.0,36,30.7300,-19.0240,11.7060,0.97961,AGENT_STOP,1,F0:29|F1:7,16500,0,0,0,0,0,2,0,0,16498,27,0,false,false,32,0.3082,1.0000,19
2026-05-06 12:46:47,run_1778060708817,1,57,57,v3,16,true,32,14,0,0.0,13,7.6417,-7.4774,0.1643,0.97925,AGENT_STOP,2,F0:7|F1:4|F2:2,7184,0,0,0,0,0,1,0,0,7183,7,0,false,false,32,0.2931,1.0000,18
2026-05-06 12:46:48,run_1778060708817,1,58,58,v3,16,true,32,14,0,0.0,13,7.5218,-7.5681,-0.0462,0.97888,AGENT_STOP,2,F0:8|F1:4|F2:1,7241,0,0,0,0,0,1,0,0,7240,7,0,false,false,32,0.3112,1.0000,19
2026-05-06 12:46:48,run_1778060708817,1,59,59,v3,16,true,32,10,0,0.0,9,4.0000,-9.1040,-5.1040,0.97852,AGENT_STOP,0,F0:9,5279,0,0,0,0,0,0,0,0,5279,8,0,false,false,32,0.2798,1.0000,15
2026-05-06 12:46:49,run_1778060708817,1,60,60,v3,16,true,32,8,0,0.0,7,2.4000,-6.1920,-3.7920,0.97815,MASK_EMPTY,0,F0:7,3756,0,0,0,0,0,1,0,0,3755,5,0,false,false,32,0.1930,1.0000,14
2026-05-06 12:46:49,run_1778060708817,1,61,61,v3,16,true,32,10,0,0.0,9,4.1040,-10.4762,-6.3722,0.97778,AGENT_STOP,1,F0:7|F1:2,5389,0,0,0,0,0,0,0,0,5389,9,0,false,false,32,0.2966,1.0000,18
2026-05-06 12:46:50,run_1778060708817,1,62,62,v3,16,true,32,7,0,0.0,6,2.1400,-10.5820,-8.4420,0.97742,AGENT_STOP,0,F0:6,3449,0,0,0,0,0,1,0,0,3448,5,0,false,false,32,0.2558,1.0000,14
2026-05-06 12:46:50,run_1778060708817,1,63,63,v3,16,true,32,7,0,0.0,6,2.5700,-8.0712,-5.5012,0.97705,AGENT_STOP,0,F0:6,3020,0,0,0,0,0,1,0,0,3019,5,0,false,false,32,0.2598,1.0000,15
2026-05-06 12:46:51,run_1778060708817,1,64,64,v3,16,true,32,8,0,0.0,7,3.5780,-6.5081,-2.9301,0.97668,AGENT_STOP,1,F0:5|F1:2,3348,0,0,0,0,0,1,0,0,3347,9,0,false,false,32,0.3110,1.0000,18
2026-05-06 12:46:52,run_1778060708817,1,65,65,v3,16,true,32,22,0,0.0,21,14.1134,-13.2204,0.8930,0.97632,AGENT_STOP,2,F0:13|F1:7|F2:1,10489,0,0,0,0,0,1,0,0,10488,17,0,false,false,32,0.2907,1.0000,18
2026-05-06 12:46:53,run_1778060708817,1,66,66,v3,16,true,32,18,3,16.7,14,4.8100,-9.4999,-4.6899,0.97595,AGENT_STOP,0,F0:14,9424,3,0,0,0,0,1,0,0,9420,11,0,false,false,32,0.2848,1.0000,15
2026-05-06 12:46:54,run_1778060708817,1,67,67,v3,16,true,32,22,0,0.0,22,15.1688,-12.3779,2.7909,0.97559,AGENT_STOP,1,F0:15|F1:7,11306,0,0,0,0,0,0,0,0,11306,17,0,false,false,32,0.3126,1.0000,19
2026-05-06 12:46:55,run_1778060708817,1,68,68,v3,16,true,32,17,0,0.0,16,8.7020,-13.6517,-4.9497,0.97522,AGENT_STOP,1,F0:15|F1:1,8922,0,0,0,0,0,1,0,0,8921,10,0,false,false,32,0.2994,1.0000,19
2026-05-06 12:46:56,run_1778060708817,1,69,69,v3,16,true,32,8,0,0.0,7,3.1700,-8.2088,-5.0388,0.97486,AGENT_STOP,0,F0:7,3544,0,0,0,0,0,0,0,0,3544,7,0,false,false,32,0.2725,1.0000,15
2026-05-06 12:46:57,run_1778060708817,1,70,70,v3,16,true,32,18,0,0.0,17,10.3398,-12.1182,-1.7784,0.97449,AGENT_STOP,2,F0:10|F1:6|F2:1,9310,0,0,0,0,0,0,0,0,9310,13,0,false,false,32,0.2914,1.0000,19
2026-05-06 12:46:57,run_1778060708817,1,71,71,v3,16,true,32,7,0,0.0,6,2.0100,-8.0427,-6.0327,0.97413,AGENT_STOP,0,F0:6,3041,0,0,0,0,0,0,0,0,3041,1,0,false,false,32,0.1933,1.0000,13
2026-05-06 12:46:58,run_1778060708817,1,72,72,v3,16,true,32,15,0,0.0,14,8.0008,-8.4289,-0.4281,0.97376,AGENT_STOP,1,F0:12|F1:2,7462,0,0,0,0,0,2,0,0,7460,15,0,false,false,32,0.3047,1.0000,19
2026-05-06 12:46:58,run_1778060708817,1,73,73,v3,16,true,32,9,0,0.0,8,3.8200,-6.2025,-2.3825,0.97340,AGENT_STOP,0,F0:8,5548,0,0,0,0,0,0,0,0,5548,3,0,false,false,32,0.2154,1.0000,13
2026-05-06 12:46:59,run_1778060708817,1,74,74,v3,16,true,32,7,0,0.0,6,2.0800,-11.1591,-9.0791,0.97303,AGENT_STOP,0,F0:6,3478,0,0,0,0,0,0,0,0,3478,6,0,false,false,32,0.2598,1.0000,16
2026-05-06 12:46:59,run_1778060708817,1,75,75,v3,16,true,32,8,0,0.0,7,3.6547,-5.1892,-1.5345,0.97267,AGENT_STOP,1,F0:5|F1:2,3704,0,0,0,0,0,0,0,0,3704,4,0,false,false,32,0.2485,1.0000,16
2026-05-06 12:47:00,run_1778060708817,1,76,76,v3,16,true,32,9,0,0.0,8,3.4440,-9.8773,-6.4333,0.97231,AGENT_STOP,1,F0:6|F1:2,4804,0,0,0,0,0,0,0,0,4804,5,0,false,false,32,0.3071,1.0000,19
2026-05-06 12:47:01,run_1778060708817,1,77,77,v3,16,true,32,13,0,0.0,12,6.4300,-10.1702,-3.7402,0.97194,AGENT_STOP,0,F0:12,7507,0,0,0,0,0,1,0,0,7506,10,0,false,false,32,0.2954,1.0000,16
2026-05-06 12:47:02,run_1778060708817,1,78,78,v3,16,true,32,12,0,0.0,11,5.2220,-14.6319,-9.4099,0.97158,AGENT_STOP,1,F0:10|F1:1,5205,0,0,0,0,0,0,0,0,5205,6,0,false,false,32,0.3102,1.0000,19
2026-05-06 12:47:02,run_1778060708817,1,79,79,v3,16,true,32,6,0,0.0,5,2.3900,-10.1516,-7.7616,0.97121,AGENT_STOP,0,F0:5,3762,0,0,0,0,0,0,0,0,3762,2,0,false,false,32,0.2803,1.0000,15
2026-05-06 12:47:03,run_1778060708817,1,80,80,v3,16,true,32,15,0,0.0,14,7.1200,-15.8009,-8.6809,0.97085,AGENT_STOP,0,F0:14,6990,0,0,0,0,0,0,0,0,6990,11,0,false,false,32,0.2633,1.0000,16
2026-05-06 12:47:04,run_1778060708817,1,81,81,v3,16,true,32,14,0,0.0,13,6.9800,-12.3671,-5.3871,0.97049,AGENT_STOP,1,F0:10|F1:3,8054,0,0,0,0,0,0,0,0,8054,11,0,false,false,32,0.3018,1.0000,18
2026-05-06 12:47:05,run_1778060708817,1,82,82,v3,16,true,32,13,0,0.0,12,6.0400,-9.8588,-3.8188,0.97012,AGENT_STOP,0,F0:12,8047,0,0,0,0,0,0,0,0,8047,13,0,false,false,32,0.2816,1.0000,15
2026-05-06 12:47:06,run_1778060708817,1,83,83,v3,16,true,32,20,0,0.0,19,12.1028,-13.8766,-1.7738,0.96976,AGENT_STOP,1,F0:16|F1:3,10119,0,0,0,0,0,1,0,0,10118,18,0,false,false,32,0.3092,1.0000,19
2026-05-06 12:47:07,run_1778060708817,1,84,84,v3,16,true,32,13,0,0.0,12,6.8340,-10.6482,-3.8142,0.96940,AGENT_STOP,1,F0:10|F1:2,7325,0,0,0,0,0,0,0,0,7325,12,0,false,false,32,0.3009,1.0000,18
2026-05-06 12:47:08,run_1778060708817,1,85,85,v3,16,true,32,8,0,0.0,7,3.3200,-7.9865,-4.6665,0.96903,AGENT_STOP,0,F0:7,4182,0,0,0,0,0,0,0,0,4182,8,0,false,false,32,0.2798,1.0000,15
2026-05-06 12:47:08,run_1778060708817,1,86,86,v3,16,true,32,12,0,0.0,11,6.8300,-5.9422,0.8878,0.96867,AGENT_STOP,0,F0:11,5969,0,0,0,0,0,0,0,0,5969,7,0,false,false,32,0.2983,1.0000,15
2026-05-06 12:47:10,run_1778060708817,1,87,87,v3,16,true,32,23,0,0.0,23,13.7620,-26.5560,-12.7940,0.96831,MASK_EMPTY,1,F0:22|F1:1,10319,0,0,0,0,0,1,0,0,10318,19,0,false,false,32,0.3141,1.0000,19
2026-05-06 12:47:11,run_1778060708817,1,88,88,v3,16,true,32,17,0,0.0,16,9.7108,-7.5251,2.1857,0.96795,AGENT_STOP,1,F0:14|F1:2,8441,0,0,0,0,0,1,0,0,8440,16,0,false,false,32,0.3122,1.0000,19
2026-05-06 12:47:12,run_1778060708817,1,89,89,v3,16,true,32,18,0,0.0,17,8.4047,-16.6183,-8.2136,0.96758,AGENT_STOP,1,F0:14|F1:3,9225,0,0,0,0,0,0,0,0,9225,12,0,false,false,32,0.2261,1.0000,17
2026-05-06 12:47:13,run_1778060708817,1,90,90,v3,16,true,32,7,0,0.0,6,2.3719,-7.2449,-4.8730,0.96722,AGENT_STOP,0,F0:6,3296,0,0,0,0,0,0,0,0,3296,3,0,false,false,32,0.1886,1.0000,13
2026-05-06 12:47:14,run_1778060708817,1,91,91,v3,16,true,32,15,0,0.0,14,6.9613,-10.9852,-4.0238,0.96686,AGENT_STOP,0,F0:14,7181,0,0,0,0,0,0,0,0,7181,9,0,false,false,32,0.2097,1.0000,14
2026-05-06 12:47:15,run_1778060708817,1,92,92,v3,16,true,32,18,0,0.0,17,9.5976,-19.1821,-9.5845,0.96650,AGENT_STOP,2,F0:12|F1:3|F2:2,8543,0,0,0,0,0,0,0,0,8543,9,0,false,false,32,0.3173,1.0000,19
2026-05-06 12:47:16,run_1778060708817,1,93,93,v3,16,true,32,16,0,0.0,15,6.7500,-15.6143,-8.8643,0.96614,AGENT_STOP,0,F0:15,7439,0,0,0,0,0,1,0,0,7438,15,0,false,false,32,0.2173,1.0000,14
2026-05-06 12:47:16,run_1778060708817,1,94,94,v3,16,true,32,15,0,0.0,14,7.7900,-19.8724,-12.0824,0.96577,AGENT_STOP,1,F0:11|F1:3,7777,0,0,0,0,0,0,0,0,7777,10,0,false,false,32,0.3097,1.0000,19
2026-05-06 12:47:17,run_1778060708817,1,95,95,v3,16,true,32,14,0,0.0,13,6.4820,-14.3923,-7.9103,0.96541,AGENT_STOP,1,F0:12|F1:1,7042,0,0,0,0,0,0,0,0,7042,8,0,false,false,32,0.3147,1.0000,19
2026-05-06 12:47:18,run_1778060708817,1,96,96,v3,16,true,32,16,0,0.0,15,8.3940,-13.8386,-5.4446,0.96505,AGENT_STOP,1,F0:13|F1:2,7219,0,0,0,0,0,1,0,0,7218,8,0,false,false,32,0.2995,1.0000,18
2026-05-06 12:47:19,run_1778060708817,1,97,97,v3,16,true,32,20,0,0.0,19,11.5300,-22.1285,-10.5985,0.96469,AGENT_STOP,0,F0:19,9925,0,0,0,0,0,3,0,0,9922,15,0,false,false,32,0.2906,1.0000,16
2026-05-06 12:47:20,run_1778060708817,1,98,98,v3,16,true,32,7,0,0.0,6,2.6000,-9.4020,-6.8020,0.96433,AGENT_STOP,0,F0:6,3948,0,0,0,0,0,1,0,0,3947,14,0,false,false,32,0.2744,1.0000,14
2026-05-06 12:47:20,run_1778060708817,1,99,99,v3,16,true,32,8,0,0.0,7,2.2207,-11.6038,-9.3831,0.96397,AGENT_STOP,0,F0:7,4377,0,0,0,0,0,1,0,0,4376,5,0,false,false,32,0.2390,1.0000,14
2026-05-06 12:47:20,run_1778060708817,1,100,100,v3,16,true,32,7,0,0.0,6,2.1400,-7.8067,-5.6667,0.96361,AGENT_STOP,0,F0:6,3641,0,0,0,0,0,0,0,0,3641,2,0,false,false,32,0.2232,1.0000,14
2026-05-06 12:47:27,run_1778060708817,2,10,110,v3,16,true,32,10,0,0.0,9,4.6120,-6.9915,-2.3795,0.96000,AGENT_STOP,1,F0:8|F1:1,5311,0,0,0,0,0,0,0,0,5311,4,0,false,false,32,0.2311,1.0000,16
2026-05-06 12:47:34,run_1778060708817,2,20,120,v3,16,true,32,24,0,0.0,23,18.6248,-8.5465,10.0783,0.95642,AGENT_STOP,2,F0:14|F1:4|F2:5,12068,0,0,0,0,0,0,0,0,12068,21,0,false,false,32,0.3011,1.0000,20
2026-05-06 12:47:44,run_1778060708817,2,30,130,v3,16,true,32,14,0,0.0,13,6.7080,-11.2844,-4.5764,0.95284,AGENT_STOP,1,F0:11|F1:2,7581,0,0,0,0,0,0,0,0,7581,8,0,false,false,32,0.2409,1.0000,17
2026-05-06 12:47:51,run_1778060708817,2,40,140,v3,16,true,32,10,0,0.0,9,4.7600,-6.8021,-2.0421,0.94928,AGENT_STOP,0,F0:9,5194,0,0,0,0,0,0,0,0,5194,9,0,false,false,32,0.2875,1.0000,15
2026-05-06 12:47:58,run_1778060708817,2,50,150,v3,16,true,32,7,0,0.0,6,2.5619,-7.3300,-4.7681,0.94573,AGENT_STOP,0,F0:6,3678,0,0,0,0,0,0,0,0,3678,2,0,false,false,32,0.2242,1.0000,13
2026-05-06 12:48:06,run_1778060708817,2,60,160,v3,16,true,32,7,0,0.0,6,2.2307,-8.3021,-6.0714,0.94220,AGENT_STOP,0,F0:6,3302,0,0,0,0,0,0,0,0,3302,6,0,false,false,32,0.2232,1.0000,14
2026-05-06 12:48:14,run_1778060708817,2,70,170,v3,16,true,32,10,0,0.0,9,4.1200,-8.1779,-4.0579,0.93868,AGENT_STOP,0,F0:9,5527,0,0,0,0,0,0,0,0,5527,5,0,false,false,32,0.2798,1.0000,15
2026-05-06 12:48:22,run_1778060708817,2,80,180,v3,16,true,32,23,0,0.0,22,16.0194,-17.3272,-1.3077,0.93517,AGENT_STOP,2,F0:15|F1:6|F2:1,10418,0,0,0,0,0,0,0,0,10418,18,0,false,false,32,0.3186,1.0000,18
2026-05-06 12:48:32,run_1778060708817,2,90,190,v3,16,true,32,11,0,0.0,10,4.9927,-7.3440,-2.3514,0.93167,AGENT_STOP,1,F0:8|F1:2,5796,0,0,0,0,0,0,0,0,5796,7,0,false,false,32,0.2488,1.0000,17
2026-05-06 12:48:40,run_1778060708817,2,100,200,v3,16,true,32,9,0,0.0,8,4.2400,-7.9166,-3.6766,0.92819,AGENT_STOP,0,F0:8,5241,0,0,0,0,0,0,0,0,5241,6,0,false,false,32,0.2839,1.0000,16
2026-05-06 12:48:48,run_1778060708817,3,10,210,v3,16,true,32,8,0,0.0,7,2.8300,-6.9153,-4.0853,0.92472,AGENT_STOP,0,F0:7,3459,0,0,0,0,0,0,0,0,3459,8,0,false,false,32,0.2173,1.0000,13
2026-05-06 12:48:55,run_1778060708817,3,20,220,v3,16,true,32,18,0,0.0,17,10.7560,-15.7423,-4.9863,0.92126,AGENT_STOP,1,F0:14|F1:3,8913,0,0,0,0,0,0,0,0,8913,15,0,false,false,32,0.3092,1.0000,18
2026-05-06 12:49:02,run_1778060708817,3,30,230,v3,16,true,32,14,2,14.3,11,3.5200,-10.5830,-7.0630,0.91782,AGENT_STOP,0,F0:11,7774,2,0,0,0,0,0,0,0,7772,13,0,false,false,32,0.2723,1.0000,16
2026-05-06 12:49:10,run_1778060708817,3,40,240,v3,16,true,32,6,0,0.0,5,2.1500,-10.1516,-8.0016,0.91439,AGENT_STOP,0,F0:5,3148,0,0,0,0,0,0,0,0,3148,4,0,false,false,32,0.2617,1.0000,14
2026-05-06 12:49:18,run_1778060708817,3,50,250,v3,16,true,32,10,0,0.0,9,3.8500,-13.3446,-9.4946,0.91097,AGENT_STOP,0,F0:9,5287,0,0,0,0,0,0,0,0,5287,9,0,false,false,32,0.2798,1.0000,15
2026-05-06 12:49:27,run_1778060708817,3,60,260,v3,16,true,32,15,0,0.0,14,8.1268,-8.2416,-0.1148,0.90757,AGENT_STOP,1,F0:11|F1:3,7071,0,0,0,0,0,0,0,0,7071,17,0,false,false,32,0.2918,1.0000,19
2026-05-06 12:49:35,run_1778060708817,3,70,270,v3,16,true,32,27,1,3.7,25,12.0186,-11.7525,0.2661,0.90418,AGENT_STOP,2,F0:16|F1:8|F2:1,12061,1,0,0,0,0,1,0,0,12059,26,0,false,false,32,0.2902,1.0000,18
2026-05-06 12:49:43,run_1778060708817,3,80,280,v3,16,true,32,10,0,0.0,9,3.4600,-12.1877,-8.7277,0.90080,AGENT_STOP,0,F0:9,4936,0,0,0,0,0,0,0,0,4936,25,0,false,false,32,0.2546,1.0000,15
2026-05-06 12:49:52,run_1778060708817,3,90,290,v3,16,true,32,17,0,0.0,16,9.7800,-11.3418,-1.5618,0.89743,AGENT_STOP,1,F0:10|F1:6,9204,0,0,0,0,0,0,0,0,9204,19,0,false,false,32,0.2928,1.0000,18
2026-05-06 12:50:02,run_1778060708817,3,100,300,v3,16,true,32,8,0,0.0,7,2.8000,-8.9221,-6.1221,0.89408,AGENT_STOP,0,F0:7,3783,0,0,0,0,0,0,0,0,3783,8,0,false,false,32,0.2654,1.0000,14
2026-05-06 12:50:10,run_1778060708817,4,10,310,v3,16,true,32,8,0,0.0,8,3.1100,-7.6143,-4.5043,0.89073,AGENT_STOP,0,F0:8,3582,0,0,0,0,0,1,0,0,3581,8,0,false,false,32,0.2324,1.0000,14
2026-05-06 12:50:19,run_1778060708817,4,20,320,v3,16,true,32,6,0,0.0,5,1.4800,-10.1516,-8.6716,0.88740,AGENT_STOP,0,F0:5,3614,0,0,0,0,0,0,0,0,3614,5,0,false,false,32,0.2178,1.0000,14
2026-05-06 12:50:29,run_1778060708817,4,30,330,v3,16,true,32,37,2,5.4,35,24.5420,-10.9435,13.5985,0.88409,AGENT_STOP,1,F0:28|F1:7,18523,2,0,0,0,0,0,0,0,18521,34,0,false,false,32,0.2893,1.0000,20
2026-05-06 12:50:38,run_1778060708817,4,40,340,v3,16,true,32,18,0,0.0,17,10.2988,-12.3733,-2.0745,0.88078,AGENT_STOP,2,F0:13|F1:3|F2:1,7828,0,0,0,0,0,0,0,0,7828,21,0,false,false,32,0.3115,1.0000,19
2026-05-06 12:50:47,run_1778060708817,4,50,350,v3,16,true,32,8,0,0.0,7,3.2220,-8.3268,-5.1048,0.87749,AGENT_STOP,1,F0:6|F1:1,3664,0,0,0,0,0,0,0,0,3664,5,0,false,false,32,0.2922,1.0000,18
2026-05-06 12:50:57,run_1778060708817,4,60,360,v3,16,true,32,28,0,0.0,27,20.7720,-16.5342,4.2378,0.87421,AGENT_STOP,1,F0:23|F1:4,14114,0,0,0,0,0,0,0,0,14114,19,0,false,false,32,0.3216,1.0000,19
2026-05-06 12:51:05,run_1778060708817,4,70,370,v3,16,true,32,11,0,0.0,10,4.9820,-9.5402,-4.5582,0.87094,AGENT_STOP,1,F0:9|F1:1,5508,0,0,0,0,0,0,0,0,5508,13,0,false,false,32,0.2982,1.0000,18
2026-05-06 12:51:16,run_1778060708817,4,80,380,v3,16,true,32,11,0,0.0,10,5.1700,-7.0601,-1.8901,0.86769,AGENT_STOP,0,F0:10,5742,0,0,0,0,0,0,0,0,5742,8,0,false,false,32,0.2816,1.0000,15
2026-05-06 12:51:27,run_1778060708817,4,90,390,v3,16,true,32,29,0,0.0,28,23.1152,-18.0897,5.0255,0.86445,AGENT_STOP,2,F0:18|F1:6|F2:4,15465,0,0,0,0,0,0,0,0,15465,26,0,false,false,32,0.3250,1.0000,19
2026-05-06 12:51:41,run_1778060708817,4,100,400,v3,16,true,32,21,0,0.0,20,13.3776,-19.9829,-6.6053,0.86121,AGENT_STOP,1,F0:15|F1:5,10971,0,0,0,0,0,0,0,0,10971,22,0,false,false,32,0.3172,1.0000,19
2026-05-06 12:51:48,run_1778060708817,5,10,410,v3,16,true,32,7,0,0.0,6,2.1119,-8.3541,-6.2422,0.85800,AGENT_STOP,0,F0:6,3831,0,0,0,0,0,0,0,0,3831,4,0,false,false,32,0.2046,1.0000,13
2026-05-06 12:52:00,run_1778060708817,5,20,420,v3,16,true,32,6,0,0.0,5,1.9100,-10.1516,-8.2416,0.85479,AGENT_STOP,0,F0:5,3219,0,0,0,0,0,0,0,0,3219,4,0,false,false,32,0.2544,1.0000,15
2026-05-06 12:52:08,run_1778060708817,5,30,430,v3,16,true,32,16,0,0.0,15,8.5398,-8.8162,-0.2764,0.85159,AGENT_STOP,2,F0:7|F1:6|F2:2,7573,0,0,0,0,0,0,0,0,7573,9,0,false,false,32,0.2215,1.0000,18
2026-05-06 12:52:17,run_1778060708817,5,40,440,v3,16,true,32,8,0,0.0,7,2.7620,-9.7813,-7.0193,0.84841,AGENT_STOP,1,F0:6|F1:1,3734,0,0,0,0,0,0,0,0,3734,3,0,false,false,32,0.2301,1.0000,15
2026-05-06 12:52:28,run_1778060708817,5,50,450,v3,16,true,32,11,0,0.0,10,4.6900,-15.1187,-10.4287,0.84524,AGENT_STOP,0,F0:10,5031,0,0,0,0,0,0,0,0,5031,11,0,false,false,32,0.2724,1.0000,15
2026-05-06 12:52:37,run_1778060708817,5,60,460,v3,16,true,32,10,0,0.0,9,4.0520,-6.5112,-2.4592,0.84208,MASK_EMPTY,1,F0:8|F1:1,5981,0,0,0,0,0,1,0,0,5980,10,0,false,false,32,0.3192,1.0000,19
2026-05-06 12:52:45,run_1778060708817,5,70,470,v3,16,true,32,18,0,0.0,17,10.1260,-15.3352,-5.2092,0.83893,AGENT_STOP,1,F0:14|F1:3,9215,0,0,0,0,0,0,0,0,9215,13,0,false,false,32,0.3104,1.0000,19
2026-05-06 12:52:56,run_1778060708817,5,80,480,v3,16,true,32,23,0,0.0,22,15.0948,-24.4771,-9.3823,0.83580,AGENT_STOP,2,F0:15|F1:6|F2:1,10344,0,0,0,0,0,0,0,0,10344,20,0,false,false,32,0.2869,1.0000,20
2026-05-06 12:53:06,run_1778060708817,5,90,490,v3,16,true,32,14,0,0.0,14,6.3220,-14.3078,-7.9858,0.83267,AGENT_STOP,1,F0:13|F1:1,7419,0,0,0,0,0,0,0,0,7419,13,0,false,false,32,0.2973,1.0000,19
2026-05-06 12:53:15,run_1778060708817,5,100,500,v3,16,true,32,14,0,0.0,13,7.6440,-9.1786,-1.5346,0.82956,AGENT_STOP,1,F0:11|F1:2,7035,0,0,0,0,0,0,0,0,7035,11,0,false,false,32,0.3231,1.0000,19
2026-05-06 12:53:24,run_1778060708817,6,10,510,v3,16,true,32,14,0,0.0,13,5.8708,-15.2864,-9.4156,0.82646,AGENT_STOP,1,F0:11|F1:2,6366,0,0,0,0,0,0,0,0,6366,14,0,false,false,32,0.2908,1.0000,18
2026-05-06 12:53:32,run_1778060708817,6,20,520,v3,16,true,32,14,0,0.0,13,6.2720,-11.9787,-5.7067,0.82337,AGENT_STOP,1,F0:12|F1:1,7288,0,0,0,0,0,0,0,0,7288,10,0,false,false,32,0.3035,1.0000,19
2026-05-06 12:53:43,run_1778060708817,6,30,530,v3,16,true,32,33,0,0.0,32,26.5232,-11.9409,14.5823,0.82029,AGENT_STOP,2,F0:21|F1:9|F2:2,17318,0,0,0,0,0,0,0,0,17318,25,0,false,false,32,0.3148,1.0000,19
2026-05-06 12:53:54,run_1778060708817,6,40,540,v3,16,true,32,17,0,0.0,16,9.4020,-19.7205,-10.3185,0.81723,AGENT_STOP,1,F0:12|F1:4,9525,0,0,0,0,0,0,0,0,9525,22,0,false,false,32,0.3196,1.0000,19
2026-05-06 12:54:05,run_1778060708817,6,50,550,v3,16,true,32,9,0,0.0,8,4.0000,-7.3476,-3.3476,0.81417,AGENT_STOP,0,F0:8,5128,0,0,0,0,0,0,0,0,5128,6,0,false,false,32,0.2656,1.0000,15
2026-05-06 12:54:14,run_1778060708817,6,60,560,v3,16,true,32,18,0,0.0,17,10.5020,-15.6919,-5.1899,0.81113,AGENT_STOP,1,F0:16|F1:1,9474,0,0,0,0,0,0,0,0,9474,17,0,false,false,32,0.3157,1.0000,18
2026-05-06 12:54:21,run_1778060708817,6,70,570,v3,16,true,32,17,0,0.0,16,8.4700,-25.3477,-16.8777,0.80810,AGENT_STOP,0,F0:16,9229,0,0,0,0,0,0,0,0,9229,14,0,false,false,32,0.2757,1.0000,15
2026-05-06 12:54:33,run_1778060708817,6,80,580,v3,16,true,32,55,0,0.0,57,67.1467,-19.4870,47.6597,0.80508,MAX_STEPS,2,F0:42|F1:9|F2:6,26617,0,0,0,0,0,1,0,0,26616,54,0,false,false,32,0.3167,1.0000,19
2026-05-06 12:54:40,run_1778060708817,6,90,590,v3,16,true,32,12,0,0.0,11,4.6900,-13.1854,-8.4954,0.80207,AGENT_STOP,0,F0:11,5868,0,0,0,0,0,0,0,0,5868,18,0,false,false,32,0.2662,1.0000,16
2026-05-06 12:54:47,run_1778060708817,6,100,600,v3,16,true,32,6,0,0.0,5,2.2320,-10.1516,-7.9196,0.79907,AGENT_STOP,1,F0:4|F1:1,3682,0,0,0,0,0,0,0,0,3682,6,0,false,false,32,0.2856,1.0000,18
2026-05-06 12:54:57,run_1778060708817,7,10,610,v3,16,true,32,15,0,0.0,14,6.1220,-18.5718,-12.4498,0.79608,AGENT_STOP,1,F0:13|F1:1,6785,0,0,0,0,0,0,0,0,6785,13,0,false,false,32,0.2903,1.0000,19
2026-05-06 12:55:07,run_1778060708817,7,20,620,v3,16,true,32,10,0,0.0,9,4.5940,-6.6467,-2.0527,0.79311,AGENT_STOP,1,F0:7|F1:2,5505,0,0,0,0,0,1,0,0,5504,7,0,false,false,32,0.3175,1.0000,19
2026-05-06 12:55:21,run_1778060708817,7,30,630,v3,16,true,32,27,0,0.0,26,19.8920,-27.3481,-7.4561,0.79014,AGENT_STOP,1,F0:19|F1:7,11037,0,0,0,0,0,0,0,0,11037,19,0,false,false,32,0.2931,1.0000,18
2026-05-06 12:55:33,run_1778060708817,7,40,640,v3,16,true,32,55,0,0.0,54,63.0654,-11.0402,52.0252,0.78719,AGENT_STOP,2,F0:40|F1:13|F2:1,24166,0,0,0,0,0,0,0,0,24166,60,0,false,false,32,0.3098,1.0000,20
2026-05-06 12:55:41,run_1778060708817,7,50,650,v3,16,true,32,6,0,0.0,5,1.2000,-10.1516,-8.9516,0.78425,AGENT_STOP,0,F0:5,3343,0,0,0,0,0,0,0,0,3343,2,0,false,false,32,0.1837,1.0000,12
2026-05-06 12:55:54,run_1778060708817,7,60,660,v3,16,true,32,51,0,0.0,51,56.5378,-17.7312,38.8066,0.78132,AGENT_STOP,3,F0:35|F1:12|F2:2|F3:2,24636,0,0,0,0,0,0,0,0,24636,53,0,false,false,32,0.3328,1.0000,20
2026-05-06 12:56:02,run_1778060708817,7,70,670,v3,16,true,32,11,0,0.0,10,4.4200,-10.2398,-5.8198,0.77840,AGENT_STOP,0,F0:10,5577,0,0,0,0,0,0,0,0,5577,5,0,false,false,32,0.2832,1.0000,16
2026-05-06 12:56:09,run_1778060708817,7,80,680,v3,16,true,32,11,0,0.0,10,5.2300,-6.5582,-1.3282,0.77549,AGENT_STOP,0,F0:10,5605,0,0,0,0,0,1,0,0,5604,9,0,false,false,32,0.2887,1.0000,16
2026-05-06 12:56:19,run_1778060708817,7,90,690,v3,16,true,32,14,0,0.0,13,6.5420,-12.7157,-6.1737,0.77259,AGENT_STOP,1,F0:12|F1:1,7438,0,0,0,0,0,0,0,0,7438,11,0,false,false,32,0.3036,1.0000,19
2026-05-06 12:56:30,run_1778060708817,7,100,700,v3,16,true,32,33,0,0.0,32,25.0848,-15.9978,9.0870,0.76970,AGENT_STOP,1,F0:24|F1:8,17609,0,0,0,0,0,0,0,0,17609,30,0,false,false,32,0.3006,1.0000,19
2026-05-06 12:56:41,run_1778060708817,8,10,710,v3,16,true,32,27,0,0.0,27,20.5634,-7.9743,12.5891,0.76682,AGENT_STOP,2,F0:16|F1:10|F2:1,13134,0,0,0,0,0,0,0,0,13134,25,0,false,false,32,0.2887,1.0000,20
2026-05-06 12:56:51,run_1778060708817,8,20,720,v3,16,true,32,47,0,0.0,48,51.9229,-11.0279,40.8950,0.76396,AGENT_STOP,3,F0:21|F1:9|F2:12|F3:6,24860,0,0,0,0,0,0,0,0,24860,43,0,false,false,32,0.3169,1.0000,20
2026-05-06 12:57:01,run_1778060708817,8,30,730,v3,16,true,32,9,0,0.0,8,4.6300,-5.6522,-1.0222,0.76110,AGENT_STOP,0,F0:8,4968,0,0,0,0,0,0,0,0,4968,6,0,false,false,32,0.2656,1.0000,15
2026-05-06 12:57:12,run_1778060708817,8,40,740,v3,16,true,32,13,0,0.0,12,6.6760,-6.0912,0.5848,0.75826,AGENT_STOP,1,F0:8|F1:4,7499,0,0,0,0,0,0,0,0,7499,9,0,false,false,32,0.2988,1.0000,18
2026-05-06 12:57:22,run_1778060708817,8,50,750,v3,16,true,32,32,0,0.0,32,25.5942,-10.9627,14.6315,0.75542,AGENT_STOP,2,F0:22|F1:5|F2:5,14965,0,0,0,0,0,0,0,0,14965,26,0,false,false,32,0.2869,1.0000,19
2026-05-06 12:57:30,run_1778060708817,8,60,760,v3,16,true,32,14,0,0.0,13,7.2104,-7.2426,-0.0322,0.75260,AGENT_STOP,1,F0:9|F1:4,7148,0,0,0,0,0,0,0,0,7148,10,0,false,false,32,0.2755,1.0000,19
2026-05-06 12:57:42,run_1778060708817,8,70,770,v3,16,true,32,6,0,0.0,5,1.9100,-10.1516,-8.2416,0.74979,AGENT_STOP,0,F0:5,3375,0,0,0,0,0,0,0,0,3375,3,0,false,false,32,0.2617,1.0000,15
2026-05-06 12:57:52,run_1778060708817,8,80,780,v3,16,true,32,25,0,0.0,25,18.1680,-11.8574,6.3106,0.74699,AGENT_STOP,1,F0:15|F1:10,13910,0,0,0,0,0,0,0,0,13910,19,0,false,false,32,0.3067,1.0000,20
2026-05-06 12:58:01,run_1778060708817,8,90,790,v3,16,true,32,10,0,0.0,9,4.6320,-7.3316,-2.6996,0.74419,AGENT_STOP,1,F0:8|F1:1,5985,0,0,0,0,0,0,0,0,5985,9,0,false,false,32,0.2994,1.0000,18
2026-05-06 12:58:09,run_1778060708817,8,100,800,v3,16,true,32,12,0,0.0,11,6.0100,-8.4831,-2.4731,0.74141,AGENT_STOP,1,F0:8|F1:3,6048,0,0,0,0,0,0,0,0,6048,9,0,false,false,32,0.2795,1.0000,18
2026-05-06 12:58:21,run_1778060708817,9,10,810,v3,16,true,32,8,0,0.0,7,2.5500,-8.0613,-5.5113,0.73864,AGENT_STOP,0,F0:7,3860,0,0,0,0,0,0,0,0,3860,8,0,false,false,32,0.2029,1.0000,12
2026-05-06 12:58:28,run_1778060708817,9,20,820,v3,16,true,32,20,0,0.0,19,13.5108,-8.0569,5.4539,0.73588,AGENT_STOP,1,F0:12|F1:7,9640,0,0,0,0,0,0,0,0,9640,17,0,false,false,32,0.3054,1.0000,18
2026-05-06 12:58:37,run_1778060708817,9,30,830,v3,16,true,32,16,0,0.0,15,8.6260,-11.5175,-2.8915,0.73313,AGENT_STOP,1,F0:12|F1:3,7653,0,0,0,0,0,0,0,0,7653,12,0,false,false,32,0.2993,1.0000,18
2026-05-06 12:58:43,run_1778060708817,9,40,840,v3,16,true,32,23,0,0.0,23,14.3680,-26.3053,-11.9373,0.73039,AGENT_STOP,1,F0:21|F1:2,11530,0,0,0,0,0,0,0,0,11530,22,0,false,false,32,0.3200,1.0000,19
2026-05-06 12:58:57,run_1778060708817,9,50,850,v3,16,true,32,44,0,0.0,44,43.7298,-17.8205,25.9093,0.72766,AGENT_STOP,2,F0:26|F1:6|F2:12,21379,0,0,0,0,0,0,0,0,21379,48,0,false,false,32,0.2999,1.0000,20
2026-05-06 12:59:07,run_1778060708817,9,60,860,v3,16,true,32,8,0,0.0,7,3.6720,-5.8559,-2.1839,0.72494,AGENT_STOP,1,F0:6|F1:1,3722,0,0,0,0,0,0,0,0,3722,9,0,false,false,32,0.3011,1.0000,18
2026-05-06 12:59:17,run_1778060708817,9,70,870,v3,16,true,32,20,0,0.0,19,11.0888,-17.3546,-6.2658,0.72223,AGENT_STOP,1,F0:15|F1:4,9875,0,0,0,0,0,0,0,0,9875,17,0,false,false,32,0.2943,1.0000,18
2026-05-06 12:59:26,run_1778060708817,9,80,880,v3,16,true,32,8,0,0.0,7,2.6219,-11.8219,-9.2000,0.71953,AGENT_STOP,0,F0:7,3590,0,0,0,0,0,0,0,0,3590,7,0,false,false,32,0.2173,1.0000,13
2026-05-06 12:59:38,run_1778060708817,9,90,890,v3,16,true,32,29,1,3.4,28,15.0820,-21.2614,-6.1794,0.71684,AGENT_STOP,1,F0:22|F1:6,14129,1,0,0,0,0,0,0,0,14128,25,0,false,false,32,0.2923,1.0000,20
2026-05-06 12:59:46,run_1778060708817,9,100,900,v3,16,true,32,12,0,0.0,11,4.8227,-11.2697,-6.4470,0.71416,AGENT_STOP,1,F0:10|F1:1,5198,0,0,0,0,0,0,0,0,5198,8,0,false,false,32,0.2358,1.0000,17
2026-05-06 12:59:56,run_1778060708817,10,10,910,v3,16,true,32,6,0,0.0,5,2.7500,-10.1516,-7.4016,0.71149,AGENT_STOP,0,F0:5,3170,0,0,0,0,0,0,0,0,3170,6,0,false,false,32,0.2803,1.0000,15
2026-05-06 13:00:08,run_1778060708817,10,20,920,v3,16,true,32,16,0,0.0,15,8.3180,-10.0958,-1.7778,0.70883,AGENT_STOP,1,F0:13|F1:2,5346,0,0,0,0,0,0,0,0,5346,14,0,false,false,32,0.2867,1.0000,19
2026-05-06 13:00:18,run_1778060708817,10,30,930,v3,16,true,32,8,0,0.0,7,3.1400,-7.0507,-3.9107,0.70618,AGENT_STOP,0,F0:7,3481,0,0,0,0,0,0,0,0,3481,7,0,false,false,32,0.2883,1.0000,16
2026-05-06 13:00:27,run_1778060708817,10,40,940,v3,16,true,32,19,0,0.0,18,10.1800,-13.1711,-2.9911,0.70354,AGENT_STOP,0,F0:18,8310,0,0,0,0,0,0,0,0,8310,16,0,false,false,32,0.2748,1.0000,16
2026-05-06 13:00:39,run_1778060708817,10,50,950,v3,16,true,32,7,0,0.0,6,2.7200,-6.9141,-4.1941,0.70091,AGENT_STOP,0,F0:6,2959,0,0,0,0,0,1,0,0,2958,6,0,false,false,32,0.2671,1.0000,15
2026-05-06 13:00:52,run_1778060708817,10,60,960,v3,16,true,32,9,0,0.0,8,3.8520,-7.8234,-3.9714,0.69830,AGENT_STOP,1,F0:7|F1:1,4774,0,0,0,0,0,0,0,0,4774,5,0,false,false,32,0.2942,1.0000,18
2026-05-06 13:01:00,run_1778060708817,10,70,970,v3,16,true,32,23,0,0.0,22,15.0280,-13.7886,1.2394,0.69569,AGENT_STOP,1,F0:17|F1:5,10757,0,0,0,0,0,0,0,0,10757,60,0,false,false,32,0.2926,1.0000,19
2026-05-06 13:01:19,run_1778060708817,10,80,980,v3,16,true,32,31,0,0.0,30,24.7152,-9.1117,15.6035,0.69308,AGENT_STOP,2,F0:18|F1:9|F2:3,15922,0,0,0,0,0,0,0,0,15922,43,0,false,false,32,0.3074,1.0000,20
2026-05-06 13:01:32,run_1778060708817,10,90,990,v3,16,true,32,17,0,0.0,16,11.5140,-5.3067,6.2073,0.69049,AGENT_STOP,1,F0:14|F1:2,9697,0,0,0,0,0,2,0,0,9695,22,0,false,false,32,0.3312,1.0000,19
2026-05-06 13:01:45,run_1778060708817,10,100,1000,v3,16,true,32,7,0,0.0,6,1.9600,-10.5378,-8.5778,0.68791,AGENT_STOP,0,F0:6,3697,0,0,0,0,0,0,0,0,3697,7,0,false,false,32,0.2671,1.0000,15
2026-05-06 13:01:56,run_1778060708817,11,10,1010,v3,16,true,32,19,0,0.0,18,10.6100,-11.4099,-0.7999,0.68534,AGENT_STOP,1,F0:15|F1:3,9672,0,0,0,0,0,4,0,0,9668,23,0,false,false,32,0.3063,1.0000,19
2026-05-06 13:02:06,run_1778060708817,11,20,1020,v3,16,true,32,15,0,0.0,14,8.5368,-7.6803,0.8565,0.68278,AGENT_STOP,2,F0:11|F1:2|F2:1,7505,0,0,0,0,0,0,0,0,7505,16,0,false,false,32,0.3130,1.0000,18
2026-05-06 13:02:14,run_1778060708817,11,30,1030,v3,16,true,32,11,0,0.0,10,5.2600,-8.3744,-3.1144,0.68023,AGENT_STOP,1,F0:7|F1:3,5508,0,0,0,0,0,0,0,0,5508,12,0,false,false,32,0.2957,1.0000,19
2026-05-06 13:02:25,run_1778060708817,11,40,1040,v3,16,true,32,11,0,0.0,11,5.8740,-7.4120,-1.5380,0.67769,AGENT_STOP,1,F0:9|F1:2,5938,0,0,0,0,0,0,0,0,5938,5,0,false,false,32,0.3303,1.0000,18
2026-05-06 13:02:34,run_1778060708817,11,50,1050,v3,16,true,32,6,0,0.0,5,1.9100,-10.1516,-8.2416,0.67515,AGENT_STOP,0,F0:5,3583,0,0,0,0,0,0,0,0,3583,5,0,false,false,32,0.2617,1.0000,15
2026-05-06 13:02:45,run_1778060708817,11,60,1060,v3,16,true,32,50,0,0.0,49,55.9401,-7.5816,48.3585,0.67263,AGENT_STOP,3,F0:24|F1:10|F2:11|F3:4,25316,0,0,0,0,0,0,0,0,25316,42,0,false,false,32,0.3111,1.0000,20
2026-05-06 13:02:55,run_1778060708817,11,70,1070,v3,16,true,32,7,0,0.0,6,2.5620,-10.4360,-7.8740,0.67012,AGENT_STOP,1,F0:5|F1:1,3323,0,0,0,0,0,0,0,0,3323,2,0,false,false,32,0.2827,1.0000,18
2026-05-06 13:03:05,run_1778060708817,11,80,1080,v3,16,true,32,9,0,0.0,8,3.7620,-10.6766,-6.9146,0.66761,AGENT_STOP,1,F0:7|F1:1,5314,0,0,0,0,0,0,0,0,5314,8,0,false,false,32,0.3018,1.0000,18
2026-05-06 13:03:17,run_1778060708817,11,90,1090,v3,16,true,32,15,0,0.0,14,8.5900,-11.6004,-3.0104,0.66512,AGENT_STOP,0,F0:14,7361,0,0,0,0,0,0,0,0,7361,15,0,false,false,32,0.3054,1.0000,16
2026-05-06 13:03:24,run_1778060708817,11,100,1100,v3,16,true,32,6,0,0.0,5,1.8400,-10.1516,-8.3116,0.66263,AGENT_STOP,0,F0:5,3385,0,0,0,0,0,0,0,0,3385,5,0,false,false,32,0.1992,1.0000,13
2026-05-06 13:03:33,run_1778060708817,12,10,1110,v3,16,true,32,10,0,0.0,9,4.0220,-9.0653,-5.0433,0.66015,AGENT_STOP,1,F0:8|F1:1,5106,0,0,0,0,0,0,0,0,5106,10,0,false,false,32,0.2927,1.0000,19
2026-05-06 13:03:45,run_1778060708817,12,20,1120,v3,16,true,32,25,0,0.0,24,17.3474,-9.0930,8.2545,0.65769,AGENT_STOP,2,F0:18|F1:4|F2:2,11900,0,0,0,0,0,0,0,0,11900,24,0,false,false,32,0.3007,1.0000,19
2026-05-06 13:03:54,run_1778060708817,12,30,1130,v3,16,true,32,21,0,0.0,20,12.5480,-12.1217,0.4263,0.65523,AGENT_STOP,1,F0:16|F1:4,9478,0,0,0,0,0,0,0,0,9478,21,0,false,false,32,0.3015,1.0000,19
2026-05-06 13:04:08,run_1778060708817,12,40,1140,v3,16,true,32,7,0,0.0,6,2.1400,-10.1162,-7.9762,0.65278,AGENT_STOP,0,F0:6,3260,0,0,0,0,0,0,0,0,3260,7,0,false,false,32,0.2558,1.0000,14
2026-05-06 13:04:25,run_1778060708817,12,50,1150,v3,16,true,32,52,0,0.0,52,55.8139,-21.6191,34.1948,0.65034,AGENT_STOP,2,F0:35|F1:16|F2:1,23695,0,0,0,0,0,0,0,0,23695,51,0,false,false,32,0.3143,1.0000,20
2026-05-06 13:04:35,run_1778060708817,12,60,1160,v3,16,true,32,46,1,2.2,45,38.8804,-13.0248,25.8556,0.64791,AGENT_STOP,2,F0:35|F1:5|F2:5,23352,1,0,0,0,0,0,0,0,23351,51,0,false,false,32,0.3132,1.0000,20
2026-05-06 13:04:43,run_1778060708817,12,70,1170,v3,16,true,32,6,0,0.0,5,2.1500,-10.1516,-8.0016,0.64549,AGENT_STOP,0,F0:5,3520,0,0,0,0,0,0,0,0,3520,3,0,false,false,32,0.2803,1.0000,15
2026-05-06 13:04:50,run_1778060708817,12,80,1180,v3,16,true,32,18,0,0.0,17,9.5820,-25.8383,-16.2563,0.64307,AGENT_STOP,1,F0:13|F1:4,9175,0,0,0,0,0,0,0,0,9175,13,0,false,false,32,0.2951,1.0000,18
2026-05-06 13:05:03,run_1778060708817,12,90,1190,v3,16,true,32,42,0,0.0,43,43.5044,-7.4725,36.0319,0.64067,AGENT_STOP,3,F0:24|F1:10|F2:8|F3:1,21315,0,0,0,0,0,0,0,0,21315,36,0,false,false,32,0.3295,1.0000,19
2026-05-06 13:05:15,run_1778060708817,12,100,1200,v3,16,true,32,20,0,0.0,20,13.2646,-12.8788,0.3859,0.63828,AGENT_STOP,2,F0:15|F1:4|F2:1,10077,0,0,0,0,0,0,0,0,10077,15,0,false,false,32,0.3353,1.0000,19
2026-05-06 13:05:27,run_1778060708817,13,10,1210,v3,16,true,32,31,0,0.0,31,25.0632,-18.1015,6.9617,0.63589,AGENT_STOP,2,F0:21|F1:8|F2:2,16625,0,0,0,0,0,0,0,0,16625,19,0,false,false,32,0.3312,1.0000,19
2026-05-06 13:05:36,run_1778060708817,13,20,1220,v3,16,true,32,13,0,0.0,13,7.0940,-7.4016,-0.3076,0.63351,AGENT_STOP,1,F0:11|F1:2,7915,0,0,0,0,0,0,0,0,7915,7,0,false,false,32,0.3184,1.0000,19
2026-05-06 13:05:48,run_1778060708817,13,30,1230,v3,16,true,32,14,0,0.0,13,7.6660,-7.0122,0.6538,0.63115,AGENT_STOP,1,F0:9|F1:4,7849,0,0,0,0,0,0,0,0,7849,12,0,false,false,32,0.3037,1.0000,18
2026-05-06 13:05:58,run_1778060708817,13,40,1240,v3,16,true,32,28,4,14.3,23,7.9920,-12.3047,-4.3127,0.62879,AGENT_STOP,1,F0:19|F1:4,15310,4,0,0,0,0,0,0,0,15306,30,0,false,false,32,0.3080,1.0000,19
2026-05-06 13:06:10,run_1778060708817,13,50,1250,v3,16,true,32,6,0,0.0,5,1.7200,-10.1516,-8.4316,0.62644,AGENT_STOP,0,F0:5,3651,0,0,0,0,0,0,0,0,3651,3,0,false,false,32,0.1992,1.0000,12
2026-05-06 13:06:23,run_1778060708817,13,60,1260,v3,16,true,32,11,0,0.0,10,4.9840,-10.7130,-5.7290,0.62409,AGENT_STOP,1,F0:8|F1:2,5750,0,0,0,0,0,0,0,0,5750,11,0,false,false,32,0.3134,1.0000,18
2026-05-06 13:06:38,run_1778060708817,13,70,1270,v3,16,true,32,10,0,0.0,9,3.4600,-9.5194,-6.0594,0.62176,AGENT_STOP,0,F0:9,5063,0,0,0,0,0,0,0,0,5063,9,0,false,false,32,0.2539,1.0000,15
2026-05-06 13:06:48,run_1778060708817,13,80,1280,v3,16,true,32,11,0,0.0,10,4.8840,-13.4999,-8.6159,0.61944,AGENT_STOP,1,F0:8|F1:2,5307,0,0,0,0,0,0,0,0,5307,8,0,false,false,32,0.2993,1.0000,19
2026-05-06 13:06:58,run_1778060708817,13,90,1290,v3,16,true,32,7,0,0.0,6,2.0500,-9.7162,-7.6662,0.61712,AGENT_STOP,0,F0:6,2918,0,0,0,0,0,0,0,0,2918,5,0,false,false,32,0.2516,1.0000,15
2026-05-06 13:07:11,run_1778060708817,13,100,1300,v3,16,true,32,16,0,0.0,15,9.8632,-5.5307,4.3325,0.61482,AGENT_STOP,1,F0:10|F1:5,7323,0,0,0,0,0,1,0,0,7322,15,0,false,false,32,0.2982,1.0000,19
2026-05-06 13:07:19,run_1778060708817,14,10,1310,v3,16,true,32,11,0,0.0,10,4.1500,-12.3888,-8.2388,0.61252,AGENT_STOP,0,F0:10,5566,0,0,0,0,0,0,0,0,5566,8,0,false,false,32,0.2707,1.0000,16
2026-05-06 13:07:32,run_1778060708817,14,20,1320,v3,16,true,32,50,0,0.0,50,54.0312,-17.6712,36.3600,0.61023,AGENT_STOP,2,F0:36|F1:11|F2:3,24160,0,0,0,0,0,0,0,0,24160,54,0,false,false,32,0.3137,1.0000,20
2026-05-06 13:07:45,run_1778060708817,14,30,1330,v3,16,true,32,45,0,0.0,45,47.4055,-15.5815,31.8240,0.60795,AGENT_STOP,3,F0:20|F1:15|F2:9|F3:1,22221,0,0,0,0,0,0,0,0,22221,37,0,false,false,32,0.3081,1.0000,19
2026-05-06 13:07:55,run_1778060708817,14,40,1340,v3,16,true,32,8,0,0.0,7,3.0500,-7.6148,-4.5648,0.60568,AGENT_STOP,0,F0:7,3560,0,0,0,0,0,0,0,0,3560,7,0,false,false,32,0.2798,1.0000,15
2026-05-06 13:08:06,run_1778060708817,14,50,1350,v3,16,true,32,14,0,0.0,13,6.6600,-10.8459,-4.1859,0.60341,AGENT_STOP,1,F0:9|F1:4,7662,0,0,0,0,0,0,0,0,7662,13,0,false,false,32,0.2633,1.0000,20
2026-05-06 13:08:19,run_1778060708817,14,60,1360,v3,16,true,32,18,0,0.0,17,9.1520,-14.8677,-5.7157,0.60116,AGENT_STOP,1,F0:16|F1:1,8422,0,0,0,0,0,0,0,0,8422,15,0,false,false,32,0.3033,1.0000,19
2026-05-06 13:08:28,run_1778060708817,14,70,1370,v3,16,true,32,18,0,0.0,17,11.9736,-6.2938,5.6798,0.59891,AGENT_STOP,1,F0:11|F1:6,8937,0,0,0,0,0,0,0,0,8937,21,0,false,false,32,0.2948,1.0000,19
2026-05-06 13:08:39,run_1778060708817,14,80,1380,v3,16,true,32,25,0,0.0,26,18.4640,-15.5982,2.8658,0.59667,AGENT_STOP,1,F0:21|F1:5,12305,0,0,0,0,0,0,0,0,12305,25,0,false,false,32,0.3285,1.0000,18
2026-05-06 13:08:49,run_1778060708817,14,90,1390,v3,16,true,32,26,0,0.0,25,18.3170,-28.4479,-10.1308,0.59444,AGENT_STOP,2,F0:17|F1:7|F2:1,12615,0,0,0,0,0,0,0,0,12615,22,0,false,false,32,0.3055,1.0000,19
2026-05-06 13:08:59,run_1778060708817,14,100,1400,v3,16,true,32,8,0,0.0,7,3.1380,-8.5516,-5.4136,0.59222,AGENT_STOP,1,F0:5|F1:2,3489,0,0,0,0,0,0,0,0,3489,10,0,false,false,32,0.2685,1.0000,18
2026-05-06 13:09:07,run_1778060708817,15,10,1410,v3,16,true,32,21,0,0.0,21,13.3700,-10.2601,3.1099,0.59001,AGENT_STOP,1,F0:12|F1:9,11174,0,0,0,0,0,0,0,0,11174,24,0,false,false,32,0.2791,1.0000,19
2026-05-06 13:09:18,run_1778060708817,15,20,1420,v3,16,true,32,16,0,0.0,15,8.3720,-16.5969,-8.2249,0.58780,AGENT_STOP,1,F0:14|F1:1,7226,0,0,0,0,0,0,0,0,7226,15,0,false,false,32,0.2960,1.0000,18
2026-05-06 13:09:29,run_1778060708817,15,30,1430,v3,16,true,32,12,0,0.0,11,6.2340,-7.4517,-1.2177,0.58560,AGENT_STOP,1,F0:9|F1:2,5726,0,0,0,0,0,1,0,0,5725,9,0,false,false,32,0.2917,1.0000,18
2026-05-06 13:09:42,run_1778060708817,15,40,1440,v3,16,true,32,35,0,0.0,34,29.7839,-7.6459,22.1380,0.58341,AGENT_STOP,2,F0:24|F1:6|F2:4,15503,0,0,0,0,0,0,0,0,15503,24,0,false,false,32,0.2996,1.0000,20
2026-05-06 13:09:52,run_1778060708817,15,50,1450,v3,16,true,32,6,0,0.0,5,2.5100,-10.1516,-7.6416,0.58123,AGENT_STOP,0,F0:5,3618,0,0,0,0,0,0,0,0,3618,4,0,false,false,32,0.2617,1.0000,14
2026-05-06 13:10:04,run_1778060708817,15,60,1460,v3,16,true,32,27,0,0.0,27,20.9119,-13.3437,7.5682,0.57906,AGENT_STOP,2,F0:14|F1:12|F2:1,12333,0,0,0,0,0,0,0,0,12333,21,0,false,false,32,0.2958,1.0000,20
2026-05-06 13:10:15,run_1778060708817,15,70,1470,v3,16,true,32,9,0,0.0,8,3.4520,-10.3314,-6.8794,0.57690,AGENT_STOP,1,F0:7|F1:1,4695,0,0,0,0,0,0,0,0,4695,8,0,false,false,32,0.3071,1.0000,19
2026-05-06 13:10:26,run_1778060708817,15,80,1480,v3,16,true,32,55,0,0.0,56,66.7074,-14.5818,52.1256,0.57474,MAX_STEPS,2,F0:28|F1:25|F2:3,24128,0,0,0,0,0,0,0,0,24128,58,0,false,false,32,0.3081,1.0000,20
2026-05-06 13:10:39,run_1778060708817,15,90,1490,v3,16,true,32,6,0,0.0,5,2.3900,-10.1516,-7.7616,0.57259,AGENT_STOP,0,F0:5,3419,0,0,0,0,0,0,0,0,3419,3,0,false,false,32,0.2803,1.0000,15
2026-05-06 13:10:48,run_1778060708817,15,100,1500,v3,16,true,32,6,0,0.0,5,1.7900,-10.1516,-8.3616,0.57045,AGENT_STOP,0,F0:5,3252,0,0,0,0,0,0,0,0,3252,5,0,false,false,32,0.2803,1.0000,15
2026-05-06 13:11:01,run_1778060708817,16,10,1510,v3,16,true,32,27,2,7.4,24,12.4760,-9.2158,3.2602,0.56832,AGENT_STOP,2,F0:15|F1:7|F2:2,12802,2,0,0,0,0,0,0,0,12800,26,0,false,false,32,0.3031,1.0000,19
2026-05-06 13:11:11,run_1778060708817,16,20,1520,v3,16,true,32,28,0,0.0,27,21.1715,-13.3653,7.8062,0.56620,AGENT_STOP,2,F0:17|F1:9|F2:1,12685,0,0,0,0,0,0,0,0,12685,27,0,false,false,32,0.3185,1.0000,20
2026-05-06 13:11:21,run_1778060708817,16,30,1530,v3,16,true,32,11,0,0.0,10,5.9420,-6.0304,-0.0884,0.56408,AGENT_STOP,1,F0:9|F1:1,5412,0,0,0,0,0,0,0,0,5412,10,0,false,false,32,0.3012,1.0000,18
2026-05-06 13:11:37,run_1778060708817,16,40,1540,v3,16,true,32,43,0,0.0,42,43.1240,-14.6519,28.4721,0.56197,AGENT_STOP,2,F0:26|F1:14|F2:2,20364,0,0,0,0,0,0,0,0,20364,50,0,false,false,32,0.3010,1.0000,20
2026-05-06 13:11:49,run_1778060708817,16,50,1550,v3,16,true,32,8,0,0.0,7,3.7540,-5.9820,-2.2280,0.55987,AGENT_STOP,1,F0:5|F1:2,3200,0,0,0,0,0,0,0,0,3200,5,0,false,false,32,0.2969,1.0000,18
2026-05-06 13:12:01,run_1778060708817,16,60,1560,v3,16,true,32,8,0,0.0,7,3.1400,-7.9436,-4.8036,0.55778,AGENT_STOP,0,F0:7,3410,0,0,0,0,0,0,0,0,3410,4,0,false,false,32,0.2798,1.0000,15
2026-05-06 13:12:15,run_1778060708817,16,70,1570,v3,16,true,32,12,0,0.0,11,7.3012,-6.1079,1.1933,0.55569,AGENT_STOP,2,F0:6|F1:3|F2:2,5728,0,0,0,0,0,0,0,0,5728,14,0,false,false,32,0.3090,1.0000,18
2026-05-06 13:12:31,run_1778060708817,16,80,1580,v3,16,true,32,15,0,0.0,14,7.6300,-19.1797,-11.5497,0.55362,AGENT_STOP,0,F0:14,7708,0,0,0,0,0,0,0,0,7708,9,0,false,false,32,0.2956,1.0000,16
2026-05-06 13:12:45,run_1778060708817,16,90,1590,v3,16,true,32,8,0,0.0,7,3.4020,-7.7156,-4.3136,0.55155,AGENT_STOP,1,F0:6|F1:1,3375,0,0,0,0,0,0,0,0,3375,7,0,false,false,32,0.2922,1.0000,18
2026-05-06 13:12:58,run_1778060708817,16,100,1600,v3,16,true,32,12,0,0.0,11,6.6340,-8.2613,-1.6273,0.54949,AGENT_STOP,1,F0:9|F1:2,5365,0,0,0,0,0,0,0,0,5365,12,0,false,false,32,0.3053,1.0000,18
2026-05-06 13:13:11,run_1778060708817,17,10,1610,v3,16,true,32,26,0,0.0,25,19.0032,-11.8126,7.1906,0.54743,AGENT_STOP,2,F0:19|F1:4|F2:2,12437,0,0,0,0,0,1,0,0,12436,26,0,false,false,32,0.3227,1.0000,19
2026-05-06 13:13:23,run_1778060708817,17,20,1620,v3,16,true,32,8,0,0.0,7,3.1900,-8.1429,-4.9529,0.54539,AGENT_STOP,0,F0:7,3413,0,0,0,0,0,0,0,0,3413,7,0,false,false,32,0.2524,1.0000,15
2026-05-06 13:13:34,run_1778060708817,17,30,1630,v3,16,true,32,13,0,0.0,12,6.5968,-8.4662,-1.8694,0.54335,AGENT_STOP,1,F0:9|F1:3,6536,0,0,0,0,0,0,0,0,6536,10,0,false,false,32,0.2857,1.0000,18
2026-05-06 13:13:47,run_1778060708817,17,40,1640,v3,16,true,32,34,0,0.0,35,29.4320,-24.1577,5.2743,0.54132,AGENT_STOP,2,F0:19|F1:10|F2:6,16902,0,0,0,0,0,0,0,0,16902,32,0,false,false,32,0.3156,1.0000,20
2026-05-06 13:13:55,run_1778060708817,17,50,1650,v3,16,true,32,6,0,0.0,5,2.2700,-10.1516,-7.8816,0.53929,AGENT_STOP,0,F0:5,3241,0,0,0,0,0,0,0,0,3241,4,0,false,false,32,0.2617,1.0000,15
2026-05-06 13:14:07,run_1778060708817,17,60,1660,v3,16,true,32,42,2,4.8,39,22.3288,-12.3335,9.9953,0.53728,AGENT_STOP,2,F0:32|F1:5|F2:2,19958,2,0,0,0,0,1,0,0,19955,39,0,false,false,32,0.3372,1.0000,19
2026-05-06 13:14:20,run_1778060708817,17,70,1670,v3,16,true,32,14,0,0.0,13,6.7140,-11.6030,-4.8890,0.53527,AGENT_STOP,1,F0:11|F1:2,5957,0,0,0,0,0,0,0,0,5957,14,0,false,false,32,0.2901,1.0000,18
2026-05-06 13:14:34,run_1778060708817,17,80,1680,v3,16,true,32,19,0,0.0,18,11.7088,-17.4498,-5.7410,0.53327,AGENT_STOP,1,F0:14|F1:4,9393,0,0,0,0,0,1,0,0,9392,13,0,false,false,32,0.3261,1.0000,19
2026-05-06 13:14:44,run_1778060708817,17,90,1690,v3,16,true,32,21,0,0.0,21,13.1320,-13.0083,0.1237,0.53128,AGENT_STOP,1,F0:20|F1:1,11023,0,0,0,0,0,0,0,0,11023,14,0,false,false,32,0.3058,1.0000,19
2026-05-06 13:14:54,run_1778060708817,17,100,1700,v3,16,true,32,17,0,0.0,16,10.3028,-9.2907,1.0121,0.52929,AGENT_STOP,1,F0:13|F1:3,9064,0,0,0,0,0,0,0,0,9064,16,0,false,false,32,0.3237,1.0000,19
2026-05-06 13:15:12,run_1778060708817,18,10,1710,v3,16,true,32,18,0,0.0,18,13.1524,-5.2968,7.8556,0.52731,AGENT_STOP,2,F0:11|F1:5|F2:2,9377,0,0,0,0,0,0,0,0,9377,27,0,false,false,32,0.3314,1.0000,18
2026-05-06 13:15:22,run_1778060708817,18,20,1720,v3,16,true,32,15,0,0.0,14,7.4800,-8.6392,-1.1592,0.52534,AGENT_STOP,0,F0:14,7444,0,0,0,0,0,0,0,0,7444,13,0,false,false,32,0.2756,1.0000,16
2026-05-06 13:15:37,run_1778060708817,18,30,1730,v3,16,true,32,49,0,0.0,50,55.0365,-15.1114,39.9251,0.52338,AGENT_STOP,3,F0:26|F1:11|F2:7|F3:6,22802,0,0,0,0,0,0,0,0,22802,43,0,false,false,32,0.3318,1.0000,19
2026-05-06 13:15:48,run_1778060708817,18,40,1740,v3,16,true,32,6,0,0.0,5,2.3900,-10.1516,-7.7616,0.52142,AGENT_STOP,0,F0:5,3331,0,0,0,0,0,0,0,0,3331,4,0,false,false,32,0.2803,1.0000,15
2026-05-06 13:16:00,run_1778060708817,18,50,1750,v3,16,true,32,16,0,0.0,15,9.7760,-10.2779,-0.5019,0.51947,AGENT_STOP,2,F0:8|F1:4|F2:3,6882,0,0,0,0,0,0,0,0,6882,15,0,false,false,32,0.2881,1.0000,20
2026-05-06 13:16:09,run_1778060708817,18,60,1760,v3,16,true,32,10,0,0.0,9,4.0280,-11.4465,-7.4185,0.51753,AGENT_STOP,1,F0:7|F1:2,5305,0,0,0,0,0,0,0,0,5305,4,0,false,false,32,0.2852,1.0000,19
2026-05-06 13:16:23,run_1778060708817,18,70,1770,v3,16,true,32,30,0,0.0,30,23.3002,-12.2554,11.0448,0.51560,AGENT_STOP,2,F0:22|F1:6|F2:2,14855,0,0,0,0,0,1,0,0,14854,21,0,false,false,32,0.3137,1.0000,20
2026-05-06 13:16:33,run_1778060708817,18,80,1780,v3,16,true,32,6,0,0.0,5,1.2600,-10.1516,-8.8916,0.51367,AGENT_STOP,0,F0:5,3070,0,0,0,0,0,0,0,0,3070,2,0,false,false,32,0.1929,1.0000,13
2026-05-06 13:16:48,run_1778060708817,18,90,1790,v3,16,true,32,19,0,0.0,18,14.3876,-4.5587,9.8289,0.51175,AGENT_STOP,2,F0:10|F1:7|F2:1,10688,0,0,0,0,0,0,0,0,10688,25,0,false,false,32,0.3262,1.0000,18
2026-05-06 13:16:59,run_1778060708817,18,100,1800,v3,16,true,32,22,0,0.0,22,13.6660,-30.0919,-16.4259,0.50984,AGENT_STOP,1,F0:19|F1:3,12078,0,0,0,0,0,0,0,0,12078,17,0,false,false,32,0.3196,1.0000,19
2026-05-06 13:17:12,run_1778060708817,19,10,1810,v3,16,true,32,35,3,8.6,34,16.6400,-16.7641,-0.1241,0.50793,AGENT_STOP,1,F0:28|F1:6,16089,3,0,0,0,0,0,0,0,16086,34,0,false,false,32,0.3031,1.0000,19
2026-05-06 13:17:27,run_1778060708817,19,20,1820,v3,16,true,32,21,0,0.0,21,13.1128,-14.5242,-1.4114,0.50603,AGENT_STOP,1,F0:18|F1:3,10199,0,0,0,0,0,0,0,0,10199,22,0,false,false,32,0.3257,1.0000,19
2026-05-06 13:17:36,run_1778060708817,19,30,1830,v3,16,true,32,12,0,0.0,11,6.2308,-6.4802,-0.2494,0.50414,AGENT_STOP,1,F0:9|F1:2,6243,0,0,0,0,0,0,0,0,6243,10,0,false,false,32,0.3023,1.0000,18
2026-05-06 13:17:49,run_1778060708817,19,40,1840,v3,16,true,32,21,0,0.0,20,12.4340,-9.1987,3.2353,0.50226,AGENT_STOP,1,F0:15|F1:5,11395,0,0,0,0,0,0,0,0,11395,15,0,false,false,32,0.2854,1.0000,19
2026-05-06 13:18:02,run_1778060708817,19,50,1850,v3,16,true,32,10,0,0.0,9,4.2700,-7.9567,-3.6867,0.50038,AGENT_STOP,0,F0:9,5456,0,0,0,0,0,0,0,0,5456,7,0,false,false,32,0.2798,1.0000,15
2026-05-06 13:18:13,run_1778060708817,19,60,1860,v3,16,true,32,12,0,0.0,11,6.2228,-7.4418,-1.2190,0.49851,AGENT_STOP,1,F0:8|F1:3,5570,0,0,0,0,0,0,0,0,5570,12,0,false,false,32,0.2934,1.0000,18
2026-05-06 13:18:24,run_1778060708817,19,70,1870,v3,16,true,32,9,0,0.0,8,3.5800,-10.4260,-6.8460,0.49665,AGENT_STOP,0,F0:8,5432,0,0,0,0,0,0,0,0,5432,9,0,false,false,32,0.2703,1.0000,15
2026-05-06 13:18:39,run_1778060708817,19,80,1880,v3,16,true,32,10,0,0.0,9,4.7820,-7.8712,-3.0892,0.49479,AGENT_STOP,1,F0:8|F1:1,5539,0,0,0,0,0,0,0,0,5539,9,0,false,false,32,0.3024,1.0000,18
2026-05-06 13:18:50,run_1778060708817,19,90,1890,v3,16,true,32,38,0,0.0,38,35.8264,-5.0241,30.8023,0.49294,AGENT_STOP,1,F0:19|F1:19,19379,0,0,0,0,0,0,0,0,19379,44,0,false,false,32,0.2825,1.0000,19
2026-05-06 13:19:08,run_1778060708817,19,100,1900,v3,16,true,32,41,0,0.0,41,40.0896,-7.9894,32.1002,0.49110,AGENT_STOP,1,F0:27|F1:14,20208,0,0,0,0,0,0,0,0,20208,34,0,false,false,32,0.3050,1.0000,19
2026-05-06 13:19:19,run_1778060708817,20,10,1910,v3,16,true,32,20,0,0.0,20,13.3444,-6.8176,6.5268,0.48926,AGENT_STOP,1,F0:10|F1:10,8957,0,0,0,0,0,0,0,0,8957,22,0,false,false,32,0.2822,1.0000,19
2026-05-06 13:19:31,run_1778060708817,20,20,1920,v3,16,true,32,8,0,0.0,7,4.0920,-5.2333,-1.1413,0.48743,AGENT_STOP,1,F0:6|F1:1,3847,0,0,0,0,0,0,0,0,3847,7,0,false,false,32,0.3041,1.0000,18
2026-05-06 13:19:43,run_1778060708817,20,30,1930,v3,16,true,32,11,0,0.0,10,5.2300,-8.8690,-3.6390,0.48561,AGENT_STOP,1,F0:7|F1:3,5327,0,0,0,0,0,0,0,0,5327,10,0,false,false,32,0.2829,1.0000,18
2026-05-06 13:19:56,run_1778060708817,20,40,1940,v3,16,true,32,19,0,0.0,18,12.0408,-8.5805,3.4603,0.48380,AGENT_STOP,1,F0:11|F1:7,10163,0,0,0,0,0,0,0,0,10163,18,0,false,false,32,0.3177,1.0000,19
2026-05-06 13:20:10,run_1778060708817,20,50,1950,v3,16,true,32,15,0,0.0,14,7.9740,-8.4283,-0.4543,0.48199,AGENT_STOP,1,F0:12|F1:2,7645,0,0,0,0,0,0,0,0,7645,11,0,false,false,32,0.2981,1.0000,18
2026-05-06 13:20:22,run_1778060708817,20,60,1960,v3,16,true,32,16,0,0.0,15,8.9340,-12.0542,-3.1202,0.48019,AGENT_STOP,1,F0:13|F1:2,7790,0,0,0,0,0,0,0,0,7790,17,0,false,false,32,0.2955,1.0000,18
2026-05-06 13:20:33,run_1778060708817,20,70,1970,v3,16,true,32,8,0,0.0,7,2.7400,-7.7273,-4.9873,0.47839,AGENT_STOP,0,F0:7,3413,0,0,0,0,0,0,0,0,3413,2,0,false,false,32,0.2069,1.0000,13
2026-05-06 13:20:49,run_1778060708817,20,80,1980,v3,16,true,32,55,0,0.0,56,66.6321,-22.4600,44.1721,0.47660,MAX_STEPS,3,F0:29|F1:15|F2:7|F3:5,27366,0,0,0,0,0,1,0,0,27365,54,0,false,false,32,0.3159,1.0000,20
2026-05-06 13:21:01,run_1778060708817,20,90,1990,v3,16,true,32,11,0,0.0,10,4.7800,-9.9584,-5.1784,0.47482,AGENT_STOP,0,F0:10,5191,0,0,0,0,0,0,0,0,5191,12,0,false,false,32,0.2590,1.0000,15
2026-05-06 13:21:14,run_1778060708817,20,100,2000,v3,16,true,32,13,0,0.0,12,6.4720,-9.4989,-3.0269,0.47305,AGENT_STOP,1,F0:11|F1:1,7789,0,0,0,0,0,0,0,0,7789,5,0,false,false,32,0.2364,1.0000,16
2026-05-06 13:21:26,run_1778060708817,21,10,2010,v3,16,true,32,7,0,0.0,6,3.0420,-5.9742,-2.9322,0.47128,AGENT_STOP,1,F0:5|F1:1,3633,0,0,0,0,0,0,0,0,3633,6,0,false,false,32,0.2983,1.0000,18
2026-05-06 13:21:42,run_1778060708817,21,20,2020,v3,16,true,32,26,0,0.0,27,20.7213,-12.1538,8.5675,0.46952,AGENT_STOP,2,F0:17|F1:7|F2:3,13701,0,0,0,0,0,0,0,0,13701,26,0,false,false,32,0.3057,1.0000,18
2026-05-06 13:21:55,run_1778060708817,21,30,2030,v3,16,true,32,26,0,0.0,25,19.6196,-10.4988,9.1208,0.46776,AGENT_STOP,2,F0:16|F1:7|F2:2,13332,0,0,0,0,0,0,0,0,13332,27,0,false,false,32,0.3224,1.0000,19
2026-05-06 13:22:09,run_1778060708817,21,40,2040,v3,16,true,32,23,0,0.0,22,15.7908,-8.3295,7.4613,0.46602,AGENT_STOP,1,F0:17|F1:5,10787,0,0,0,0,0,0,0,0,10787,16,0,false,false,32,0.2981,1.0000,18
2026-05-06 13:22:21,run_1778060708817,21,50,2050,v3,16,true,32,11,0,0.0,10,6.6376,-5.1374,1.5002,0.46427,AGENT_STOP,2,F0:5|F1:4|F2:1,5640,0,0,0,0,0,0,0,0,5640,12,0,false,false,32,0.3112,1.0000,18
2026-05-06 13:22:40,run_1778060708817,21,60,2060,v3,16,true,32,27,0,0.0,26,19.8888,-6.2059,13.6829,0.46254,AGENT_STOP,2,F0:21|F1:4|F2:1,13858,0,0,0,0,0,0,0,0,13858,25,0,false,false,32,0.2989,1.0000,19
2026-05-06 13:22:53,run_1778060708817,21,70,2070,v3,16,true,32,16,0,0.0,15,8.5440,-16.2566,-7.7126,0.46081,AGENT_STOP,1,F0:13|F1:2,7486,0,0,0,0,0,0,0,0,7486,16,0,false,false,32,0.3036,1.0000,18
2026-05-06 13:23:05,run_1778060708817,21,80,2080,v3,16,true,32,6,0,0.0,5,1.6900,-10.1516,-8.4616,0.45909,AGENT_STOP,0,F0:5,3580,0,0,0,0,0,0,0,0,3580,5,0,false,false,32,0.2554,1.0000,15
2026-05-06 13:23:17,run_1778060708817,21,90,2090,v3,16,true,32,7,0,0.0,6,2.8920,-7.4710,-4.5790,0.45737,AGENT_STOP,1,F0:5|F1:1,3731,0,0,0,0,0,0,0,0,3731,6,0,false,false,32,0.3047,1.0000,19
2026-05-06 13:23:29,run_1778060708817,21,100,2100,v3,16,true,32,24,0,0.0,24,17.4168,-12.1020,5.3148,0.45566,AGENT_STOP,1,F0:18|F1:6,12055,0,0,0,0,0,0,0,0,12055,22,0,false,false,32,0.3209,1.0000,19
2026-05-06 13:23:44,run_1778060708817,22,10,2110,v3,16,true,32,9,0,0.0,8,4.0280,-7.3415,-3.3135,0.45396,AGENT_STOP,1,F0:6|F1:2,5302,0,0,0,0,0,0,0,0,5302,7,0,false,false,32,0.3015,1.0000,18
2026-05-06 13:23:57,run_1778060708817,22,20,2120,v3,16,true,32,20,0,0.0,20,12.4080,-11.0088,1.3992,0.45226,AGENT_STOP,1,F0:18|F1:2,8971,0,0,0,0,0,1,0,0,8970,19,0,false,false,32,0.3142,1.0000,19
2026-05-06 13:24:11,run_1778060708817,22,30,2130,v3,16,true,32,55,0,0.0,57,70.0420,-16.4017,53.6403,0.45057,MAX_STEPS,4,F0:27|F1:13|F2:6|F3:8|F4:3,23786,0,0,0,0,0,0,0,0,23786,59,0,false,false,32,0.3200,1.0000,20
2026-05-06 13:24:22,run_1778060708817,22,40,2140,v3,16,true,32,38,1,2.6,36,27.0234,-16.1738,10.8496,0.44889,AGENT_STOP,2,F0:23|F1:12|F2:1,19856,1,0,0,0,0,0,0,0,19855,46,0,false,false,32,0.3028,1.0000,19
2026-05-06 13:24:36,run_1778060708817,22,50,2150,v3,16,true,32,11,0,0.0,10,5.2800,-14.9663,-9.6863,0.44721,AGENT_STOP,1,F0:7|F1:3,5541,0,0,0,0,0,0,0,0,5541,11,0,false,false,32,0.3062,1.0000,19
2026-05-06 13:24:49,run_1778060708817,22,60,2160,v3,16,true,32,7,0,0.0,6,2.4719,-6.1601,-3.6882,0.44554,AGENT_STOP,0,F0:6,3525,0,0,0,0,0,0,0,0,3525,4,0,false,false,32,0.2046,1.0000,13
2026-05-06 13:25:00,run_1778060708817,22,70,2170,v3,16,true,32,10,0,0.0,9,5.2800,-6.4527,-1.1727,0.44387,AGENT_STOP,1,F0:6|F1:3,5063,0,0,0,0,0,1,0,0,5062,7,0,false,false,32,0.3033,1.0000,18
2026-05-06 13:25:15,run_1778060708817,22,80,2180,v3,16,true,32,7,0,0.0,6,2.5700,-7.4330,-4.8630,0.44221,AGENT_STOP,0,F0:6,3642,0,0,0,0,0,0,0,0,3642,6,0,false,false,32,0.2598,1.0000,15
2026-05-06 13:25:31,run_1778060708817,22,90,2190,v3,16,true,32,41,0,0.0,41,38.7704,-5.9020,32.8684,0.44056,AGENT_STOP,1,F0:28|F1:13,19504,0,0,0,0,0,1,0,0,19503,34,0,false,false,32,0.3059,1.0000,20
2026-05-06 13:25:47,run_1778060708817,22,100,2200,v3,16,true,32,15,0,0.0,15,7.8520,-9.7770,-1.9250,0.43891,AGENT_STOP,1,F0:14|F1:1,7392,0,0,0,0,0,0,0,0,7392,11,0,false,false,32,0.3142,1.0000,19
2026-05-06 13:26:01,run_1778060708817,23,10,2210,v3,16,true,32,14,0,0.0,13,8.0961,-6.4100,1.6861,0.43727,AGENT_STOP,2,F0:8|F1:2|F2:3,7123,0,0,0,0,0,0,0,0,7123,10,0,false,false,32,0.2947,1.0000,19
2026-05-06 13:26:19,run_1778060708817,23,20,2220,v3,16,true,32,55,0,0.0,55,65.1634,-17.2251,47.9383,0.43564,MAX_STEPS,4,F0:29|F1:8|F2:12|F3:5|F4:1,25201,0,0,0,0,0,0,0,0,25201,60,0,false,false,32,0.3188,1.0000,20
2026-05-06 13:26:29,run_1778060708817,23,30,2230,v3,16,true,32,41,0,0.0,40,39.5464,-16.4402,23.1062,0.43401,AGENT_STOP,2,F0:26|F1:11|F2:3,19691,0,0,0,0,0,0,0,0,19691,36,0,false,false,32,0.3286,1.0000,19
2026-05-06 13:26:42,run_1778060708817,23,40,2240,v3,16,true,32,55,1,1.8,57,46.7257,-12.3058,34.4198,0.43239,MAX_STEPS,3,F0:35|F1:17|F2:3|F3:2,24967,1,0,0,0,0,0,0,0,24966,51,0,false,false,32,0.3219,1.0000,19
2026-05-06 13:26:57,run_1778060708817,23,50,2250,v3,16,true,32,38,0,0.0,37,34.5035,-25.8805,8.6231,0.43077,AGENT_STOP,2,F0:22|F1:12|F2:3,18292,0,0,0,0,0,0,0,0,18292,32,0,false,false,32,0.2999,1.0000,19
2026-05-06 13:27:12,run_1778060708817,23,60,2260,v3,16,true,32,19,0,0.0,19,13.0594,-7.0982,5.9611,0.42916,AGENT_STOP,2,F0:12|F1:5|F2:2,8841,0,0,0,0,0,0,0,0,8841,15,0,false,false,32,0.3021,1.0000,19
2026-05-06 13:27:23,run_1778060708817,23,70,2270,v3,16,true,32,9,0,0.0,8,4.0400,-5.9372,-1.8972,0.42756,AGENT_STOP,0,F0:8,4698,0,0,0,0,0,0,0,0,4698,7,0,false,false,32,0.2748,1.0000,15
2026-05-06 13:27:36,run_1778060708817,23,80,2280,v3,16,true,32,35,0,0.0,34,28.7084,-21.9756,6.7328,0.42596,AGENT_STOP,1,F0:25|F1:9,14908,0,0,0,0,0,1,0,0,14907,30,0,false,false,32,0.2901,1.0000,20
2026-05-06 13:27:51,run_1778060708817,23,90,2290,v3,16,true,32,27,0,0.0,27,19.4820,-9.9924,9.4896,0.42437,AGENT_STOP,1,F0:23|F1:4,12518,0,0,0,0,0,0,0,0,12518,23,0,false,false,32,0.2917,1.0000,18
2026-05-06 13:28:06,run_1778060708817,23,100,2300,v3,16,true,32,14,0,0.0,13,6.9680,-11.2322,-4.2642,0.42278,AGENT_STOP,1,F0:11|F1:2,6696,0,0,0,0,0,0,0,0,6696,12,0,false,false,32,0.2818,1.0000,18
2026-05-06 13:28:23,run_1778060708817,24,10,2310,v3,16,true,32,55,2,3.6,54,40.6205,-14.3885,26.2321,0.42120,MAX_STEPS,3,F0:26|F1:15|F2:8|F3:5,26219,2,0,0,0,0,0,0,0,26217,50,0,false,false,32,0.3169,1.0000,20
2026-05-06 13:28:42,run_1778060708817,24,20,2320,v3,16,true,32,17,0,0.0,16,9.7596,-7.2871,2.4725,0.41963,AGENT_STOP,1,F0:9|F1:7,9188,0,0,0,0,0,0,0,0,9188,19,0,false,false,32,0.2891,1.0000,19
2026-05-06 13:28:56,run_1778060708817,24,30,2330,v3,16,true,32,21,0,0.0,20,13.4560,-9.8728,3.5832,0.41806,AGENT_STOP,1,F0:17|F1:3,10331,0,0,0,0,0,1,0,0,10330,26,0,false,false,32,0.3164,1.0000,19
2026-05-06 13:29:09,run_1778060708817,24,40,2340,v3,16,true,32,30,0,0.0,31,23.9637,-18.6772,5.2864,0.41650,AGENT_STOP,2,F0:19|F1:8|F2:4,13558,0,0,0,0,0,1,0,0,13557,26,0,false,false,32,0.3058,1.0000,19
2026-05-06 13:29:19,run_1778060708817,24,50,2350,v3,16,true,32,16,0,0.0,15,9.0348,-7.6678,1.3670,0.41494,AGENT_STOP,1,F0:11|F1:4,7740,0,0,0,0,0,0,0,0,7740,15,0,false,false,32,0.3072,1.0000,18
2026-05-06 13:29:31,run_1778060708817,24,60,2360,v3,16,true,32,15,0,0.0,15,8.4580,-10.4816,-2.0236,0.41339,AGENT_STOP,1,F0:11|F1:4,7073,0,0,0,0,0,0,0,0,7073,14,0,false,false,32,0.3156,1.0000,19
2026-05-06 13:29:43,run_1778060708817,24,70,2370,v3,16,true,32,6,0,0.0,5,1.9100,-10.1516,-8.2416,0.41184,AGENT_STOP,0,F0:5,3220,0,0,0,0,0,0,0,0,3220,6,0,false,false,32,0.2678,1.0000,16
2026-05-06 13:29:55,run_1778060708817,24,80,2380,v3,16,true,32,10,0,0.0,9,4.7260,-9.6922,-4.9662,0.41030,AGENT_STOP,1,F0:5|F1:4,5164,0,0,0,0,0,0,0,0,5164,9,0,false,false,32,0.2687,1.0000,18
2026-05-06 13:30:08,run_1778060708817,24,90,2390,v3,16,true,32,55,0,0.0,56,67.4380,-15.7467,51.6913,0.40877,MAX_STEPS,4,F0:35|F1:13|F2:5|F3:2|F4:1,24797,0,0,0,0,0,0,0,0,24797,65,0,false,false,32,0.3328,1.0000,19
2026-05-06 13:30:24,run_1778060708817,24,100,2400,v3,16,true,32,43,0,0.0,42,42.2499,-16.2283,26.0217,0.40724,AGENT_STOP,3,F0:21|F1:13|F2:5|F3:3,20382,0,0,0,0,0,1,0,0,20381,40,0,false,false,32,0.2978,1.0000,20
2026-05-06 13:30:37,run_1778060708817,25,10,2410,v3,16,true,32,26,0,0.0,25,19.8645,-8.5359,11.3286,0.40572,AGENT_STOP,2,F0:15|F1:7|F2:3,13176,0,0,0,0,0,0,0,0,13176,22,0,false,false,32,0.2882,1.0000,20
2026-05-06 13:30:50,run_1778060708817,25,20,2420,v3,16,true,32,30,0,0.0,29,23.6840,-9.5170,14.1670,0.40420,AGENT_STOP,2,F0:20|F1:8|F2:1,13655,0,0,0,0,0,0,0,0,13655,26,0,false,false,32,0.3148,1.0000,18
2026-05-06 13:31:06,run_1778060708817,25,30,2430,v3,16,true,32,8,0,0.0,7,3.4100,-7.2530,-3.8430,0.40269,AGENT_STOP,0,F0:7,3369,0,0,0,0,0,1,0,0,3368,8,0,false,false,32,0.2725,1.0000,15
2026-05-06 13:31:17,run_1778060708817,25,40,2440,v3,16,true,32,11,0,0.0,10,5.2600,-5.1279,0.1321,0.40119,AGENT_STOP,0,F0:10,5207,0,0,0,0,0,2,0,0,5205,10,0,false,false,32,0.2816,1.0000,15
2026-05-06 13:31:33,run_1778060708817,25,50,2450,v3,16,true,32,55,3,5.5,53,33.7582,-11.6545,22.1038,0.39969,MAX_STEPS,3,F0:23|F1:13|F2:11|F3:6,25852,3,0,0,0,0,2,0,0,25847,58,0,false,false,32,0.3253,1.0000,20
2026-05-06 13:31:50,run_1778060708817,25,60,2460,v3,16,true,32,17,0,0.0,16,8.3568,-15.7916,-7.4348,0.39820,AGENT_STOP,1,F0:13|F1:3,8822,0,0,0,0,0,1,0,0,8821,18,0,false,false,32,0.2997,1.0000,19
2026-05-06 13:32:00,run_1778060708817,25,70,2470,v3,16,true,32,25,0,0.0,24,16.8060,-16.0976,0.7084,0.39671,AGENT_STOP,1,F0:15|F1:9,12641,0,0,0,0,0,0,0,0,12641,19,0,false,false,32,0.2710,1.0000,20
2026-05-06 13:32:16,run_1778060708817,25,80,2480,v3,16,true,32,27,0,0.0,27,18.7186,-17.8618,0.8568,0.39522,MASK_EMPTY,3,F0:16|F1:5|F2:3|F3:3,13735,0,0,0,0,0,1,0,0,13734,23,0,false,false,32,0.3190,1.0000,19
2026-05-06 13:32:28,run_1778060708817,25,90,2490,v3,16,true,32,30,0,0.0,30,25.0636,-3.9978,21.0658,0.39375,AGENT_STOP,1,F0:14|F1:16,15985,0,0,0,0,0,2,0,0,15983,28,0,false,false,32,0.3058,1.0000,19
2026-05-06 13:32:41,run_1778060708817,25,100,2500,v3,16,true,32,6,0,0.0,5,2.1500,-10.1516,-8.0016,0.39228,AGENT_STOP,0,F0:5,3388,0,0,0,0,0,1,0,0,3387,3,0,false,false,32,0.2617,1.0000,14
2026-05-06 13:32:57,run_1778060708817,26,10,2510,v3,16,true,32,33,0,0.0,32,26.6765,-18.2860,8.3905,0.39081,AGENT_STOP,2,F0:22|F1:6|F2:4,17653,0,0,0,0,0,0,0,0,17653,41,0,false,false,32,0.3138,1.0000,19
2026-05-06 13:33:10,run_1778060708817,26,20,2520,v3,16,true,32,49,2,4.1,47,32.8394,-13.8929,18.9464,0.38935,AGENT_STOP,2,F0:26|F1:18|F2:3,24474,2,0,0,0,0,1,0,0,24471,52,0,false,false,32,0.2968,1.0000,20
2026-05-06 13:33:24,run_1778060708817,26,30,2530,v3,16,true,32,30,0,0.0,29,22.6236,-14.1449,8.4787,0.38789,AGENT_STOP,1,F0:20|F1:9,14246,0,0,0,0,0,0,0,0,14246,33,0,false,false,32,0.3008,1.0000,19
2026-05-06 13:33:39,run_1778060708817,26,40,2540,v3,16,true,32,12,0,0.0,11,5.6800,-9.6953,-4.0153,0.38644,AGENT_STOP,0,F0:11,5413,0,0,0,0,0,0,0,0,5413,12,0,false,false,32,0.2865,1.0000,15
2026-05-06 13:33:54,run_1778060708817,26,50,2550,v3,16,true,32,40,0,0.0,40,40.2220,-12.3015,27.9205,0.38500,AGENT_STOP,2,F0:21|F1:9|F2:10,19238,0,0,0,0,0,0,0,0,19238,43,0,false,false,32,0.3042,1.0000,20
2026-05-06 13:34:14,run_1778060708817,26,60,2560,v3,16,true,32,11,0,0.0,10,4.8700,-10.8120,-5.9420,0.38356,AGENT_STOP,0,F0:10,5274,0,0,0,0,0,0,0,0,5274,12,0,false,false,32,0.2754,1.0000,16
2026-05-06 13:34:32,run_1778060708817,26,70,2570,v3,16,true,32,6,0,0.0,5,2.7800,-10.1516,-7.3716,0.38213,AGENT_STOP,0,F0:5,3170,0,0,0,0,0,0,0,0,3170,6,0,false,false,32,0.2803,1.0000,15
2026-05-06 13:34:42,run_1778060708817,26,80,2580,v3,16,true,32,18,1,5.6,16,9.2780,-15.2779,-5.9999,0.38070,AGENT_STOP,1,F0:12|F1:4,9921,1,0,0,0,0,0,0,0,9920,20,0,false,false,32,0.2965,1.0000,18
2026-05-06 13:35:01,run_1778060708817,26,90,2590,v3,16,true,32,7,0,0.0,6,3.5000,-4.9457,-1.4457,0.37927,AGENT_STOP,0,F0:6,3577,0,0,0,0,0,0,0,0,3577,5,0,false,false,32,0.2867,1.0000,15
2026-05-06 13:35:15,run_1778060708817,26,100,2600,v3,16,true,32,14,0,0.0,13,7.3708,-9.2743,-1.9035,0.37786,AGENT_STOP,1,F0:11|F1:2,7120,0,0,0,0,0,1,0,0,7119,12,0,false,false,32,0.3100,1.0000,19
2026-05-06 13:35:33,run_1778060708817,27,10,2610,v3,16,true,32,55,0,0.0,55,66.9877,-15.9283,51.0594,0.37645,MAX_STEPS,3,F0:35|F1:6|F2:10|F3:4,25469,0,0,0,0,0,3,0,0,25466,53,0,false,false,32,0.3132,1.0000,20
2026-05-06 13:35:49,run_1778060708817,27,20,2620,v3,16,true,32,20,0,0.0,19,12.2466,-10.2286,2.0180,0.37504,AGENT_STOP,2,F0:14|F1:3|F2:2,9477,0,0,0,0,0,1,0,0,9476,17,0,false,false,32,0.3084,1.0000,19
2026-05-06 13:36:02,run_1778060708817,27,30,2630,v3,16,true,32,15,0,0.0,14,8.2160,-9.7438,-1.5278,0.37364,AGENT_STOP,1,F0:8|F1:6,7560,0,0,0,0,0,0,0,0,7560,22,0,false,false,32,0.2848,1.0000,19
2026-05-06 13:36:16,run_1778060708817,27,40,2640,v3,16,true,32,8,0,0.0,7,3.4600,-7.0255,-3.5655,0.37224,AGENT_STOP,0,F0:7,3366,0,0,0,0,0,0,0,0,3366,4,0,false,false,32,0.2654,1.0000,15
2026-05-06 13:36:29,run_1778060708817,27,50,2650,v3,16,true,32,23,0,0.0,22,15.4248,-8.3799,7.0449,0.37085,MASK_EMPTY,1,F0:18|F1:4,11334,0,0,0,0,0,2,0,0,11332,21,0,false,false,32,0.3011,1.0000,19
2026-05-06 13:36:43,run_1778060708817,27,60,2660,v3,16,true,32,35,0,0.0,34,30.1845,-13.5319,16.6526,0.36946,AGENT_STOP,3,F0:22|F1:6|F2:4|F3:2,16587,0,0,0,0,0,2,0,0,16585,31,0,false,false,32,0.3179,1.0000,19
2026-05-06 13:36:58,run_1778060708817,27,70,2670,v3,16,true,32,16,0,0.0,15,9.1860,-10.4795,-1.2935,0.36808,AGENT_STOP,1,F0:11|F1:4,7786,0,0,0,0,0,0,0,0,7786,12,0,false,false,32,0.2838,1.0000,19
2026-05-06 13:37:10,run_1778060708817,27,80,2680,v3,16,true,32,39,1,2.6,37,29.6264,-10.9221,18.7043,0.36671,AGENT_STOP,2,F0:25|F1:11|F2:1,18930,1,0,0,0,0,0,0,0,18929,43,0,false,false,32,0.3130,1.0000,19
2026-05-06 13:37:21,run_1778060708817,27,90,2690,v3,16,true,32,29,0,0.0,29,23.5788,-7.7987,15.7801,0.36534,AGENT_STOP,1,F0:20|F1:9,15178,0,0,0,0,0,2,0,0,15176,35,0,false,false,32,0.3083,1.0000,19
2026-05-06 13:37:33,run_1778060708817,27,100,2700,v3,16,true,32,17,0,0.0,17,10.1146,-10.9152,-0.8006,0.36397,AGENT_STOP,2,F0:12|F1:4|F2:1,9197,0,0,0,0,0,2,0,0,9195,18,0,false,false,32,0.3171,1.0000,19
2026-05-06 13:37:48,run_1778060708817,28,10,2710,v3,16,true,32,38,0,0.0,37,33.9964,-11.9601,22.0363,0.36261,AGENT_STOP,2,F0:25|F1:10|F2:2,17954,0,0,0,0,0,1,0,0,17953,33,0,false,false,32,0.3273,1.0000,19
2026-05-06 13:38:04,run_1778060708817,28,20,2720,v3,16,true,32,51,0,0.0,50,58.1407,-12.2050,45.9357,0.36125,AGENT_STOP,3,F0:32|F1:11|F2:5|F3:2,24329,0,0,0,0,0,0,0,0,24329,52,0,false,false,32,0.3112,1.0000,19
2026-05-06 13:38:19,run_1778060708817,28,30,2730,v3,16,true,32,9,0,0.0,8,4.0300,-7.6340,-3.6040,0.35990,AGENT_STOP,0,F0:8,5456,0,0,0,0,0,1,0,0,5455,7,0,false,false,32,0.2766,1.0000,16
2026-05-06 13:38:35,run_1778060708817,28,40,2740,v3,16,true,32,38,0,0.0,38,33.9845,-11.7156,22.2689,0.35856,AGENT_STOP,2,F0:22|F1:13|F2:3,18480,0,0,0,0,0,1,0,0,18479,37,0,false,false,32,0.3119,1.0000,19
2026-05-06 13:38:49,run_1778060708817,28,50,2750,v3,16,true,32,29,0,0.0,28,21.9160,-13.5004,8.4156,0.35722,AGENT_STOP,1,F0:25|F1:3,13992,0,0,0,0,0,0,0,0,13992,26,0,false,false,32,0.3144,1.0000,19
2026-05-06 13:39:08,run_1778060708817,28,60,2760,v3,16,true,32,25,0,0.0,26,19.7887,-7.2346,12.5542,0.35588,AGENT_STOP,2,F0:19|F1:5|F2:2,14026,0,0,0,0,0,1,0,0,14025,28,0,false,false,32,0.3297,1.0000,18
2026-05-06 13:39:22,run_1778060708817,28,70,2770,v3,16,true,32,6,0,0.0,5,2.3300,-10.1516,-7.8216,0.35455,AGENT_STOP,0,F0:5,3296,0,0,0,0,0,0,0,0,3296,7,0,false,false,32,0.2803,1.0000,15
2026-05-06 13:39:36,run_1778060708817,28,80,2780,v3,16,true,32,27,0,0.0,27,21.0113,-8.8650,12.1464,0.35323,AGENT_STOP,3,F0:13|F1:8|F2:4|F3:2,13073,0,0,0,0,0,0,0,0,13073,24,0,false,false,32,0.3018,1.0000,20
2026-05-06 13:39:53,run_1778060708817,28,90,2790,v3,16,true,32,19,0,0.0,18,10.6788,-10.6097,0.0691,0.35191,AGENT_STOP,1,F0:12|F1:6,8448,0,0,0,0,0,0,0,0,8448,18,0,false,false,32,0.2739,1.0000,20
2026-05-06 13:40:10,run_1778060708817,28,100,2800,v3,16,true,32,49,0,0.0,49,55.7655,-9.6368,46.1288,0.35059,AGENT_STOP,3,F0:28|F1:12|F2:5|F3:4,25300,0,0,0,0,0,0,0,0,25300,47,0,false,false,32,0.3205,1.0000,20
2026-05-06 13:40:23,run_1778060708817,29,10,2810,v3,16,true,32,18,0,0.0,18,12.2700,-6.8058,5.4642,0.34928,AGENT_STOP,0,F0:18,9629,0,0,0,0,0,0,0,0,9629,22,0,false,false,32,0.3130,1.0000,16
2026-05-06 13:40:36,run_1778060708817,29,20,2820,v3,16,true,32,28,0,0.0,27,22.1291,-7.9756,14.1536,0.34798,AGENT_STOP,3,F0:13|F1:10|F2:3|F3:1,13489,0,0,0,0,0,0,0,0,13489,24,0,false,false,32,0.3016,1.0000,19
2026-05-06 13:40:49,run_1778060708817,29,30,2830,v3,16,true,32,50,0,0.0,50,57.5428,-11.2814,46.2614,0.34668,AGENT_STOP,3,F0:23|F1:12|F2:14|F3:1,24101,0,0,0,0,0,0,0,0,24101,37,0,false,false,32,0.3178,1.0000,20
2026-05-06 13:41:09,run_1778060708817,29,40,2840,v3,16,true,32,15,0,0.0,14,7.5580,-10.4065,-2.8485,0.34538,AGENT_STOP,1,F0:12|F1:2,7110,0,0,0,0,0,2,0,0,7108,12,0,false,false,32,0.3137,1.0000,18
2026-05-06 13:41:25,run_1778060708817,29,50,2850,v3,16,true,32,55,1,1.8,55,46.7942,-16.1043,30.6899,0.34409,MAX_STEPS,3,F0:33|F1:12|F2:9|F3:1,26158,1,0,0,0,0,1,0,0,26156,50,0,false,false,32,0.3205,1.0000,20
2026-05-06 13:41:39,run_1778060708817,29,60,2860,v3,16,true,32,8,0,0.0,7,3.6480,-5.8293,-2.1813,0.34280,AGENT_STOP,1,F0:5|F1:2,3854,0,0,0,0,0,0,0,0,3854,3,0,false,false,32,0.2721,1.0000,18
2026-05-06 13:41:49,run_1778060708817,29,70,2870,v3,16,true,32,8,0,0.0,7,3.7700,-5.5934,-1.8234,0.34152,AGENT_STOP,0,F0:7,3558,0,0,0,0,0,0,0,0,3558,6,0,false,false,32,0.2725,1.0000,15
2026-05-06 13:42:04,run_1778060708817,29,80,2880,v3,16,true,32,34,0,0.0,34,29.0390,-14.9854,14.0537,0.34025,AGENT_STOP,2,F0:17|F1:14|F2:3,17248,0,0,0,0,0,0,0,0,17248,47,0,false,false,32,0.3054,1.0000,19
2026-05-06 13:42:18,run_1778060708817,29,90,2890,v3,16,true,32,17,0,0.0,16,10.2620,-8.4036,1.8584,0.33897,AGENT_STOP,1,F0:15|F1:1,8630,0,0,0,0,0,0,0,0,8630,14,0,false,false,32,0.3072,1.0000,18
2026-05-06 13:42:31,run_1778060708817,29,100,2900,v3,16,true,32,41,0,0.0,40,39.5464,-10.2447,29.3017,0.33771,AGENT_STOP,2,F0:20|F1:11|F2:9,20761,0,0,0,0,0,0,0,0,20761,39,0,false,false,32,0.3078,1.0000,20
2026-05-06 13:42:48,run_1778060708817,30,10,2910,v3,16,true,32,30,0,0.0,30,25.5028,-7.8043,17.6985,0.33644,AGENT_STOP,1,F0:17|F1:13,14159,0,0,0,0,0,0,0,0,14159,28,0,false,false,32,0.3074,1.0000,19
2026-05-06 13:43:08,run_1778060708817,30,20,2920,v3,16,true,32,27,0,0.0,27,20.5780,-6.1918,14.3862,0.33519,AGENT_STOP,1,F0:23|F1:4,12954,0,0,0,0,0,0,0,0,12954,22,0,false,false,32,0.3186,1.0000,18
2026-05-06 13:43:22,run_1778060708817,30,30,2930,v3,16,true,32,11,0,0.0,10,5.4400,-6.4062,-0.9662,0.33393,AGENT_STOP,0,F0:10,4650,0,0,0,0,0,0,0,0,4650,16,0,false,false,32,0.2769,1.0000,15
2026-05-06 13:43:37,run_1778060708817,30,40,2940,v3,16,true,32,27,0,0.0,28,21.9818,-7.0064,14.9754,0.33269,AGENT_STOP,2,F0:13|F1:8|F2:7,12136,0,0,0,0,0,0,0,0,12136,19,0,false,false,32,0.3002,1.0000,18
2026-05-06 13:43:53,run_1778060708817,30,50,2950,v3,16,true,32,41,3,7.3,39,28.8022,-18.1776,10.6246,0.33144,AGENT_STOP,2,F0:23|F1:6|F2:10,20033,3,0,0,0,0,0,0,0,20030,33,0,false,false,32,0.3126,1.0000,19
2026-05-06 13:44:08,run_1778060708817,30,60,2960,v3,16,true,32,9,0,0.0,8,3.5680,-9.8039,-6.2359,0.33020,AGENT_STOP,1,F0:6|F1:2,5292,0,0,0,0,0,0,0,0,5292,7,0,false,false,32,0.3241,1.0000,19
2026-05-06 13:44:25,run_1778060708817,30,70,2970,v3,16,true,32,13,0,0.0,12,7.4720,-6.7401,0.7319,0.32897,AGENT_STOP,1,F0:11|F1:1,6686,0,0,0,0,0,0,0,0,6686,10,0,false,false,32,0.3020,1.0000,18
2026-05-06 13:44:42,run_1778060708817,30,80,2980,v3,16,true,32,48,0,0.0,48,51.3453,-28.5988,22.7465,0.32774,AGENT_STOP,3,F0:34|F1:6|F2:5|F3:3,22323,0,0,0,0,0,0,0,0,22323,44,0,false,false,32,0.3213,1.0000,20
2026-05-06 13:45:03,run_1778060708817,30,90,2990,v3,16,true,32,14,0,0.0,13,10.0327,-4.8696,5.1631,0.32651,AGENT_STOP,2,F0:6|F1:3|F2:4,7317,0,0,0,0,0,0,0,0,7317,11,0,false,false,32,0.3215,1.0000,18
2026-05-06 13:45:20,run_1778060708817,30,100,3000,v3,16,true,32,6,0,0.0,5,2.2320,-10.1516,-7.9196,0.32529,AGENT_STOP,1,F0:4|F1:1,3538,0,0,0,0,0,0,0,0,3538,6,0,false,false,32,0.2929,1.0000,18
2026-05-06 13:45:32,run_1778060708817,31,10,3010,v3,16,true,32,23,0,0.0,23,15.0540,-14.9216,0.1324,0.32408,AGENT_STOP,1,F0:17|F1:6,10634,0,0,0,0,0,0,0,0,10634,19,0,false,false,32,0.2853,1.0000,19
2026-05-06 13:45:50,run_1778060708817,31,20,3020,v3,16,true,32,6,0,0.0,5,2.3900,-10.1516,-7.7616,0.32287,AGENT_STOP,0,F0:5,3384,0,0,0,0,0,0,0,0,3384,6,0,false,false,32,0.2803,1.0000,15
2026-05-06 13:46:09,run_1778060708817,31,30,3030,v3,16,true,32,34,0,0.0,34,30.4504,-8.8178,21.6325,0.32166,AGENT_STOP,3,F0:16|F1:10|F2:7|F3:1,18070,0,0,0,0,0,0,0,0,18070,25,0,false,false,32,0.3214,1.0000,20
2026-05-06 13:46:22,run_1778060708817,31,40,3040,v3,16,true,32,17,0,0.0,16,9.2100,-12.4289,-3.2189,0.32046,AGENT_STOP,1,F0:13|F1:3,9601,0,0,0,0,0,0,0,0,9601,14,0,false,false,32,0.2886,1.0000,19
2026-05-06 13:46:39,run_1778060708817,31,50,3050,v3,16,true,32,25,0,0.0,24,17.9548,-14.1644,3.7904,0.31926,AGENT_STOP,1,F0:17|F1:7,12777,0,0,0,0,0,0,0,0,12777,25,0,false,false,32,0.3110,1.0000,19
2026-05-06 13:46:56,run_1778060708817,31,60,3060,v3,16,true,32,12,0,0.0,11,5.6800,-9.3505,-3.6705,0.31807,AGENT_STOP,0,F0:11,5914,0,0,0,0,0,0,0,0,5914,13,0,false,false,32,0.2928,1.0000,16
2026-05-06 13:47:16,run_1778060708817,31,70,3070,v3,16,true,32,23,0,0.0,22,14.7320,-10.5156,4.2164,0.31688,AGENT_STOP,1,F0:21|F1:1,10770,0,0,0,0,0,0,0,0,10770,24,0,false,false,32,0.3072,1.0000,19
2026-05-06 13:47:38,run_1778060708817,31,80,3080,v3,16,true,32,52,1,1.9,51,54.2240,-9.1458,45.0782,0.31569,AGENT_STOP,1,F0:49|F1:2,24171,1,0,0,0,0,0,0,0,24170,46,0,false,false,32,0.3275,1.0000,19
2026-05-06 13:47:52,run_1778060708817,31,90,3090,v3,16,true,32,15,0,0.0,14,8.0980,-9.5858,-1.4878,0.31451,AGENT_STOP,1,F0:12|F1:2,7990,0,0,0,0,0,0,0,0,7990,25,0,false,false,32,0.3059,1.0000,18
2026-05-06 13:48:08,run_1778060708817,31,100,3100,v3,16,true,32,18,0,0.0,18,11.4040,-13.4349,-2.0309,0.31334,AGENT_STOP,1,F0:10|F1:8,11238,0,0,0,0,0,0,0,0,11238,14,0,false,false,32,0.3397,1.0000,19
2026-05-06 13:48:22,run_1778060708817,32,10,3110,v3,16,true,32,7,0,0.0,6,2.8620,-6.6689,-3.8069,0.31217,AGENT_STOP,1,F0:5|F1:1,3594,0,0,0,0,0,0,0,0,3594,6,0,false,false,32,0.2983,1.0000,18
2026-05-06 13:48:35,run_1778060708817,32,20,3120,v3,16,true,32,21,0,0.0,20,13.7400,-15.3752,-1.6352,0.31100,AGENT_STOP,1,F0:13|F1:7,10460,0,0,0,0,0,0,0,0,10460,21,0,false,false,32,0.2907,1.0000,19
2026-05-06 13:48:48,run_1778060708817,32,30,3130,v3,16,true,32,17,0,0.0,16,9.6760,-9.9006,-0.2246,0.30984,AGENT_STOP,1,F0:13|F1:3,9428,0,0,0,0,0,0,0,0,9428,16,0,false,false,32,0.3090,1.0000,19
2026-05-06 13:49:00,run_1778060708817,32,40,3140,v3,16,true,32,16,0,0.0,15,8.6340,-15.3782,-6.7442,0.30868,AGENT_STOP,1,F0:13|F1:2,7663,0,0,0,0,0,0,0,0,7663,16,0,false,false,32,0.3036,1.0000,19
2026-05-06 13:49:16,run_1778060708817,32,50,3150,v3,16,true,32,55,0,0.0,55,69.8279,-8.7089,61.1190,0.30753,MAX_STEPS,4,F0:25|F1:9|F2:14|F3:5|F4:2,27574,0,0,0,0,0,0,0,0,27574,64,0,false,false,32,0.3236,1.0000,20
2026-05-06 13:49:36,run_1778060708817,32,60,3160,v3,16,true,32,55,0,0.0,55,69.5898,-17.9752,51.6146,0.30638,MAX_STEPS,2,F0:35|F1:12|F2:8,27973,0,0,0,0,0,0,0,0,27973,53,0,false,false,32,0.3159,1.0000,20
2026-05-06 13:49:49,run_1778060708817,32,70,3170,v3,16,true,32,18,0,0.0,18,11.4468,-7.2634,4.1834,0.30523,AGENT_STOP,1,F0:13|F1:5,9538,0,0,0,0,0,0,0,0,9538,13,0,false,false,32,0.2951,1.0000,19
2026-05-06 13:50:07,run_1778060708817,32,80,3180,v3,16,true,32,31,1,3.2,30,18.2179,-13.0666,5.1514,0.30409,AGENT_STOP,2,F0:16|F1:12|F2:2,16227,1,0,0,0,0,1,0,0,16225,27,0,false,false,32,0.3102,1.0000,20
2026-05-06 13:50:24,run_1778060708817,32,90,3190,v3,16,true,32,15,0,0.0,14,8.8060,-8.0469,0.7591,0.30295,AGENT_STOP,1,F0:11|F1:3,7195,0,0,0,0,0,0,0,0,7195,16,0,false,false,32,0.3170,1.0000,19
2026-05-06 13:50:38,run_1778060708817,32,100,3200,v3,16,true,32,15,0,0.0,14,7.9780,-11.6096,-3.6316,0.30182,AGENT_STOP,1,F0:12|F1:2,7451,0,0,0,0,0,0,0,0,7451,15,0,false,false,32,0.3143,1.0000,19
2026-05-06 13:50:51,run_1778060708817,33,10,3210,v3,16,true,32,28,0,0.0,28,22.6475,-10.3343,12.3132,0.30069,AGENT_STOP,3,F0:15|F1:8|F2:4|F3:1,13213,0,0,0,0,0,0,0,0,13213,30,0,false,false,32,0.2935,1.0000,20
2026-05-06 13:51:03,run_1778060708817,33,20,3220,v3,16,true,32,11,0,0.0,10,5.8439,-5.7469,0.0970,0.29957,AGENT_STOP,2,F0:6|F1:3|F2:1,5569,0,0,0,0,0,0,0,0,5569,9,0,false,false,32,0.2812,1.0000,19
2026-05-06 13:51:18,run_1778060708817,33,30,3230,v3,16,true,32,22,0,0.0,21,16.5169,-5.9041,10.6128,0.29845,AGENT_STOP,2,F0:8|F1:9|F2:4,12034,0,0,0,0,0,0,0,0,12034,21,0,false,false,32,0.2781,1.0000,19
2026-05-06 13:51:30,run_1778060708817,33,40,3240,v3,16,true,32,40,0,0.0,40,39.1443,-10.9189,28.2254,0.29733,AGENT_STOP,4,F0:23|F1:8|F2:3|F3:3|F4:3,19879,0,0,0,0,0,1,0,0,19878,40,0,false,false,32,0.3327,1.0000,19
2026-05-06 13:51:49,run_1778060708817,33,50,3250,v3,16,true,32,28,0,0.0,28,22.9704,-7.3619,15.6086,0.29622,AGENT_STOP,3,F0:14|F1:8|F2:4|F3:2,13150,0,0,0,0,0,0,0,0,13150,26,0,false,false,32,0.3162,1.0000,18
2026-05-06 13:52:09,run_1778060708817,33,60,3260,v3,16,true,32,18,0,0.0,17,11.3788,-8.5721,2.8067,0.29512,AGENT_STOP,2,F0:13|F1:3|F2:1,9259,0,0,0,0,0,0,0,0,9259,19,0,false,false,32,0.3102,1.0000,19
2026-05-06 13:52:25,run_1778060708817,33,70,3270,v3,16,true,32,9,0,0.0,8,3.8300,-8.0496,-4.2196,0.29401,AGENT_STOP,0,F0:8,5396,0,0,0,0,0,1,0,0,5395,9,0,false,false,32,0.2821,1.0000,15
2026-05-06 13:52:40,run_1778060708817,33,80,3280,v3,16,true,32,10,0,0.0,9,5.1040,-5.5437,-0.4397,0.29291,AGENT_STOP,1,F0:7|F1:2,5381,0,0,0,0,0,0,0,0,5381,9,0,false,false,32,0.3224,1.0000,18
2026-05-06 13:52:53,run_1778060708817,33,90,3290,v3,16,true,32,21,0,0.0,20,15.0748,-5.1536,9.9212,0.29182,AGENT_STOP,2,F0:8|F1:11|F2:1,10723,0,0,0,0,0,0,0,0,10723,21,0,false,false,32,0.3023,1.0000,18
2026-05-06 13:53:08,run_1778060708817,33,100,3300,v3,16,true,32,26,0,0.0,26,18.9548,-12.9329,6.0219,0.29073,AGENT_STOP,1,F0:22|F1:4,13531,0,0,0,0,0,0,0,0,13531,24,0,false,false,32,0.3212,1.0000,19
2026-05-06 13:53:26,run_1778060708817,34,10,3310,v3,16,true,32,13,0,0.0,12,7.1240,-7.7130,-0.5890,0.28964,AGENT_STOP,1,F0:9|F1:3,6724,0,0,0,0,0,0,0,0,6724,12,0,false,false,32,0.2970,1.0000,19
2026-05-06 13:53:38,run_1778060708817,34,20,3320,v3,16,true,32,6,0,0.0,5,2.3900,-10.1516,-7.7616,0.28856,AGENT_STOP,0,F0:5,3861,0,0,0,0,0,1,0,0,3860,5,0,false,false,32,0.2803,1.0000,15
2026-05-06 13:53:57,run_1778060708817,34,30,3330,v3,16,true,32,17,0,0.0,16,10.9572,-5.9555,5.0017,0.28748,AGENT_STOP,1,F0:11|F1:5,9072,0,0,0,0,0,0,0,0,9072,16,0,false,false,32,0.2942,1.0000,18
2026-05-06 13:54:13,run_1778060708817,34,40,3340,v3,16,true,32,6,0,0.0,5,2.0900,-5.0000,-2.9100,0.28641,MASK_EMPTY,0,F0:5,2967,0,0,0,0,0,1,0,0,2966,6,0,false,false,32,0.2678,1.0000,16
2026-05-06 13:54:30,run_1778060708817,34,50,3350,v3,16,true,32,37,0,0.0,37,33.9748,-10.0668,23.9080,0.28534,AGENT_STOP,2,F0:27|F1:9|F2:1,16390,0,0,0,0,0,1,0,0,16389,41,0,false,false,32,0.3182,1.0000,19
2026-05-06 13:54:51,run_1778060708817,34,60,3360,v3,16,true,32,20,1,5.0,18,10.1580,-10.3887,-0.2307,0.28427,AGENT_STOP,1,F0:10|F1:8,8146,1,0,0,0,0,0,0,0,8145,20,0,false,false,32,0.2846,1.0000,20
2026-05-06 13:55:11,run_1778060708817,34,70,3370,v3,16,true,32,15,0,0.0,14,9.0988,-8.2755,0.8233,0.28321,AGENT_STOP,1,F0:10|F1:4,6971,0,0,0,0,0,0,0,0,6971,18,0,false,false,32,0.3058,1.0000,18
2026-05-06 13:55:31,run_1778060708817,34,80,3380,v3,16,true,32,36,0,0.0,35,30.1333,-17.3344,12.7989,0.28215,AGENT_STOP,2,F0:21|F1:12|F2:2,15619,0,0,0,0,0,0,0,0,15619,32,0,false,false,32,0.2929,1.0000,20
2026-05-06 13:55:49,run_1778060708817,34,90,3390,v3,16,true,32,30,0,0.0,29,23.1661,-22.3464,0.8197,0.28109,AGENT_STOP,2,F0:21|F1:5|F2:3,13792,0,0,0,0,0,0,0,0,13792,35,0,false,false,32,0.3108,1.0000,20
2026-05-06 13:56:06,run_1778060708817,34,100,3400,v3,16,true,32,36,0,0.0,35,31.2639,-18.1326,13.1314,0.28004,AGENT_STOP,3,F0:21|F1:7|F2:5|F3:2,15599,0,0,0,0,0,0,0,0,15599,37,0,false,false,32,0.2990,1.0000,20
2026-05-06 13:56:28,run_1778060708817,35,10,3410,v3,16,true,32,18,0,0.0,19,11.6780,-7.7342,3.9438,0.27900,AGENT_STOP,1,F0:17|F1:2,9841,0,0,0,0,0,1,0,0,9840,13,0,false,false,32,0.3333,1.0000,18
2026-05-06 13:56:43,run_1778060708817,35,20,3420,v3,16,true,32,10,0,0.0,9,5.7868,-6.0332,-0.2464,0.27795,AGENT_STOP,2,F0:6|F1:2|F2:1,5096,0,0,0,0,0,0,0,0,5096,5,0,false,false,32,0.3005,1.0000,18
2026-05-06 13:57:08,run_1778060708817,35,30,3430,v3,16,true,32,33,0,0.0,32,28.0048,-8.4215,19.5833,0.27691,AGENT_STOP,1,F0:25|F1:7,16430,0,0,0,0,0,0,0,0,16430,29,0,false,false,32,0.3144,1.0000,19
2026-05-06 13:57:30,run_1778060708817,35,40,3440,v3,16,true,32,36,0,0.0,38,37.3813,-7.1486,30.2326,0.27588,AGENT_STOP,3,F0:13|F1:9|F2:10|F3:6,16842,0,0,0,0,0,0,0,0,16842,44,0,false,false,32,0.3092,1.0000,20
2026-05-06 13:57:49,run_1778060708817,35,50,3450,v3,16,true,32,30,0,0.0,30,22.6864,-34.7873,-12.1009,0.27485,MASK_EMPTY,1,F0:21|F1:9,14827,0,0,0,0,0,1,0,0,14826,38,0,false,false,32,0.2940,1.0000,20
2026-05-06 13:58:09,run_1778060708817,35,60,3460,v3,16,true,32,55,2,3.6,55,55.2455,-7.8055,47.4400,0.27382,MAX_STEPS,2,F0:32|F1:18|F2:5,25765,2,0,0,0,0,2,0,0,25761,60,0,false,false,32,0.3079,1.0000,20
2026-05-06 13:58:26,run_1778060708817,35,70,3470,v3,16,true,32,17,0,0.0,16,10.3648,-11.0874,-0.7226,0.27280,AGENT_STOP,1,F0:11|F1:5,8733,0,0,0,0,0,0,0,0,8733,16,0,false,false,32,0.2927,1.0000,18
2026-05-06 13:58:40,run_1778060708817,35,80,3480,v3,16,true,32,15,0,0.0,14,8.9788,-6.0558,2.9230,0.27178,AGENT_STOP,1,F0:10|F1:4,7552,0,0,0,0,0,0,0,0,7552,14,0,false,false,32,0.3099,1.0000,18
2026-05-06 13:59:02,run_1778060708817,35,90,3490,v3,16,true,32,55,0,0.0,56,66.3239,-29.5428,36.7811,0.27076,MAX_STEPS,3,F0:37|F1:13|F2:5|F3:1,28310,0,0,0,0,0,0,0,0,28310,55,0,false,false,32,0.3088,1.0000,20
2026-05-06 13:59:20,run_1778060708817,35,100,3500,v3,16,true,32,33,0,0.0,32,31.4020,-4.9330,26.4689,0.26975,AGENT_STOP,3,F0:17|F1:6|F2:4|F3:5,18538,0,0,0,0,0,0,0,0,18538,35,0,false,false,32,0.3056,1.0000,19
2026-05-06 13:59:39,run_1778060708817,36,10,3510,v3,16,true,32,26,0,0.0,25,20.3269,-7.2209,13.1060,0.26874,AGENT_STOP,2,F0:14|F1:9|F2:2,13318,0,0,0,0,0,1,0,0,13317,28,0,false,false,32,0.3040,1.0000,19
2026-05-06 13:59:57,run_1778060708817,36,20,3520,v3,16,true,32,6,0,0.0,5,1.9700,-10.1516,-8.1816,0.26774,AGENT_STOP,0,F0:5,3554,0,0,0,0,0,0,0,0,3554,6,0,false,false,32,0.2617,1.0000,14
2026-05-06 14:00:12,run_1778060708817,36,30,3530,v3,16,true,32,10,0,0.0,9,5.9220,-4.9912,0.9308,0.26674,AGENT_STOP,1,F0:8|F1:1,5784,0,0,0,0,0,0,0,0,5784,9,0,false,false,32,0.3153,1.0000,18
2026-05-06 14:00:30,run_1778060708817,36,40,3540,v3,16,true,32,11,0,0.0,10,5.0120,-10.9089,-5.8969,0.26574,AGENT_STOP,1,F0:9|F1:1,5672,0,0,0,0,0,0,0,0,5672,10,0,false,false,32,0.2999,1.0000,19
2026-05-06 14:00:50,run_1778060708817,36,50,3550,v3,16,true,32,6,0,0.0,5,2.8400,-10.1516,-7.3116,0.26475,AGENT_STOP,0,F0:5,3557,0,0,0,0,0,0,0,0,3557,5,0,false,false,32,0.2803,1.0000,15
2026-05-06 14:01:10,run_1778060708817,36,60,3560,v3,16,true,32,22,0,0.0,21,14.9972,-4.9992,9.9980,0.26376,AGENT_STOP,1,F0:11|F1:10,11621,0,0,0,0,0,0,0,0,11621,20,0,false,false,32,0.2680,1.0000,20
2026-05-06 14:01:27,run_1778060708817,36,70,3570,v3,16,true,32,55,0,0.0,57,68.4403,-16.8381,51.6022,0.26277,MAX_STEPS,2,F0:37|F1:13|F2:7,28294,0,0,0,0,0,1,0,0,28293,53,0,false,false,32,0.3132,1.0000,19
2026-05-06 14:01:44,run_1778060708817,36,80,3580,v3,16,true,32,37,2,5.4,36,23.2328,-8.7579,14.4749,0.26179,AGENT_STOP,3,F0:18|F1:10|F2:6|F3:2,20164,2,0,0,0,0,1,0,0,20161,34,0,false,false,32,0.3076,1.0000,19
2026-05-06 14:01:58,run_1778060708817,36,90,3590,v3,16,true,32,18,0,0.0,17,10.6820,-7.9902,2.6918,0.26081,AGENT_STOP,1,F0:16|F1:1,9857,0,0,0,0,0,0,0,0,9857,16,0,false,false,32,0.3051,1.0000,18
2026-05-06 14:02:22,run_1778060708817,36,100,3600,v3,16,true,32,22,0,0.0,21,16.8867,-8.5739,8.3127,0.25984,AGENT_STOP,3,F0:10|F1:3|F2:6|F3:2,12038,0,0,0,0,0,0,0,0,12038,20,0,false,false,32,0.2967,1.0000,19
2026-05-06 14:02:40,run_1778060708817,37,10,3610,v3,16,true,32,47,1,2.1,46,48.0482,-8.8807,39.1676,0.25886,AGENT_STOP,3,F0:17|F1:11|F2:11|F3:7,23165,1,0,0,0,0,1,0,0,23163,49,0,false,false,32,0.3157,1.0000,20
2026-05-06 14:02:58,run_1778060708817,37,20,3620,v3,16,true,32,22,0,0.0,22,15.9132,-8.1782,7.7350,0.25790,AGENT_STOP,2,F0:11|F1:9|F2:2,11640,0,0,0,0,0,1,0,0,11639,20,0,false,false,32,0.3068,1.0000,19
2026-05-06 14:03:15,run_1778060708817,37,30,3630,v3,16,true,32,14,0,0.0,13,7.1420,-9.7435,-2.6015,0.25693,AGENT_STOP,1,F0:12|F1:1,7794,0,0,0,0,0,1,0,0,7793,14,0,false,false,32,0.3016,1.0000,19
2026-05-06 14:03:34,run_1778060708817,37,40,3640,v3,16,true,32,17,0,0.0,17,11.6468,-5.3404,6.3064,0.25597,AGENT_STOP,2,F0:11|F1:5|F2:1,9721,0,0,0,0,0,0,0,0,9721,14,0,false,false,32,0.3010,1.0000,18
2026-05-06 14:03:49,run_1778060708817,37,50,3650,v3,16,true,32,22,0,0.0,21,14.1948,-9.8619,4.3329,0.25502,AGENT_STOP,1,F0:17|F1:4,11551,0,0,0,0,0,1,0,0,11550,20,0,false,false,32,0.3102,1.0000,19
2026-05-06 14:04:10,run_1778060708817,37,60,3660,v3,16,true,32,55,0,0.0,60,74.7864,-6.5306,68.2558,0.25406,MAX_STEPS,2,F0:33|F1:12|F2:15,27009,0,0,0,0,0,0,0,0,27009,56,0,false,false,32,0.3290,1.0000,19
2026-05-06 14:04:28,run_1778060708817,37,70,3670,v3,16,true,32,12,0,0.0,11,5.5520,-11.3866,-5.8346,0.25311,AGENT_STOP,1,F0:10|F1:1,5884,0,0,0,0,0,0,0,0,5884,14,0,false,false,32,0.2996,1.0000,18
2026-05-06 14:04:47,run_1778060708817,37,80,3680,v3,16,true,32,55,0,0.0,56,65.9328,-11.4824,54.4504,0.25217,MAX_STEPS,1,F0:41|F1:15,28734,0,0,0,0,0,0,0,0,28734,62,0,false,false,32,0.3261,1.0000,19
2026-05-06 14:05:02,run_1778060708817,37,90,3690,v3,16,true,32,31,0,0.0,31,24.8185,-14.0588,10.7597,0.25122,AGENT_STOP,2,F0:23|F1:5|F2:3,15071,0,0,0,0,0,0,0,0,15071,28,0,false,false,32,0.3088,1.0000,19
2026-05-06 14:05:21,run_1778060708817,37,100,3700,v3,16,true,32,55,0,0.0,56,65.2967,-29.5057,35.7909,0.25029,MAX_STEPS,3,F0:32|F1:12|F2:8|F3:4,28423,0,0,0,0,0,0,0,0,28423,56,0,false,false,32,0.3123,1.0000,20
2026-05-06 14:05:42,run_1778060708817,38,10,3710,v3,16,true,32,55,2,3.6,55,53.2568,-11.0994,42.1574,0.24935,MAX_STEPS,4,F0:29|F1:11|F2:7|F3:6|F4:2,27912,2,0,0,0,0,0,0,0,27910,52,0,false,false,32,0.3280,1.0000,20
2026-05-06 14:05:56,run_1778060708817,38,20,3720,v3,16,true,32,19,1,5.3,17,11.2020,-10.6948,0.5072,0.24842,AGENT_STOP,1,F0:13|F1:4,9912,1,0,0,0,0,0,0,0,9911,20,0,false,false,32,0.3203,1.0000,18
2026-05-06 14:06:14,run_1778060708817,38,30,3730,v3,16,true,32,17,0,0.0,16,8.8960,-9.6958,-0.7998,0.24749,AGENT_STOP,1,F0:12|F1:4,9366,0,0,0,0,0,0,0,0,9366,12,0,false,false,32,0.2868,1.0000,18
2026-05-06 14:06:27,run_1778060708817,38,40,3740,v3,16,true,32,24,0,0.0,23,15.1628,-12.9164,2.2464,0.24656,AGENT_STOP,1,F0:20|F1:3,11605,0,0,0,0,0,0,0,0,11605,20,0,false,false,32,0.3053,1.0000,19
2026-05-06 14:06:43,run_1778060708817,38,50,3750,v3,16,true,32,12,0,0.0,11,6.4100,-7.3134,-0.9034,0.24564,AGENT_STOP,1,F0:8|F1:3,5748,0,0,0,0,0,1,0,0,5747,8,0,false,false,32,0.2994,1.0000,18
2026-05-06 14:07:01,run_1778060708817,38,60,3760,v3,16,true,32,36,0,0.0,38,32.6582,-14.4974,18.1608,0.24473,AGENT_STOP,3,F0:18|F1:5|F2:13|F3:2,17932,0,0,0,0,0,0,0,0,17932,31,0,false,false,32,0.3234,1.0000,20
2026-05-06 14:07:18,run_1778060708817,38,70,3770,v3,16,true,32,27,0,0.0,26,20.9068,-9.7905,11.1164,0.24381,AGENT_STOP,4,F0:15|F1:4|F2:4|F3:2|F4:1,13866,0,0,0,0,0,1,0,0,13865,23,0,false,false,32,0.3015,1.0000,20
2026-05-06 14:07:40,run_1778060708817,38,80,3780,v3,16,true,32,55,0,0.0,56,67.5351,-11.8186,55.7165,0.24290,MAX_STEPS,4,F0:32|F1:8|F2:13|F3:2|F4:1,27562,0,0,0,0,0,2,0,0,27560,56,0,false,false,32,0.3208,1.0000,20
2026-05-06 14:08:02,run_1778060708817,38,90,3790,v3,16,true,32,55,3,5.5,54,41.1597,-9.0113,32.1485,0.24199,MAX_STEPS,3,F0:28|F1:14|F2:9|F3:3,28276,3,0,0,0,0,0,0,0,28273,48,0,false,false,32,0.3182,1.0000,20
2026-05-06 14:08:22,run_1778060708817,38,100,3800,v3,16,true,32,28,0,0.0,28,22.5405,-15.9283,6.6122,0.24109,AGENT_STOP,3,F0:12|F1:6|F2:9|F3:1,13323,0,0,0,0,0,0,0,0,13323,25,0,false,false,32,0.2966,1.0000,20
2026-05-06 14:08:36,run_1778060708817,39,10,3810,v3,16,true,32,17,0,0.0,18,10.6688,-5.3443,5.3245,0.24019,AGENT_STOP,1,F0:13|F1:5,9342,0,0,0,0,0,0,0,0,9342,14,0,false,false,32,0.2929,1.0000,18
2026-05-06 14:08:56,run_1778060708817,39,20,3820,v3,16,true,32,14,0,0.0,13,7.7432,-9.3164,-1.5732,0.23929,AGENT_STOP,1,F0:8|F1:5,7667,0,0,0,0,0,0,0,0,7667,14,0,false,false,32,0.2847,1.0000,18
2026-05-06 14:09:17,run_1778060708817,39,30,3830,v3,16,true,32,30,0,0.0,30,23.6684,-8.2669,15.4015,0.23839,AGENT_STOP,2,F0:16|F1:12|F2:2,16393,0,0,0,0,0,0,0,0,16393,28,0,false,false,32,0.3153,1.0000,19
2026-05-06 14:09:37,run_1778060708817,39,40,3840,v3,16,true,32,17,0,0.0,16,9.7416,-6.1687,3.5729,0.23750,MASK_EMPTY,3,F0:7|F1:6|F2:2|F3:1,7775,0,0,0,0,0,1,0,0,7774,15,0,false,false,32,0.2940,1.0000,20
2026-05-06 14:09:54,run_1778060708817,39,50,3850,v3,16,true,32,29,0,0.0,28,23.1674,-6.4987,16.6686,0.23661,AGENT_STOP,2,F0:13|F1:14|F2:1,16196,0,0,0,0,0,2,0,0,16194,35,0,false,false,32,0.2966,1.0000,20
2026-05-06 14:10:13,run_1778060708817,39,60,3860,v3,16,true,32,14,0,0.0,13,7.9688,-7.6805,0.2883,0.23573,AGENT_STOP,1,F0:9|F1:4,7452,0,0,0,0,0,0,0,0,7452,12,0,false,false,32,0.2847,1.0000,18
2026-05-06 14:10:29,run_1778060708817,39,70,3870,v3,16,true,32,42,0,0.0,41,43.0299,-8.7852,34.2448,0.23485,AGENT_STOP,2,F0:24|F1:12|F2:5,23343,0,0,0,0,0,0,0,0,23343,41,0,false,false,32,0.3203,1.0000,19
2026-05-06 14:10:47,run_1778060708817,39,80,3880,v3,16,true,32,55,1,1.8,56,56.1101,-28.0145,28.0956,0.23397,MAX_STEPS,4,F0:32|F1:6|F2:3|F3:13|F4:2,29811,1,0,0,0,0,0,0,0,29810,52,0,false,false,32,0.3315,1.0000,20
2026-05-06 14:11:06,run_1778060708817,39,90,3890,v3,16,true,32,30,0,0.0,30,23.2968,-10.7546,12.5422,0.23310,AGENT_STOP,1,F0:23|F1:7,16173,0,0,0,0,0,0,0,0,16173,28,0,false,false,32,0.3106,1.0000,19
2026-05-06 14:11:32,run_1778060708817,39,100,3900,v3,16,true,32,33,0,0.0,32,27.3044,-25.4940,1.8104,0.23223,AGENT_STOP,2,F0:20|F1:9|F2:3,17346,0,0,0,0,0,0,0,0,17346,31,0,false,false,32,0.3224,1.0000,19
2026-05-06 14:11:49,run_1778060708817,40,10,3910,v3,16,true,32,55,2,3.6,54,48.9511,-18.0793,30.8717,0.23136,MAX_STEPS,4,F0:26|F1:13|F2:6|F3:6|F4:3,28777,2,0,0,0,0,0,0,0,28775,54,0,false,false,32,0.3253,1.0000,20
2026-05-06 14:12:07,run_1778060708817,40,20,3920,v3,16,true,32,10,0,0.0,10,4.8820,-6.6859,-1.8039,0.23049,AGENT_STOP,1,F0:9|F1:1,5160,0,0,0,0,0,0,0,0,5160,9,0,false,false,32,0.2982,1.0000,18
2026-05-06 14:12:25,run_1778060708817,40,30,3930,v3,16,true,32,55,1,1.8,56,55.6355,-12.2816,43.3538,0.22963,MAX_STEPS,4,F0:25|F1:18|F2:6|F3:5|F4:2,29462,1,0,0,0,0,0,0,0,29461,61,0,false,false,32,0.3241,1.0000,20
2026-05-06 14:12:45,run_1778060708817,40,40,3940,v3,16,true,32,19,0,0.0,18,11.9076,-10.5554,1.3522,0.22877,AGENT_STOP,1,F0:10|F1:8,10198,0,0,0,0,0,0,0,0,10198,18,0,false,false,32,0.2933,1.0000,18
2026-05-06 14:13:02,run_1778060708817,40,50,3950,v3,16,true,32,7,0,0.0,6,3.4400,-4.9457,-1.5057,0.22792,AGENT_STOP,0,F0:6,3971,0,0,0,0,0,0,0,0,3971,4,0,false,false,32,0.2867,1.0000,15
2026-05-06 14:13:21,run_1778060708817,40,60,3960,v3,16,true,32,14,0,0.0,13,8.2538,-5.5361,2.7177,0.22707,AGENT_STOP,2,F0:7|F1:5|F2:1,7772,0,0,0,0,0,1,0,0,7771,13,0,false,false,32,0.2868,1.0000,18
2026-05-06 14:13:42,run_1778060708817,40,70,3970,v3,16,true,32,55,0,0.0,58,73.9158,-10.7199,63.1960,0.22622,MAX_STEPS,3,F0:31|F1:11|F2:10|F3:6,28939,0,0,0,0,0,2,0,0,28937,54,0,false,false,32,0.3252,1.0000,19
2026-05-06 14:13:59,run_1778060708817,40,80,3980,v3,16,true,32,51,0,0.0,52,60.1218,-13.9841,46.1377,0.22537,AGENT_STOP,4,F0:25|F1:12|F2:6|F3:4|F4:5,26922,0,0,0,0,0,0,0,0,26922,58,0,false,false,32,0.3347,1.0000,19
2026-05-06 14:14:21,run_1778060708817,40,90,3990,v3,16,true,32,31,0,0.0,31,24.5760,-9.7406,14.8354,0.22453,AGENT_STOP,1,F0:28|F1:3,15934,0,0,0,0,0,0,0,0,15934,32,0,false,false,32,0.3221,1.0000,19
2026-05-06 14:14:43,run_1778060708817,40,100,4000,v3,16,true,32,41,0,0.0,40,37.7302,-16.2333,21.4969,0.22369,AGENT_STOP,2,F0:27|F1:6|F2:7,21654,0,0,0,0,0,0,0,0,21654,38,0,false,false,32,0.3047,1.0000,20
2026-05-06 14:14:54,run_1778060708817,41,10,4010,v3,16,true,32,15,0,0.0,14,8.3528,-10.8447,-2.4919,0.22285,AGENT_STOP,1,F0:11|F1:3,8156,0,0,0,0,0,1,0,0,8155,12,0,false,false,32,0.3040,1.0000,19
2026-05-06 14:15:17,run_1778060708817,41,20,4020,v3,16,true,32,39,0,0.0,40,38.5796,-9.1149,29.4648,0.22202,MASK_EMPTY,3,F0:24|F1:7|F2:7|F3:2,20217,0,0,0,0,0,2,0,0,20215,34,0,false,false,32,0.3254,1.0000,19
2026-05-06 14:15:34,run_1778060708817,41,30,4030,v3,16,true,32,28,0,0.0,27,22.5296,-7.7416,14.7880,0.22119,AGENT_STOP,1,F0:19|F1:8,15230,0,0,0,0,0,0,0,0,15230,26,0,false,false,32,0.3269,1.0000,18
2026-05-06 14:15:49,run_1778060708817,41,40,4040,v3,16,true,32,9,0,0.0,8,4.4000,-5.6427,-1.2427,0.22036,AGENT_STOP,0,F0:8,5207,0,0,0,0,0,0,0,0,5207,7,0,false,false,32,0.2748,1.0000,15
2026-05-06 14:16:03,run_1778060708817,41,50,4050,v3,16,true,32,23,0,0.0,24,15.8716,-21.0403,-5.1687,0.21954,AGENT_STOP,1,F0:16|F1:8,12192,0,0,0,0,0,0,0,0,12192,24,0,false,false,32,0.3145,1.0000,19
2026-05-06 14:16:26,run_1778060708817,41,60,4060,v3,16,true,32,55,0,0.0,57,69.8079,-20.0862,49.7218,0.21872,MAX_STEPS,2,F0:38|F1:16|F2:3,28318,0,0,0,0,0,0,0,0,28318,52,0,false,false,32,0.3200,1.0000,19
2026-05-06 14:16:46,run_1778060708817,41,70,4070,v3,16,true,32,20,0,0.0,19,12.1943,-8.3008,3.8935,0.21790,MASK_EMPTY,2,F0:14|F1:3|F2:2,9801,0,0,0,0,0,1,0,0,9800,14,0,false,false,32,0.3056,1.0000,20
2026-05-06 14:17:04,run_1778060708817,41,80,4080,v3,16,true,32,19,0,0.0,20,13.8036,-4.4145,9.3891,0.21709,AGENT_STOP,1,F0:11|F1:9,9961,0,0,0,0,0,0,0,0,9961,15,0,false,false,32,0.2973,1.0000,18
2026-05-06 14:17:26,run_1778060708817,41,90,4090,v3,16,true,32,55,5,9.1,52,40.2388,-8.6617,31.5771,0.21628,MAX_STEPS,3,F0:27|F1:12|F2:11|F3:2,28737,5,0,0,0,0,1,0,0,28731,55,0,false,false,32,0.3220,1.0000,20
2026-05-06 14:17:43,run_1778060708817,41,100,4100,v3,16,true,32,9,0,0.0,8,5.1200,-4.7055,0.4145,0.21547,AGENT_STOP,0,F0:8,5201,0,0,0,0,0,0,0,0,5201,9,0,false,false,32,0.2779,1.0000,15
2026-05-06 14:18:05,run_1778060708817,42,10,4110,v3,16,true,32,55,0,0.0,55,68.0785,-11.9548,56.1238,0.21466,MAX_STEPS,2,F0:31|F1:19|F2:5,27729,0,0,0,0,0,0,0,0,27729,61,0,false,false,32,0.3087,1.0000,20
2026-05-06 14:18:31,run_1778060708817,42,20,4120,v3,16,true,32,55,19,34.5,36,14.5620,-7.8421,6.7199,0.21386,MAX_STEPS,1,F0:27|F1:9,25728,19,0,0,0,0,0,0,0,25709,67,0,false,false,32,0.2843,1.0000,20
2026-05-06 14:18:58,run_1778060708817,42,30,4130,v3,16,true,32,21,0,0.0,21,16.2928,-7.7344,8.5583,0.21306,AGENT_STOP,3,F0:11|F1:5|F2:4|F3:1,11329,0,0,0,0,0,0,0,0,11329,27,0,false,false,32,0.3167,1.0000,19
2026-05-06 14:19:19,run_1778060708817,42,40,4140,v3,16,true,32,12,0,0.0,11,6.7800,-5.4956,1.2844,0.21227,AGENT_STOP,1,F0:8|F1:3,5743,0,0,0,0,0,0,0,0,5743,10,0,false,false,32,0.3180,1.0000,18
2026-05-06 14:19:39,run_1778060708817,42,50,4150,v3,16,true,32,25,0,0.0,24,19.1035,-8.6404,10.4631,0.21147,AGENT_STOP,2,F0:12|F1:5|F2:7,13311,0,0,0,0,0,1,0,0,13310,26,0,false,false,32,0.3117,1.0000,19
2026-05-06 14:19:54,run_1778060708817,42,60,4160,v3,16,true,32,33,0,0.0,33,30.2343,-8.9862,21.2481,0.21068,AGENT_STOP,2,F0:15|F1:14|F2:4,18051,0,0,0,0,0,0,0,0,18051,31,0,false,false,32,0.3098,1.0000,20
2026-05-06 14:20:12,run_1778060708817,42,70,4170,v3,16,true,32,46,10,21.7,35,13.8664,-8.2594,5.6070,0.20989,AGENT_STOP,1,F0:28|F1:7,22395,10,0,0,0,0,0,0,0,22385,41,0,false,false,32,0.2801,1.0000,19
2026-05-06 14:20:35,run_1778060708817,42,80,4180,v3,16,true,32,55,4,7.3,51,37.5499,-18.3649,19.1850,0.20911,MAX_STEPS,2,F0:37|F1:11|F2:3,25793,4,0,0,0,0,1,0,0,25788,46,0,false,false,32,0.3084,1.0000,20
2026-05-06 14:20:50,run_1778060708817,42,90,4190,v3,16,true,32,11,0,0.0,10,5.4008,-7.6029,-2.2021,0.20833,AGENT_STOP,1,F0:8|F1:2,5381,0,0,0,0,0,0,0,0,5381,12,0,false,false,32,0.2967,1.0000,19
2026-05-06 14:21:12,run_1778060708817,42,100,4200,v3,16,true,32,55,0,0.0,56,69.6141,-11.2932,58.3208,0.20755,MAX_STEPS,3,F0:28|F1:12|F2:11|F3:5,28116,0,0,0,0,0,0,0,0,28116,52,0,false,false,32,0.3245,1.0000,20
2026-05-06 14:21:36,run_1778060708817,43,10,4210,v3,16,true,32,7,0,0.0,6,2.6200,-7.2398,-4.6198,0.20677,AGENT_STOP,0,F0:6,3488,0,0,0,0,0,0,0,0,3488,1,0,false,false,32,0.2558,1.0000,15
2026-05-06 14:21:53,run_1778060708817,43,20,4220,v3,16,true,32,26,0,0.0,25,18.8014,-11.6800,7.1215,0.20600,AGENT_STOP,2,F0:17|F1:7|F2:1,13372,0,0,0,0,0,0,0,0,13372,46,0,false,false,32,0.3058,1.0000,19
2026-05-06 14:22:07,run_1778060708817,43,30,4230,v3,16,true,32,39,0,0.0,39,36.6706,-9.2309,27.4398,0.20523,AGENT_STOP,2,F0:28|F1:10|F2:1,19557,0,0,0,0,0,0,0,0,19557,39,0,false,false,32,0.3160,1.0000,18
2026-05-06 14:22:31,run_1778060708817,43,40,4240,v3,16,true,32,36,0,0.0,36,39.2399,-10.2422,28.9977,0.20446,AGENT_STOP,5,F0:21|F1:5|F2:3|F3:4|F4:2|F5:1,19133,0,0,0,0,0,0,0,0,19133,30,0,false,false,32,0.3472,1.0000,18
2026-05-06 14:22:44,run_1778060708817,43,50,4250,v3,16,true,32,8,0,0.0,7,4.3400,-4.8203,-0.4803,0.20370,AGENT_STOP,0,F0:7,3470,0,0,0,0,0,0,0,0,3470,8,0,false,false,32,0.2652,1.0000,15
2026-05-06 14:23:06,run_1778060708817,43,60,4260,v3,16,true,32,55,0,0.0,58,69.9177,-11.0320,58.8856,0.20294,MAX_STEPS,4,F0:29|F1:19|F2:5|F3:3|F4:2,27911,0,0,0,0,0,1,0,0,27910,50,0,false,false,32,0.3254,1.0000,20
2026-05-06 14:23:20,run_1778060708817,43,70,4270,v3,16,true,32,8,0,0.0,7,4.2800,-4.8503,-0.5703,0.20218,AGENT_STOP,0,F0:7,3910,0,0,0,0,0,0,0,0,3910,6,0,false,false,32,0.2932,1.0000,15
2026-05-06 14:23:37,run_1778060708817,43,80,4280,v3,16,true,32,34,0,0.0,33,31.5968,-9.3553,22.2415,0.20142,AGENT_STOP,2,F0:16|F1:10|F2:7,18665,0,0,0,0,0,0,0,0,18665,53,0,false,false,32,0.3021,1.0000,20
2026-05-06 14:23:57,run_1778060708817,43,90,4290,v3,16,true,32,40,0,0.0,40,40.9280,-8.7129,32.2151,0.20067,AGENT_STOP,2,F0:21|F1:12|F2:7,20486,0,0,0,0,0,0,0,0,20486,39,0,false,false,32,0.3187,1.0000,19
2026-05-06 14:24:15,run_1778060708817,43,100,4300,v3,16,true,32,12,0,0.0,11,7.4588,-5.0367,2.4221,0.19992,AGENT_STOP,2,F0:7|F1:3|F2:1,6199,0,0,0,0,0,0,0,0,6199,9,0,false,false,32,0.3146,1.0000,18
2026-05-06 14:24:37,run_1778060708817,44,10,4310,v3,16,true,32,7,0,0.0,6,3.1700,-5.5411,-2.3711,0.19917,AGENT_STOP,0,F0:6,3713,0,0,0,0,0,0,0,0,3713,4,0,false,false,32,0.2671,1.0000,15
2026-05-06 14:24:55,run_1778060708817,44,20,4320,v3,16,true,32,14,0,0.0,13,8.6700,-5.6054,3.0646,0.19843,AGENT_STOP,1,F0:10|F1:3,8038,0,0,0,0,0,0,0,0,8038,11,0,false,false,32,0.3143,1.0000,18
2026-05-06 14:25:12,run_1778060708817,44,30,4330,v3,16,true,32,11,0,0.0,10,4.9000,-7.7622,-2.8622,0.19769,AGENT_STOP,0,F0:10,5833,0,0,0,0,0,0,0,0,5833,7,0,false,false,32,0.2693,1.0000,15
2026-05-06 14:25:34,run_1778060708817,44,40,4340,v3,16,true,32,6,0,0.0,5,2.1500,-10.1516,-8.0016,0.19695,AGENT_STOP,0,F0:5,3513,0,0,0,0,0,0,0,0,3513,6,0,false,false,32,0.2617,1.0000,14
2026-05-06 14:25:55,run_1778060708817,44,50,4350,v3,16,true,32,31,0,0.0,30,28.3244,-8.0093,20.3151,0.19621,AGENT_STOP,2,F0:19|F1:10|F2:1,16028,0,0,0,0,0,0,0,0,16028,25,0,false,false,32,0.3041,1.0000,19
2026-05-06 14:26:15,run_1778060708817,44,60,4360,v3,16,true,32,55,0,0.0,55,71.9652,-9.4284,62.5369,0.19548,MAX_STEPS,4,F0:29|F1:12|F2:7|F3:3|F4:4,26948,0,0,0,0,0,0,0,0,26948,63,0,false,false,32,0.3193,1.0000,20
2026-05-06 14:26:33,run_1778060708817,44,70,4370,v3,16,true,32,29,0,0.0,29,25.0622,-8.6066,16.4557,0.19475,AGENT_STOP,2,F0:17|F1:8|F2:4,15318,0,0,0,0,0,1,0,0,15317,25,0,false,false,32,0.3096,1.0000,18
2026-05-06 14:26:51,run_1778060708817,44,80,4380,v3,16,true,32,35,5,14.3,31,20.1025,-24.4784,-4.3759,0.19402,AGENT_STOP,3,F0:25|F1:3|F2:2|F3:1,17288,5,0,0,0,0,0,0,0,17283,50,0,false,false,32,0.3197,1.0000,19
2026-05-06 14:27:08,run_1778060708817,44,90,4390,v3,16,true,32,11,0,0.0,10,5.2520,-8.7113,-3.4593,0.19330,AGENT_STOP,1,F0:9|F1:1,5732,0,0,0,0,0,0,0,0,5732,15,0,false,false,32,0.2951,1.0000,18
2026-05-06 14:27:28,run_1778060708817,44,100,4400,v3,16,true,32,22,0,0.0,21,15.1840,-5.8861,9.2979,0.19257,AGENT_STOP,1,F0:11|F1:10,11881,0,0,0,0,0,0,0,0,11881,14,0,false,false,32,0.2996,1.0000,20
2026-05-06 14:27:49,run_1778060708817,45,10,4410,v3,16,true,32,11,0,0.0,10,5.7500,-6.6367,-0.8867,0.19185,AGENT_STOP,1,F0:7|F1:3,5902,0,0,0,0,0,0,0,0,5902,7,0,false,false,32,0.3068,1.0000,19
2026-05-06 14:28:10,run_1778060708817,45,20,4420,v3,16,true,32,51,0,0.0,51,58.8020,-12.4935,46.3085,0.19114,AGENT_STOP,2,F0:31|F1:15|F2:5,25396,0,0,0,0,0,0,0,0,25396,53,0,false,false,32,0.3122,1.0000,20
2026-05-06 14:28:33,run_1778060708817,45,30,4430,v3,16,true,32,55,10,18.2,46,30.1123,-11.6546,18.4577,0.19042,MAX_STEPS,3,F0:28|F1:5|F2:10|F3:3,28379,10,0,0,0,0,0,0,0,28369,47,0,false,false,32,0.3194,1.0000,20
2026-05-06 14:28:54,run_1778060708817,45,40,4440,v3,16,true,32,9,0,0.0,8,4.4000,-5.3130,-0.9130,0.18971,AGENT_STOP,0,F0:8,5614,0,0,0,0,0,0,0,0,5614,4,0,false,false,32,0.2852,1.0000,15
